rebalance_date,sector,sector_rank,sector_weight,sector_ret_30,sector_ret_60,sector_ret_90,sector_rel_btc_60,breadth_positive_30,breadth_above_ma20,leader_momentum,top2_momentum,member_count,sector_ret_21,sector_rel_btc_30,leader_vs_sector,sector_lead_score
2021-11-04,Meme,1,0.6,0.9473250841212097,2.6887996293917604,3.555973064056479,2.5021728693941085,1.0,1.0,3.9519509692389643,1.991497043689429,2.0,0.9473250841212097,0.7542498303606961,1.2631513398472038,0.9875
2021-11-04,Smart Contract Platform / L1,2,0.4,0.2036352020250854,0.2541188075528456,1.9124613910030135,0.06749204755519395,0.5714285714285714,0.8571428571428571,1.523329614898934,1.355312058268022,7.0,0.2036352020250854,0.010559948264571795,1.2692108073460884,0.7999999999999999
2022-03-24,Store of Value,1,0.6,0.48793066328108803,0.5729787348683125,0.08332840991465773,0.3602751387908053,1.0,1.0,0.7531356568354223,0.4325246340839693,2.0,0.48793066328108803,0.33796051870765487,0.18015692196710975,0.91875
2022-03-24,Smart Contract Platform / L1,2,0.4,0.24221554147518018,0.07506073860374034,inf,-0.13764285747376687,1.0,1.0,inf,inf,8.0,0.24221554147518018,0.09224539690174702,inf,0.9125
2022-04-07,Smart Contract Platform / L1,1,0.6,0.37973004679693695,0.01811272401854978,inf,-0.0067337772767078925,1.0,0.42857142857142855,inf,inf,7.0,0.37973004679693695,0.2579785579658796,inf,0.95625
2022-04-07,DeFi,2,0.4,0.6629684418145956,0.16554345947814064,-0.043759746703842084,0.14069695818288297,1.0,1.0,0.37239530940997156,0.37239530940997156,1.0,0.6629684418145956,0.5412169529835382,0.20685184993183092,0.8625
2023-01-12,Smart Contract Platform / L1,1,0.6,0.10848549949602636,0.1769185356102164,0.05524021879684463,0.021067873306376356,0.8333333333333334,1.0,0.4606395331096242,0.28788998257953036,6.0,0.10848549949602636,0.0480826488019178,0.2837209974994078,1.0
2023-01-12,Payments,2,0.4,0.03052905981446663,0.30223828197899827,0.222538717934038,0.14638761967515823,0.5,1.0,0.34258045603462656,0.15044375808774038,2.0,0.03052905981446663,-0.029873790879641926,0.04034217405562829,0.73
2023-01-26,Smart Contract Platform / L1,1,0.6,0.777484320670582,0.641170503258396,0.12988199489218472,0.2399566820662179,1.0,1.0,1.3186017445010494,1.0431890277833757,5.0,0.777484320670582,0.3997354574601709,0.6774312412426534,1.0
2023-01-26,Store of Value,2,0.4,0.3777488632104111,0.4012138211921781,0.11695499344899418,0.0,1.0,1.0,0.3326295766526578,0.3326295766526578,1.0,0.3777488632104111,0.0,-0.06858424453952028,0.7400000000000001
2023-03-09,Smart Contract Platform / L1,1,0.6,-0.22657190823957973,0.27663847856713775,0.3678082381246222,0.08648271030376031,0.0,0.0,0.3000514924400185,0.14617788283383656,4.0,-0.22657190823957973,-0.10261683706099378,0.02341301387288075,0.825
2023-03-09,Store of Value,2,0.4,-0.12395507117858595,0.19015576826337743,0.18938859159740407,0.0,0.0,0.0,0.03294691320920107,0.03294691320920107,1.0,-0.12395507117858595,0.0,-0.15720885505417637,0.7875000000000001
2023-03-23,Smart Contract Platform / L1,1,0.6,0.02145351190741209,0.1954541595709281,1.045031218706041,-0.0524310475103868,0.4,1.0,0.7002540680662808,0.5284078575694393,5.0,0.02145351190741209,-0.13785611366261716,0.5047999084953527,0.825
2023-03-23,Store of Value,2,0.4,0.15930962557002926,0.2478852070813149,0.6891574205781905,0.0,1.0,1.0,0.2918518590250472,0.2918518590250472,1.0,0.15930962557002926,0.0,0.04396665194373228,0.8125000000000001
2023-11-02,Oracle / Middleware,1,0.6,0.48603050344176,0.825870646766169,0.5435300714986682,0.4802677771447357,1.0,1.0,0.5994824600504642,0.5994824600504642,1.0,0.48603050344176,0.21191977400765705,-0.2263881867157047,0.85
2023-11-02,Smart Contract Platform / L1,2,0.4,0.19876929987116373,0.24819075918141884,0.050110646314012665,-0.09741211044001444,1.0,1.0,0.8229442478984247,0.5205055149222142,6.0,0.19876929987116373,-0.07534142956293924,0.5747534887170058,0.82
2023-11-16,Smart Contract Platform / L1,1,0.6,0.7530871544403163,0.7853473518373371,0.582801248549384,0.4224311173349491,1.0,1.0,1.669076645186424,1.4889758414249987,8.0,0.7530871544403163,0.4801865079655153,0.883729293349087,0.93
2023-11-16,Oracle / Middleware,2,0.4,0.8935153583617745,1.254917899528532,1.2468815810788918,0.892001665026144,1.0,1.0,1.072609365255225,1.072609365255225,1.0,0.8935153583617745,0.6206147118869736,-0.18230853427330684,0.81
2023-11-30,Smart Contract Platform / L1,1,0.6,0.36165067223780084,0.5439707119365491,0.6848931623264188,0.19622145681474112,1.0,0.6666666666666666,1.1302849022083161,1.081335229260329,6.0,0.36165067223780084,0.2730167657470988,0.586314190271767,1.0
2023-11-30,Oracle / Middleware,2,0.4,0.26848591549295775,0.7909520258513549,1.4263343997305942,0.44320277072954695,1.0,0.0,0.6567954454480042,0.6567954454480042,1.0,0.26848591549295775,0.17985200900225573,-0.13415658040335077,0.7400000000000001
2023-12-14,Smart Contract Platform / L1,1,0.6,0.5602804786458666,1.757682436510703,1.7905222203706859,1.1743601110941164,1.0,1.0,2.270368007221566,2.1708035818175953,9.0,0.5602804786458666,0.34989692208056256,0.5126855707108628,1.0
2023-12-14,Meme,2,0.4,0.28382274853777933,0.5519818649908522,0.46393532739459686,-0.03134046042573446,1.0,1.0,0.4911298263458656,0.4002929992450647,2.0,0.28382274853777933,0.07343919197247528,-0.06085203864498662,0.6500000000000001
2023-12-28,Smart Contract Platform / L1,1,0.6,0.7128102613663768,1.3819228738998677,2.0050686602412116,1.1487254977598047,1.0,0.9090909090909091,1.8801092698335224,1.8451562851877625,11.0,0.7128102613663768,0.5872094877245381,0.49818639593365477,1.0
2023-12-28,Exchange / Trading Infrastructure,2,0.4,0.40540775895850567,0.4214999779803583,0.5020009306654256,0.18830260184029535,1.0,1.0,0.4295540590064454,0.4295540590064454,1.0,0.40540775895850567,0.2798069853166669,0.008054081026087068,0.75
2024-01-11,Smart Contract Platform / L1,1,0.6,0.4526153098954348,0.8951625872222063,2.4066078833017226,0.645069544548791,1.0,0.6363636363636364,1.8756853788516246,1.6617865355863506,11.0,0.4526153098954348,0.33494316029620225,0.9805227916294182,1.0
2024-01-11,Store of Value,2,0.4,0.28825943606132165,0.3628331614164685,0.8600772165870225,0.11274011874305312,1.0,1.0,0.5710171781936589,0.42499510977300586,2.0,0.28825943606132165,0.1705872864620891,0.20818401677719045,0.78
2024-01-25,Smart Contract Platform / L1,1,0.6,0.05041808608519185,0.5455024096295669,1.1520233923157073,0.4792579865470481,0.4,0.2,0.7713800143162428,0.6515928559657347,5.0,0.05041808608519185,0.11099528144933993,0.22587760468667595,1.0
2024-01-25,Store of Value,2,0.4,-0.06057719536414807,0.06624442308251877,0.17795485981060355,0.0,0.0,0.0,0.025175701204802302,0.025175701204802302,1.0,-0.06057719536414807,0.0,-0.041068721877716464,0.6333333333333333
2024-02-08,Smart Contract Platform / L1,1,0.6,0.13594103799202253,0.36935662355064425,0.8233778835988728,0.33480804387784335,0.8571428571428571,1.0,1.1176023772799475,0.7120764403639757,7.0,0.13594103799202253,0.15368467999275973,0.7482457537293032,0.93
2024-02-08,Oracle / Middleware,2,0.4,0.32798833819241957,0.11301160659743426,0.17472598323662147,0.07846302692463336,1.0,1.0,0.23284284772276434,0.23284284772276434,1.0,0.32798833819241957,0.34573198019315676,0.11983124112533008,0.8700000000000001
2024-02-22,Smart Contract Platform / L1,1,0.6,0.3257118803447449,0.2996625037992156,0.9600471473472848,0.10812479105313871,1.0,0.5714285714285714,0.9936796663279308,0.8615589697344244,7.0,0.3257118803447449,0.04014902668980497,0.6940171625287153,0.86
2024-02-22,Oracle / Middleware,2,0.4,0.5819250668193956,0.3546330501915709,0.578215740643471,0.16309533744549398,1.0,0.6666666666666666,0.7006894694334658,0.649985478542396,3.0,0.5819250668193956,0.29636221316445566,0.3460564192418949,0.8500000000000001
2024-03-07,Meme,1,0.6,1.7859538418299643,1.7529424100460793,1.3208650781956495,1.2301467137635964,1.0,1.0,2.445508862470786,1.6830326595679357,2.0,1.7859538418299643,1.2327905853091325,0.6925664524247068,1.0
2024-03-07,Smart Contract Platform / L1,2,0.4,0.4409963706645647,0.5325797397290516,0.7700539628212878,0.009784043446568691,1.0,0.9,0.9931650005705814,0.8306138922334019,10.0,0.4409963706645647,-0.11216688585626705,0.46058526084152984,0.6000000000000001
2024-03-21,Meme,1,0.6,1.2965777250098942,1.3662585761588488,1.0629717504717506,0.7907725966692292,1.0,0.0,1.7667019632758392,1.2707607854469518,2.0,1.2965777250098942,1.0435887499672354,0.40044338711699035,0.9833333333333334
2024-03-21,Smart Contract Platform / L1,2,0.4,0.25622477967962737,0.5074994345276177,0.5051637090308609,-0.06798654496200196,0.7272727272727273,0.45454545454545453,0.9934600025049123,0.9094904336101048,11.0,0.25622477967962737,0.0032358046369685423,0.4859605679772946,0.7333333333333333
2024-04-04,Smart Contract Platform / L1,1,0.6,0.18273113969768545,0.5683438234366471,inf,-0.04132148007019465,0.5555555555555556,0.2222222222222222,inf,inf,9.0,0.18273113969768545,0.1087597293919858,inf,0.8833333333333333
2024-04-04,Payments,2,0.4,0.2862476896022181,0.8266146075373841,0.7662160830301366,0.21694930403054236,1.0,0.6666666666666666,1.2319070399264382,0.7858269589669569,3.0,0.2862476896022181,0.21227627929651843,0.4052924323890541,0.8000000000000002
2024-04-18,Meme,1,0.6,0.0500529460706452,1.0636972071993909,1.1953325114718167,0.8455917961785742,0.5,0.0,0.6504250999521055,0.5832021374895031,2.0,0.0500529460706452,0.024421858166468413,-0.41327210724728536,0.7400000000000001
2024-04-18,Exchange / Trading Infrastructure,2,0.4,0.08844918310636363,0.5793251358307119,0.7562007122869496,0.36121972480989517,1.0,0.0,0.3692622747597853,0.3692622747597853,1.0,0.08844918310636363,0.06281809520218684,-0.2100628610709266,0.7200000000000001
2024-05-02,Smart Contract Platform / L1,1,0.6,-0.18434214814248992,-0.062325976070199705,0.1970177404843327,0.0020543358344366283,0.14285714285714285,0.14285714285714285,0.6058172014256875,0.2883467647699594,7.0,-0.18434214814248992,-0.08684297260606164,0.6681431774958873,0.825
2024-05-02,Store of Value,2,0.4,-0.09749917553642828,-0.06438031190463633,0.36826100680125906,0.0,0.0,0.0,0.0055885200206467756,0.0055885200206467756,1.0,-0.09749917553642828,0.0,0.06996883192528311,0.675
2024-05-16,Smart Contract Platform / L1,1,0.6,0.05539729240860637,-0.11641211752743143,0.398712854739878,-0.07086329792894132,0.5714285714285714,0.42857142857142855,0.6930632709599482,0.6020206245076751,7.0,0.05539729240860637,0.033057508594503085,0.8094753884873797,0.8833333333333333
2024-05-16,Exchange / Trading Infrastructure,2,0.4,0.05823636566415091,-0.0033960612691467107,0.5787853577371045,0.0421527583293434,1.0,0.0,0.14385643599875234,0.14385643599875234,1.0,0.05823636566415091,0.035896581850047626,0.14725249726789905,0.7083333333333334
2024-05-30,Oracle / Middleware,1,0.6,0.3673780487804881,-0.06416275430359941,-0.10568295114656023,-0.02256131075011103,1.0,1.0,0.14330360786985216,0.14330360786985216,1.0,0.3673780487804881,0.24018499181918407,0.20746636217345157,0.7766666666666666
2024-05-30,Smart Contract Platform / L1,2,0.4,0.11224476334219133,-0.1900519819916277,0.024354006124099454,-0.14845053843813932,0.7142857142857143,0.42857142857142855,0.4603417116019624,0.3119374057113717,7.0,0.11224476334219133,-0.01494829361911268,0.6503936935935901,0.7333333333333333
2024-06-13,Smart Contract Platform / L1,1,0.6,0.030637300521490243,-0.11227896869479848,-0.15585244553294147,-0.1271332299777419,0.7142857142857143,0.14285714285714285,0.3114547439405042,0.2140461098116132,7.0,0.030637300521490243,-0.053752435829431594,0.4237337126353027,0.8200000000000001
2024-06-13,Store of Value,2,0.4,0.08438973635092184,0.014854261282943426,-0.03963961812091077,0.0,1.0,0.0,0.038723222936161796,0.038723222936161796,1.0,0.08438973635092184,0.0,0.02386896165321837,0.7550000000000001
2024-10-17,Smart Contract Platform / L1,1,0.6,0.27255659627252726,0.3705702237584228,0.12774471395287856,0.21708340446138236,0.8571428571428571,0.42857142857142855,1.075917239963807,0.9561136455919744,7.0,0.27255659627252726,0.15506499832227438,0.7053470162053843,0.93
2024-10-17,Meme,2,0.4,0.28189910979228494,0.2947052947052946,0.03266932270916323,0.14121847540825416,1.0,1.0,0.23589500784956347,0.23589500784956347,1.0,0.28189910979228494,0.16440751184203206,-0.05881028685573114,0.8300000000000001
2024-10-31,Meme,1,0.6,0.29939620197819095,0.5278696991113087,0.33473072470592846,0.30289454494153645,1.0,0.5,0.5537189498229992,0.37500515566367376,2.0,0.29939620197819095,0.14447811175094005,0.02584925071169053,0.8916666666666668
2024-10-31,Smart Contract Platform / L1,2,0.4,0.0045005136510546705,0.422331784648594,0.3763101534230947,0.1973566304788218,0.42857142857142855,0.14285714285714285,0.9531372343108941,0.6603550729973593,7.0,0.0045005136510546705,-0.15041757657619623,0.5308054496623001,0.825
2024-11-14,Meme,1,0.6,1.1193801000401729,1.6918299034456001,1.7534594725568011,1.2150737885093337,1.0,1.0,2.32477497852999,1.866382771694865,3.0,1.1193801000401729,0.8171420668814422,0.6329450750843899,0.9833333333333334
2024-11-14,Smart Contract Platform / L1,2,0.4,0.27223767896039847,0.5967370637196241,0.6862564001011702,0.11998094878335763,0.9,0.9,1.5706242508597628,1.21899407196692,10.0,0.27223767896039847,-0.03000035419833219,0.9738871871401387,0.7333333333333333
2024-11-28,Payments,1,0.6,2.074864121041915,1.7624997279579921,2.094768392469745,1.3043756170867762,1.0,1.0,4.131573573077388,2.929944534891735,4.0,2.074864121041915,1.7593308153107823,2.3690738451193956,1.0
2024-11-28,Meme,2,0.4,0.8105564911740649,1.2742466858334323,1.8829862475442045,0.8161225749622163,1.0,1.0,1.9011952184046104,1.164149500845903,2.0,0.8105564911740649,0.4950231854429322,0.6269485325711781,0.8142857142857143
2024-12-12,Payments,1,0.6,2.134038950455381,3.158276037184012,2.9722320967875833,2.566631654794722,1.0,0.75,4.071414274269825,3.472352072748136,4.0,2.134038950455381,1.9977217493114534,0.9131382370858132,1.0
2024-12-12,Smart Contract Platform / L1,2,0.4,0.4682363331264604,0.8633928602644295,1.1094534989178761,0.27174847787513945,1.0,0.6363636363636364,1.5711005344385462,1.3894473625937298,11.0,0.4682363331264604,0.33191913198253287,0.7077076741741167,0.7166666666666667
2024-12-26,Payments,1,0.6,0.37275763348428387,2.7984226072459135,2.3124045234955184,2.390224905394096,0.75,0.0,2.686382267454783,2.2200120252188835,4.0,0.37275763348428387,0.33166796905332235,-0.1120403397911307,0.98
2024-12-26,Smart Contract Platform / L1,2,0.4,-0.04547420603406508,0.4959966107243961,0.3845424049067578,0.08779890887257863,0.3,0.0,0.8254589496604835,0.7307621619001565,10.0,-0.04547420603406508,-0.08656387046502659,0.3294623389360874,0.68
2025-01-09,Exchange / Trading Infrastructure,1,0.6,1.2972483707458364,3.9071925754060324,4.853321033210332,3.756517754012918,1.0,1.0,2.7914461646367945,2.7914461646367945,1.0,1.2972483707458364,1.3397669941627788,-1.1157464107692379,0.9142857142857143
2025-01-09,Payments,2,0.4,-0.07245096041378943,2.4245685583896672,2.81775599869446,2.273893736996553,0.0,0.5,1.9772970441788067,1.7290941608747104,4.0,-0.07245096041378943,-0.02993233699684697,-0.44727151421086053,0.7000000000000001
2025-01-23,Exchange / Trading Infrastructure,1,0.6,0.2254821812236718,1.7786597775194715,2.730935112153139,1.7183069042775632,0.5,0.5,2.3359149345002397,1.1925260462983052,2.0,0.2254821812236718,0.1714601160402205,0.5572551569807682,0.9571428571428571
2025-01-23,Payments,2,0.4,0.12227675703152038,0.6021666888351392,3.8504015523659025,0.5418138155932309,0.75,0.75,1.569317905196999,1.555164885867507,4.0,0.12227675703152038,0.06825469184806907,0.9671512163618597,0.9
2025-02-06,Exchange / Trading Infrastructure,1,0.6,0.02635588056063387,1.5355664283025967,4.481692432872253,1.581277948069261,1.0,0.0,1.3701863553455467,1.3701863553455467,1.0,0.02635588056063387,0.0302571634555302,-0.16538007295705004,0.9166666666666667
2025-02-06,Payments,2,0.4,-0.10824080108667844,-0.2553486566639732,2.2795773847857,-0.209637136897309,0.25,0.0,0.6196411994979263,0.5487147969424815,4.0,-0.10824080108667844,-0.10433951819178211,0.8749898561618995,0.7916666666666666
2025-02-20,Payments,1,0.6,-0.1544766859496082,0.084854878743295,0.44122150447873665,0.05071139028614957,0.25,0.75,0.2266954671987645,0.19076639250572752,4.0,-0.1544766859496082,-0.0809059156436395,0.14184058845546949,0.8166666666666667
2025-02-20,Exchange / Trading Infrastructure,2,0.4,-0.3732189791119104,0.09418014972228916,2.0186542305129915,0.06003666126514373,0.0,0.0,0.24537540146332992,0.24537540146332992,1.0,-0.3732189791119104,-0.2996482088059417,0.15119525174104076,0.6916666666666668
2025-05-15,Meme,1,0.6,0.6157325099894272,0.5652317478996286,0.048947198075368514,0.31064227988621085,1.0,1.0,0.8971994546780281,0.620443995817354,3.0,0.6157325099894272,0.3771302575620118,0.3319677067783995,0.9857142857142858
2025-05-15,Smart Contract Platform / L1,2,0.4,0.39813054255283226,0.303973408632052,-0.014859778948290658,0.04938394061863427,1.0,1.0,0.6852095548091233,0.5548223470453642,8.0,0.39813054255283226,0.15952829012541686,0.38123614617707124,0.7928571428571428
2025-05-29,Privacy,1,0.6,0.346039939992806,0.5952792381291581,0.5937425717376756,0.2862378962833334,1.0,0.0,0.4703522557826855,0.4703522557826855,1.0,0.346039939992806,0.2112667512901083,-0.12492698234647254,0.9142857142857143
2025-05-29,Smart Contract Platform / L1,2,0.4,0.12576374307699678,0.24131836236767223,0.1256213011276496,-0.06772297947815242,1.0,0.375,0.42713524418981913,0.32741741722614465,8.0,0.12576374307699678,-0.00900944562570094,0.1858168818221469,0.7214285714285714
2025-06-12,Smart Contract Platform / L1,1,0.6,-0.07102581915241454,0.2630324207575402,0.1992054770915871,-0.03493463957831666,0.25,0.5,0.36882166931467014,0.272828725293096,8.0,-0.07102581915241454,-0.1274344938640953,0.10578924855712996,0.8214285714285714
2025-06-12,Store of Value,2,0.4,0.05640867471168076,0.29796706033585685,0.29387901623286106,0.0,1.0,1.0,0.17637025870316964,0.17637025870316964,1.0,0.05640867471168076,0.0,-0.12159680163268721,0.8000000000000002
2025-06-26,Exchange / Trading Infrastructure,1,0.6,0.09433551325165905,0.2302564530817018,0.2084980020447245,0.0971845705870805,0.3333333333333333,0.3333333333333333,0.5719544739123802,0.28926893790069225,3.0,0.09433551325165905,0.11389328770210021,0.34169802083067835,1.0
2025-06-26,Payments,2,0.4,-0.06979309546829186,-0.013747994315374167,0.04520041468656375,-0.14681987680999548,0.2,0.4,0.2985070949154218,0.13414374964028197,5.0,-0.06979309546829186,-0.050235321017850706,0.312255089230796,0.8071428571428572
2025-07-10,Exchange / Trading Infrastructure,1,0.6,0.23610483699626028,0.2798502175171498,0.4084401185506049,0.2158475895369658,1.0,1.0,0.5335622644500162,0.28369550746339606,2.0,0.23610483699626028,0.22643731969179448,0.2537120469328664,0.9714285714285714
2025-07-10,Payments,2,0.4,0.050355915209462185,-0.05724515358232696,0.25528901938239945,-0.12124778156251093,0.8,1.0,0.2941481814422384,0.17143165014368472,5.0,0.050355915209462185,0.040688397904996385,0.3513933350245654,0.8714285714285713
2025-07-24,Payments,1,0.6,0.44874974192089623,0.30945912738079306,0.40672468956847235,0.20932414102232755,1.0,1.0,0.6206232301459036,0.5393542742178479,5.0,0.44874974192089623,0.32442759657306575,0.31116410276511053,0.9833333333333334
2025-07-24,Smart Contract Platform / L1,2,0.4,0.2853289666835249,0.09835351690691488,0.23057419076071908,-0.001781469451550638,1.0,1.0,0.5896567049553654,0.4215879657856693,8.0,0.2853289666835249,0.16100682133569444,0.4913031880484505,0.7333333333333333
2025-08-07,Payments,1,0.6,0.4022568367370864,0.41609676989482597,0.3092924115072927,0.3277119043738684,1.0,0.4,0.5368010929435544,0.49802186266881976,5.0,0.4022568367370864,0.3401946527398471,0.12070432304872841,0.9857142857142858
2025-08-07,Smart Contract Platform / L1,2,0.4,0.2430085703554923,0.1512999962115059,0.12791633546873785,0.0629151306905483,1.0,0.2857142857142857,0.4969399866165796,0.34991239253452094,7.0,0.2430085703554923,0.18094638635825303,0.34563999040507376,0.7428571428571429
2025-08-21,Oracle / Middleware,1,0.6,0.3516884628190666,1.2204886060989586,0.5776417922036894,1.0952102902877956,1.0,1.0,0.6575191716799587,0.6575191716799587,1.0,0.3516884628190666,0.3791825411426808,-0.5629694344189999,0.9142857142857143
2025-08-21,Smart Contract Platform / L1,2,0.4,0.003041290834732099,0.45458001332077874,0.13390578102515044,0.32930169750961574,0.2857142857142857,0.7142857142857143,0.4731421382176634,0.34371644502370335,7.0,0.003041290834732099,0.030535369158346266,0.018562124896884635,0.8071428571428572
2025-09-04,Smart Contract Platform / L1,1,0.6,0.19136507179611192,0.6291324977776178,0.5273341042619171,0.5968451847794454,0.75,0.5,1.60566990650731,1.051136539461596,8.0,0.19136507179611192,0.22113062209568876,0.9765374087296921,0.9416666666666668
2025-09-04,Oracle / Middleware,2,0.4,0.38576561757282013,0.791554818064053,0.8321683088950431,0.7592675050658806,1.0,0.0,0.5967829159846346,0.5967829159846346,1.0,0.38576561757282013,0.41553116787239697,-0.1947719020794184,0.8250000000000002
2025-09-18,Smart Contract Platform / L1,1,0.6,0.15840856295768146,0.2284172366375715,0.5834880640844314,0.24067898500312077,0.6666666666666666,0.7777777777777778,0.9127219413260088,0.6651692946102951,9.0,0.15840856295768146,0.15669223858387737,0.6843047046884373,0.8833333333333333
2025-09-18,Exchange / Trading Infrastructure,2,0.4,0.2525754993425827,0.3265385134029929,0.5500340357744783,0.33880026176854217,1.0,1.0,0.3706099178541028,0.33425611084708484,2.0,0.2525754993425827,0.25085917496877863,0.04407140445110991,0.8583333333333335
2025-10-02,Exchange / Trading Infrastructure,1,0.6,0.15374412692050032,0.3328170663633958,0.35966528338315973,0.2799687046076462,1.0,0.5,0.33353483954038393,0.24865024004590086,2.0,0.15374412692050032,0.06817863457317996,0.0007177731769881235,0.8083333333333333
2025-10-02,Smart Contract Platform / L1,2,0.4,0.044902254937134435,0.22965342513953166,0.4606637409216627,0.17680506338378207,0.7777777777777778,0.2222222222222222,0.43410943402439245,0.39428652321386476,9.0,0.044902254937134435,-0.040663237410185925,0.2044560088848608,0.7666666666666667
