,TOP20_MOM_top8_biweekly__bull_only__NO_STOP,TOP20_MOM_top8_biweekly__bull_only__BTC_LT_14D,TOP20_MOM_top8_biweekly__bull_only__BTC_LT_14D_CONFIRM2,TOP20_MOM_top8_biweekly__bull_only__BTC_LT_20DMA
2021-04-22,0.0,0.0,0.0,0.0
2021-04-23,0.0,0.0,0.0,0.0
2021-04-24,0.0,0.0,0.0,0.0
2021-04-25,0.0,0.0,0.0,0.0
2021-04-26,0.0,0.0,0.0,0.0
2021-04-27,0.0,0.0,0.0,0.0
2021-04-28,0.0,0.0,0.0,0.0
2021-04-29,0.0,0.0,0.0,0.0
2021-04-30,0.0,0.0,0.0,0.0
2021-05-01,0.0,0.0,0.0,0.0
2021-05-02,0.0,0.0,0.0,0.0
2021-05-03,0.0,0.0,0.0,0.0
2021-05-04,0.0,0.0,0.0,0.0
2021-05-05,0.0,0.0,0.0,0.0
2021-05-06,0.0,0.0,0.0,0.0
2021-05-07,0.0,0.0,0.0,0.0
2021-05-08,0.0,0.0,0.0,0.0
2021-05-09,0.0,0.0,0.0,0.0
2021-05-10,0.0,0.0,0.0,0.0
2021-05-11,0.0,0.0,0.0,0.0
2021-05-12,0.0,0.0,0.0,0.0
2021-05-13,0.0,0.0,0.0,0.0
2021-05-14,0.0,0.0,0.0,0.0
2021-05-15,0.0,0.0,0.0,0.0
2021-05-16,0.0,0.0,0.0,0.0
2021-05-17,0.0,0.0,0.0,0.0
2021-05-18,0.0,0.0,0.0,0.0
2021-05-19,0.0,0.0,0.0,0.0
2021-05-20,0.0,0.0,0.0,0.0
2021-05-21,0.0,0.0,0.0,0.0
2021-05-22,0.0,0.0,0.0,0.0
2021-05-23,0.0,0.0,0.0,0.0
2021-05-24,0.0,0.0,0.0,0.0
2021-05-25,0.0,0.0,0.0,0.0
2021-05-26,0.0,0.0,0.0,0.0
2021-05-27,0.0,0.0,0.0,0.0
2021-05-28,0.0,0.0,0.0,0.0
2021-05-29,0.0,0.0,0.0,0.0
2021-05-30,0.0,0.0,0.0,0.0
2021-05-31,0.0,0.0,0.0,0.0
2021-06-01,0.0,0.0,0.0,0.0
2021-06-02,0.0,0.0,0.0,0.0
2021-06-03,0.0,0.0,0.0,0.0
2021-06-04,0.0,0.0,0.0,0.0
2021-06-05,0.0,0.0,0.0,0.0
2021-06-06,0.0,0.0,0.0,0.0
2021-06-07,0.0,0.0,0.0,0.0
2021-06-08,0.0,0.0,0.0,0.0
2021-06-09,0.0,0.0,0.0,0.0
2021-06-10,0.0,0.0,0.0,0.0
2021-06-11,0.0,0.0,0.0,0.0
2021-06-12,0.0,0.0,0.0,0.0
2021-06-13,0.0,0.0,0.0,0.0
2021-06-14,0.0,0.0,0.0,0.0
2021-06-15,0.0,0.0,0.0,0.0
2021-06-16,0.0,0.0,0.0,0.0
2021-06-17,0.0,0.0,0.0,0.0
2021-06-18,0.0,0.0,0.0,0.0
2021-06-19,0.0,0.0,0.0,0.0
2021-06-20,0.0,0.0,0.0,0.0
2021-06-21,0.0,0.0,0.0,0.0
2021-06-22,0.0,0.0,0.0,0.0
2021-06-23,0.0,0.0,0.0,0.0
2021-06-24,0.0,0.0,0.0,0.0
2021-06-25,0.0,0.0,0.0,0.0
2021-06-26,0.0,0.0,0.0,0.0
2021-06-27,0.0,0.0,0.0,0.0
2021-06-28,0.0,0.0,0.0,0.0
2021-06-29,0.0,0.0,0.0,0.0
2021-06-30,0.0,0.0,0.0,0.0
2021-07-01,0.0,0.0,0.0,0.0
2021-07-02,0.0,0.0,0.0,0.0
2021-07-03,0.0,0.0,0.0,0.0
2021-07-04,0.0,0.0,0.0,0.0
2021-07-05,0.0,0.0,0.0,0.0
2021-07-06,0.0,0.0,0.0,0.0
2021-07-07,0.0,0.0,0.0,0.0
2021-07-08,0.0,0.0,0.0,0.0
2021-07-09,0.0,0.0,0.0,0.0
2021-07-10,0.0,0.0,0.0,0.0
2021-07-11,0.0,0.0,0.0,0.0
2021-07-12,0.0,0.0,0.0,0.0
2021-07-13,0.0,0.0,0.0,0.0
2021-07-14,0.0,0.0,0.0,0.0
2021-07-15,0.0,0.0,0.0,0.0
2021-07-16,0.0,0.0,0.0,0.0
2021-07-17,0.0,0.0,0.0,0.0
2021-07-18,0.0,0.0,0.0,0.0
2021-07-19,0.0,0.0,0.0,0.0
2021-07-20,0.0,0.0,0.0,0.0
2021-07-21,0.0,0.0,0.0,0.0
2021-07-22,0.0,0.0,0.0,0.0
2021-07-23,0.0,0.0,0.0,0.0
2021-07-24,0.0,0.0,0.0,0.0
2021-07-25,0.0,0.0,0.0,0.0
2021-07-26,0.0,0.0,0.0,0.0
2021-07-27,0.0,0.0,0.0,0.0
2021-07-28,0.0,0.0,0.0,0.0
2021-07-29,0.0,0.0,0.0,0.0
2021-07-30,0.0,0.0,0.0,0.0
2021-07-31,0.0,0.0,0.0,0.0
2021-08-01,0.0,0.0,0.0,0.0
2021-08-02,0.0,0.0,0.0,0.0
2021-08-03,0.0,0.0,0.0,0.0
2021-08-04,0.0,0.0,0.0,0.0
2021-08-05,0.0,0.0,0.0,0.0
2021-08-06,0.0,0.0,0.0,0.0
2021-08-07,0.0,0.0,0.0,0.0
2021-08-08,0.0,0.0,0.0,0.0
2021-08-09,0.0,0.0,0.0,0.0
2021-08-10,0.0,0.0,0.0,0.0
2021-08-11,0.0,0.0,0.0,0.0
2021-08-12,0.0,0.0,0.0,0.0
2021-08-13,0.0,0.0,0.0,0.0
2021-08-14,0.0,0.0,0.0,0.0
2021-08-15,0.0,0.0,0.0,0.0
2021-08-16,0.0,0.0,0.0,0.0
2021-08-17,0.0,0.0,0.0,0.0
2021-08-18,0.0,0.0,0.0,0.0
2021-08-19,0.0,0.0,0.0,0.0
2021-08-20,0.0,0.0,0.0,0.0
2021-08-21,0.0,0.0,0.0,0.0
2021-08-22,0.0,0.0,0.0,0.0
2021-08-23,0.0,0.0,0.0,0.0
2021-08-24,0.0,0.0,0.0,0.0
2021-08-25,0.0,0.0,0.0,0.0
2021-08-26,0.0,0.0,0.0,0.0
2021-08-27,0.0,0.0,0.0,0.0
2021-08-28,0.0,0.0,0.0,0.0
2021-08-29,0.0,0.0,0.0,0.0
2021-08-30,0.0,0.0,0.0,0.0
2021-08-31,0.0,0.0,0.0,0.0
2021-09-01,0.0,0.0,0.0,0.0
2021-09-02,0.0,0.0,0.0,0.0
2021-09-03,0.0,0.0,0.0,0.0
2021-09-04,0.0,0.0,0.0,0.0
2021-09-05,0.0,0.0,0.0,0.0
2021-09-06,0.0,0.0,0.0,0.0
2021-09-07,0.0,0.0,0.0,0.0
2021-09-08,0.0,0.0,0.0,0.0
2021-09-09,0.0,0.0,0.0,0.0
2021-09-10,0.0,0.0,0.0,0.0
2021-09-11,0.0,0.0,0.0,0.0
2021-09-12,0.0,0.0,0.0,0.0
2021-09-13,0.0,0.0,0.0,0.0
2021-09-14,0.0,0.0,0.0,0.0
2021-09-15,0.0,0.0,0.0,0.0
2021-09-16,0.0,0.0,0.0,0.0
2021-09-17,0.0,0.0,0.0,0.0
2021-09-18,0.0,0.0,0.0,0.0
2021-09-19,0.0,0.0,0.0,0.0
2021-09-20,0.0,0.0,0.0,0.0
2021-09-21,0.0,0.0,0.0,0.0
2021-09-22,0.0,0.0,0.0,0.0
2021-09-23,0.0,0.0,0.0,0.0
2021-09-24,0.0,0.0,0.0,0.0
2021-09-25,0.0,0.0,0.0,0.0
2021-09-26,0.0,0.0,0.0,0.0
2021-09-27,0.0,0.0,0.0,0.0
2021-09-28,0.0,0.0,0.0,0.0
2021-09-29,0.0,0.0,0.0,0.0
2021-09-30,0.0,0.0,0.0,0.0
2021-10-01,0.0,0.0,0.0,0.0
2021-10-02,0.0,0.0,0.0,0.0
2021-10-03,0.0,0.0,0.0,0.0
2021-10-04,0.0,0.0,0.0,0.0
2021-10-05,0.0,0.0,0.0,0.0
2021-10-06,0.0,0.0,0.0,0.0
2021-10-07,0.0,0.0,0.0,0.0
2021-10-08,0.0,0.0,0.0,0.0
2021-10-09,0.0,0.0,0.0,0.0
2021-10-10,0.0,0.0,0.0,0.0
2021-10-11,0.0,0.0,0.0,0.0
2021-10-12,0.0,0.0,0.0,0.0
2021-10-13,0.0,0.0,0.0,0.0
2021-10-14,0.0,0.0,0.0,0.0
2021-10-15,0.0,0.0,0.0,0.0
2021-10-16,0.0,0.0,0.0,0.0
2021-10-17,0.0,0.0,0.0,0.0
2021-10-18,0.0,0.0,0.0,0.0
2021-10-19,0.0,0.0,0.0,0.0
2021-10-20,0.0,0.0,0.0,0.0
2021-10-21,0.0,0.0,0.0,0.0
2021-10-22,0.0,0.0,0.0,0.0
2021-10-23,0.0,0.0,0.0,0.0
2021-10-24,0.0,0.0,0.0,0.0
2021-10-25,0.0,0.0,0.0,0.0
2021-10-26,0.0,0.0,0.0,0.0
2021-10-27,0.0,0.0,0.0,0.0
2021-10-28,0.0,0.0,0.0,0.0
2021-10-29,0.0,0.0,0.0,0.0
2021-10-30,0.0,0.0,0.0,0.0
2021-10-31,0.0,0.0,0.0,0.0
2021-11-01,0.0,0.0,0.0,0.0
2021-11-02,0.0,0.0,0.0,0.0
2021-11-03,0.0,0.0,0.0,0.0
2021-11-04,0.0,0.0,0.0,0.0
2021-11-05,0.017333343249423816,0.0,0.0,0.0
2021-11-06,0.013378261153201398,0.0,0.0,0.0
2021-11-07,0.01925382324704028,0.0,0.0,0.0
2021-11-08,0.016211002900108573,0.0,0.0,0.0
2021-11-09,-0.017868502026195943,0.0,0.0,0.0
2021-11-10,-0.0502794468824993,0.0,0.0,0.0
2021-11-11,0.036417827185851515,0.0,0.0,0.0
2021-11-12,-0.021220892775296152,0.0,0.0,0.0
2021-11-13,0.02369083108763359,0.0,0.0,0.0
2021-11-14,-0.01284876546205782,0.0,0.0,0.0
2021-11-15,-0.01970148032643404,0.0,0.0,0.0
2021-11-16,-0.06493525779769227,0.0,0.0,0.0
2021-11-17,0.022046557839096037,0.0,0.0,0.0
2021-11-18,-0.06162417161083211,0.0,0.0,0.0
2021-11-19,-0.0020000000000000018,0.0,0.0,0.0
2021-11-20,0.0,0.0,0.0,0.0
2021-11-21,0.0,0.0,0.0,0.0
2021-11-22,0.0,0.0,0.0,0.0
2021-11-23,0.0,0.0,0.0,0.0
2021-11-24,0.0,0.0,0.0,0.0
2021-11-25,0.0,0.0,0.0,0.0
2021-11-26,0.0,0.0,0.0,0.0
2021-11-27,0.0,0.0,0.0,0.0
2021-11-28,0.0,0.0,0.0,0.0
2021-11-29,0.0,0.0,0.0,0.0
2021-11-30,0.0,0.0,0.0,0.0
2021-12-01,0.0,0.0,0.0,0.0
2021-12-02,0.0,0.0,0.0,0.0
2021-12-03,0.0,0.0,0.0,0.0
2021-12-04,0.0,0.0,0.0,0.0
2021-12-05,0.0,0.0,0.0,0.0
2021-12-06,0.0,0.0,0.0,0.0
2021-12-07,0.0,0.0,0.0,0.0
2021-12-08,0.0,0.0,0.0,0.0
2021-12-09,0.0,0.0,0.0,0.0
2021-12-10,0.0,0.0,0.0,0.0
2021-12-11,0.0,0.0,0.0,0.0
2021-12-12,0.0,0.0,0.0,0.0
2021-12-13,0.0,0.0,0.0,0.0
2021-12-14,0.0,0.0,0.0,0.0
2021-12-15,0.0,0.0,0.0,0.0
2021-12-16,0.0,0.0,0.0,0.0
2021-12-17,0.0,0.0,0.0,0.0
2021-12-18,0.0,0.0,0.0,0.0
2021-12-19,0.0,0.0,0.0,0.0
2021-12-20,0.0,0.0,0.0,0.0
2021-12-21,0.0,0.0,0.0,0.0
2021-12-22,0.0,0.0,0.0,0.0
2021-12-23,0.0,0.0,0.0,0.0
2021-12-24,0.0,0.0,0.0,0.0
2021-12-25,0.0,0.0,0.0,0.0
2021-12-26,0.0,0.0,0.0,0.0
2021-12-27,0.0,0.0,0.0,0.0
2021-12-28,0.0,0.0,0.0,0.0
2021-12-29,0.0,0.0,0.0,0.0
2021-12-30,0.0,0.0,0.0,0.0
2021-12-31,0.0,0.0,0.0,0.0
2022-01-01,0.0,0.0,0.0,0.0
2022-01-02,0.0,0.0,0.0,0.0
2022-01-03,0.0,0.0,0.0,0.0
2022-01-04,0.0,0.0,0.0,0.0
2022-01-05,0.0,0.0,0.0,0.0
2022-01-06,0.0,0.0,0.0,0.0
2022-01-07,0.0,0.0,0.0,0.0
2022-01-08,0.0,0.0,0.0,0.0
2022-01-09,0.0,0.0,0.0,0.0
2022-01-10,0.0,0.0,0.0,0.0
2022-01-11,0.0,0.0,0.0,0.0
2022-01-12,0.0,0.0,0.0,0.0
2022-01-13,0.0,0.0,0.0,0.0
2022-01-14,0.0,0.0,0.0,0.0
2022-01-15,0.0,0.0,0.0,0.0
2022-01-16,0.0,0.0,0.0,0.0
2022-01-17,0.0,0.0,0.0,0.0
2022-01-18,0.0,0.0,0.0,0.0
2022-01-19,0.0,0.0,0.0,0.0
2022-01-20,0.0,0.0,0.0,0.0
2022-01-21,0.0,0.0,0.0,0.0
2022-01-22,0.0,0.0,0.0,0.0
2022-01-23,0.0,0.0,0.0,0.0
2022-01-24,0.0,0.0,0.0,0.0
2022-01-25,0.0,0.0,0.0,0.0
2022-01-26,0.0,0.0,0.0,0.0
2022-01-27,0.0,0.0,0.0,0.0
2022-01-28,0.0,0.0,0.0,0.0
2022-01-29,0.0,0.0,0.0,0.0
2022-01-30,0.0,0.0,0.0,0.0
2022-01-31,0.0,0.0,0.0,0.0
2022-02-01,0.0,0.0,0.0,0.0
2022-02-02,0.0,0.0,0.0,0.0
2022-02-03,0.0,0.0,0.0,0.0
2022-02-04,0.0,0.0,0.0,0.0
2022-02-05,0.0,0.0,0.0,0.0
2022-02-06,0.0,0.0,0.0,0.0
2022-02-07,0.0,0.0,0.0,0.0
2022-02-08,0.0,0.0,0.0,0.0
2022-02-09,0.0,0.0,0.0,0.0
2022-02-10,0.0,0.0,0.0,0.0
2022-02-11,0.0,0.0,0.0,0.0
2022-02-12,0.0,0.0,0.0,0.0
2022-02-13,0.0,0.0,0.0,0.0
2022-02-14,0.0,0.0,0.0,0.0
2022-02-15,0.0,0.0,0.0,0.0
2022-02-16,0.0,0.0,0.0,0.0
2022-02-17,0.0,0.0,0.0,0.0
2022-02-18,0.0,0.0,0.0,0.0
2022-02-19,0.0,0.0,0.0,0.0
2022-02-20,0.0,0.0,0.0,0.0
2022-02-21,0.0,0.0,0.0,0.0
2022-02-22,0.0,0.0,0.0,0.0
2022-02-23,0.0,0.0,0.0,0.0
2022-02-24,0.0,0.0,0.0,0.0
2022-02-25,0.0,0.0,0.0,0.0
2022-02-26,0.0,0.0,0.0,0.0
2022-02-27,0.0,0.0,0.0,0.0
2022-02-28,0.0,0.0,0.0,0.0
2022-03-01,0.0,0.0,0.0,0.0
2022-03-02,0.0,0.0,0.0,0.0
2022-03-03,0.0,0.0,0.0,0.0
2022-03-04,0.0,0.0,0.0,0.0
2022-03-05,0.0,0.0,0.0,0.0
2022-03-06,0.0,0.0,0.0,0.0
2022-03-07,0.0,0.0,0.0,0.0
2022-03-08,0.0,0.0,0.0,0.0
2022-03-09,0.0,0.0,0.0,0.0
2022-03-10,0.0,0.0,0.0,0.0
2022-03-11,0.0,0.0,0.0,0.0
2022-03-12,0.0,0.0,0.0,0.0
2022-03-13,0.0,0.0,0.0,0.0
2022-03-14,0.0,0.0,0.0,0.0
2022-03-15,0.0,0.0,0.0,0.0
2022-03-16,0.0,0.0,0.0,0.0
2022-03-17,0.0,0.0,0.0,0.0
2022-03-18,0.0,0.0,0.0,0.0
2022-03-19,0.0,0.0,0.0,0.0
2022-03-20,0.0,0.0,0.0,0.0
2022-03-21,0.0,0.0,0.0,0.0
2022-03-22,0.0,0.0,0.0,0.0
2022-03-23,0.0,0.0,0.0,0.0
2022-03-24,0.0,0.0,0.0,0.0
2022-03-25,-0.014091516901504897,-0.014091516901504897,-0.014091516901504897,-0.014091516901504897
2022-03-26,-0.0011210172148712338,-0.0011210172148712338,-0.0011210172148712338,-0.0011210172148712338
2022-03-27,0.041468864683008144,0.041468864683008144,0.041468864683008144,0.041468864683008144
2022-03-28,0.007886221412593875,0.007886221412593875,0.007886221412593875,0.007886221412593875
2022-03-29,0.02281439134766461,0.02281439134766461,0.02281439134766461,0.02281439134766461
2022-03-30,0.0006767875684254854,0.0006767875684254854,0.0006767875684254854,0.0006767875684254854
2022-03-31,-0.04311919689220001,-0.04311919689220001,-0.04311919689220001,-0.04311919689220001
2022-04-01,0.03295567872137961,0.03295567872137961,0.03295567872137961,0.03295567872137961
2022-04-02,-0.008973924928510568,-0.008973924928510568,-0.008973924928510568,-0.008973924928510568
2022-04-03,0.04526035392931149,0.04526035392931149,0.04526035392931149,0.04526035392931149
2022-04-04,-0.014065107957263678,-0.014065107957263678,-0.014065107957263678,-0.014065107957263678
2022-04-05,-0.043948465308095375,-0.043948465308095375,-0.043948465308095375,-0.043948465308095375
2022-04-06,-0.09145139763239207,-0.09145139763239207,-0.09145139763239207,-0.09145139763239207
2022-04-07,0.06233986649150669,0.06233986649150669,0.06233986649150669,-0.0020000000000000018
2022-04-08,-0.04721586891834684,-0.0020000000000000018,-0.04721586891834684,0.0
2022-04-09,0.02981027173353623,0.0,-0.0020000000000000018,0.0
2022-04-10,-0.03861583526408996,0.0,0.0,0.0
2022-04-11,-0.07948163616922932,0.0,0.0,0.0
2022-04-12,0.034442628624445026,0.0,0.0,0.0
2022-04-13,0.02576606335717546,0.0,0.0,0.0
2022-04-14,-0.03448769665226159,0.0,0.0,0.0
2022-04-15,0.010475335968331612,0.0,0.0,0.0
2022-04-16,0.003541932334400366,0.0,0.0,0.0
2022-04-17,-0.026071482799400414,0.0,0.0,0.0
2022-04-18,0.03202782869121745,0.0,0.0,0.0
2022-04-19,0.04045757521243032,0.0,0.0,0.0
2022-04-20,-0.004361769388917858,0.0,0.0,0.0
2022-04-21,-0.033445720875346696,0.0,0.0,0.0
2022-04-22,-0.0020000000000000018,0.0,0.0,0.0
2022-04-23,0.0,0.0,0.0,0.0
2022-04-24,0.0,0.0,0.0,0.0
2022-04-25,0.0,0.0,0.0,0.0
2022-04-26,0.0,0.0,0.0,0.0
2022-04-27,0.0,0.0,0.0,0.0
2022-04-28,0.0,0.0,0.0,0.0
2022-04-29,0.0,0.0,0.0,0.0
2022-04-30,0.0,0.0,0.0,0.0
2022-05-01,0.0,0.0,0.0,0.0
2022-05-02,0.0,0.0,0.0,0.0
2022-05-03,0.0,0.0,0.0,0.0
2022-05-04,0.0,0.0,0.0,0.0
2022-05-05,0.0,0.0,0.0,0.0
2022-05-06,0.0,0.0,0.0,0.0
2022-05-07,0.0,0.0,0.0,0.0
2022-05-08,0.0,0.0,0.0,0.0
2022-05-09,0.0,0.0,0.0,0.0
2022-05-10,0.0,0.0,0.0,0.0
2022-05-11,0.0,0.0,0.0,0.0
2022-05-12,0.0,0.0,0.0,0.0
2022-05-13,0.0,0.0,0.0,0.0
2022-05-14,0.0,0.0,0.0,0.0
2022-05-15,0.0,0.0,0.0,0.0
2022-05-16,0.0,0.0,0.0,0.0
2022-05-17,0.0,0.0,0.0,0.0
2022-05-18,0.0,0.0,0.0,0.0
2022-05-19,0.0,0.0,0.0,0.0
2022-05-20,0.0,0.0,0.0,0.0
2022-05-21,0.0,0.0,0.0,0.0
2022-05-22,0.0,0.0,0.0,0.0
2022-05-23,0.0,0.0,0.0,0.0
2022-05-24,0.0,0.0,0.0,0.0
2022-05-25,0.0,0.0,0.0,0.0
2022-05-26,0.0,0.0,0.0,0.0
2022-05-27,0.0,0.0,0.0,0.0
2022-05-28,0.0,0.0,0.0,0.0
2022-05-29,0.0,0.0,0.0,0.0
2022-05-30,0.0,0.0,0.0,0.0
2022-05-31,0.0,0.0,0.0,0.0
2022-06-01,0.0,0.0,0.0,0.0
2022-06-02,0.0,0.0,0.0,0.0
2022-06-03,0.0,0.0,0.0,0.0
2022-06-04,0.0,0.0,0.0,0.0
2022-06-05,0.0,0.0,0.0,0.0
2022-06-06,0.0,0.0,0.0,0.0
2022-06-07,0.0,0.0,0.0,0.0
2022-06-08,0.0,0.0,0.0,0.0
2022-06-09,0.0,0.0,0.0,0.0
2022-06-10,0.0,0.0,0.0,0.0
2022-06-11,0.0,0.0,0.0,0.0
2022-06-12,0.0,0.0,0.0,0.0
2022-06-13,0.0,0.0,0.0,0.0
2022-06-14,0.0,0.0,0.0,0.0
2022-06-15,0.0,0.0,0.0,0.0
2022-06-16,0.0,0.0,0.0,0.0
2022-06-17,0.0,0.0,0.0,0.0
2022-06-18,0.0,0.0,0.0,0.0
2022-06-19,0.0,0.0,0.0,0.0
2022-06-20,0.0,0.0,0.0,0.0
2022-06-21,0.0,0.0,0.0,0.0
2022-06-22,0.0,0.0,0.0,0.0
2022-06-23,0.0,0.0,0.0,0.0
2022-06-24,0.0,0.0,0.0,0.0
2022-06-25,0.0,0.0,0.0,0.0
2022-06-26,0.0,0.0,0.0,0.0
2022-06-27,0.0,0.0,0.0,0.0
2022-06-28,0.0,0.0,0.0,0.0
2022-06-29,0.0,0.0,0.0,0.0
2022-06-30,0.0,0.0,0.0,0.0
2022-07-01,0.0,0.0,0.0,0.0
2022-07-02,0.0,0.0,0.0,0.0
2022-07-03,0.0,0.0,0.0,0.0
2022-07-04,0.0,0.0,0.0,0.0
2022-07-05,0.0,0.0,0.0,0.0
2022-07-06,0.0,0.0,0.0,0.0
2022-07-07,0.0,0.0,0.0,0.0
2022-07-08,0.0,0.0,0.0,0.0
2022-07-09,0.0,0.0,0.0,0.0
2022-07-10,0.0,0.0,0.0,0.0
2022-07-11,0.0,0.0,0.0,0.0
2022-07-12,0.0,0.0,0.0,0.0
2022-07-13,0.0,0.0,0.0,0.0
2022-07-14,0.0,0.0,0.0,0.0
2022-07-15,0.0,0.0,0.0,0.0
2022-07-16,0.0,0.0,0.0,0.0
2022-07-17,0.0,0.0,0.0,0.0
2022-07-18,0.0,0.0,0.0,0.0
2022-07-19,0.0,0.0,0.0,0.0
2022-07-20,0.0,0.0,0.0,0.0
2022-07-21,0.0,0.0,0.0,0.0
2022-07-22,0.0,0.0,0.0,0.0
2022-07-23,0.0,0.0,0.0,0.0
2022-07-24,0.0,0.0,0.0,0.0
2022-07-25,0.0,0.0,0.0,0.0
2022-07-26,0.0,0.0,0.0,0.0
2022-07-27,0.0,0.0,0.0,0.0
2022-07-28,0.0,0.0,0.0,0.0
2022-07-29,0.0,0.0,0.0,0.0
2022-07-30,0.0,0.0,0.0,0.0
2022-07-31,0.0,0.0,0.0,0.0
2022-08-01,0.0,0.0,0.0,0.0
2022-08-02,0.0,0.0,0.0,0.0
2022-08-03,0.0,0.0,0.0,0.0
2022-08-04,0.0,0.0,0.0,0.0
2022-08-05,0.0,0.0,0.0,0.0
2022-08-06,0.0,0.0,0.0,0.0
2022-08-07,0.0,0.0,0.0,0.0
2022-08-08,0.0,0.0,0.0,0.0
2022-08-09,0.0,0.0,0.0,0.0
2022-08-10,0.0,0.0,0.0,0.0
2022-08-11,0.0,0.0,0.0,0.0
2022-08-12,0.0,0.0,0.0,0.0
2022-08-13,0.0,0.0,0.0,0.0
2022-08-14,0.0,0.0,0.0,0.0
2022-08-15,0.0,0.0,0.0,0.0
2022-08-16,0.0,0.0,0.0,0.0
2022-08-17,0.0,0.0,0.0,0.0
2022-08-18,0.0,0.0,0.0,0.0
2022-08-19,0.0,0.0,0.0,0.0
2022-08-20,0.0,0.0,0.0,0.0
2022-08-21,0.0,0.0,0.0,0.0
2022-08-22,0.0,0.0,0.0,0.0
2022-08-23,0.0,0.0,0.0,0.0
2022-08-24,0.0,0.0,0.0,0.0
2022-08-25,0.0,0.0,0.0,0.0
2022-08-26,0.0,0.0,0.0,0.0
2022-08-27,0.0,0.0,0.0,0.0
2022-08-28,0.0,0.0,0.0,0.0
2022-08-29,0.0,0.0,0.0,0.0
2022-08-30,0.0,0.0,0.0,0.0
2022-08-31,0.0,0.0,0.0,0.0
2022-09-01,0.0,0.0,0.0,0.0
2022-09-02,0.0,0.0,0.0,0.0
2022-09-03,0.0,0.0,0.0,0.0
2022-09-04,0.0,0.0,0.0,0.0
2022-09-05,0.0,0.0,0.0,0.0
2022-09-06,0.0,0.0,0.0,0.0
2022-09-07,0.0,0.0,0.0,0.0
2022-09-08,0.0,0.0,0.0,0.0
2022-09-09,0.0,0.0,0.0,0.0
2022-09-10,0.0,0.0,0.0,0.0
2022-09-11,0.0,0.0,0.0,0.0
2022-09-12,0.0,0.0,0.0,0.0
2022-09-13,0.0,0.0,0.0,0.0
2022-09-14,0.0,0.0,0.0,0.0
2022-09-15,0.0,0.0,0.0,0.0
2022-09-16,0.0,0.0,0.0,0.0
2022-09-17,0.0,0.0,0.0,0.0
2022-09-18,0.0,0.0,0.0,0.0
2022-09-19,0.0,0.0,0.0,0.0
2022-09-20,0.0,0.0,0.0,0.0
2022-09-21,0.0,0.0,0.0,0.0
2022-09-22,0.0,0.0,0.0,0.0
2022-09-23,0.0,0.0,0.0,0.0
2022-09-24,0.0,0.0,0.0,0.0
2022-09-25,0.0,0.0,0.0,0.0
2022-09-26,0.0,0.0,0.0,0.0
2022-09-27,0.0,0.0,0.0,0.0
2022-09-28,0.0,0.0,0.0,0.0
2022-09-29,0.0,0.0,0.0,0.0
2022-09-30,0.0,0.0,0.0,0.0
2022-10-01,0.0,0.0,0.0,0.0
2022-10-02,0.0,0.0,0.0,0.0
2022-10-03,0.0,0.0,0.0,0.0
2022-10-04,0.0,0.0,0.0,0.0
2022-10-05,0.0,0.0,0.0,0.0
2022-10-06,0.0,0.0,0.0,0.0
2022-10-07,0.0,0.0,0.0,0.0
2022-10-08,0.0,0.0,0.0,0.0
2022-10-09,0.0,0.0,0.0,0.0
2022-10-10,0.0,0.0,0.0,0.0
2022-10-11,0.0,0.0,0.0,0.0
2022-10-12,0.0,0.0,0.0,0.0
2022-10-13,0.0,0.0,0.0,0.0
2022-10-14,0.0,0.0,0.0,0.0
2022-10-15,0.0,0.0,0.0,0.0
2022-10-16,0.0,0.0,0.0,0.0
2022-10-17,0.0,0.0,0.0,0.0
2022-10-18,0.0,0.0,0.0,0.0
2022-10-19,0.0,0.0,0.0,0.0
2022-10-20,0.0,0.0,0.0,0.0
2022-10-21,0.0,0.0,0.0,0.0
2022-10-22,0.0,0.0,0.0,0.0
2022-10-23,0.0,0.0,0.0,0.0
2022-10-24,0.0,0.0,0.0,0.0
2022-10-25,0.0,0.0,0.0,0.0
2022-10-26,0.0,0.0,0.0,0.0
2022-10-27,0.0,0.0,0.0,0.0
2022-10-28,0.0,0.0,0.0,0.0
2022-10-29,0.0,0.0,0.0,0.0
2022-10-30,0.0,0.0,0.0,0.0
2022-10-31,0.0,0.0,0.0,0.0
2022-11-01,0.0,0.0,0.0,0.0
2022-11-02,0.0,0.0,0.0,0.0
2022-11-03,0.0,0.0,0.0,0.0
2022-11-04,0.0,0.0,0.0,0.0
2022-11-05,0.0,0.0,0.0,0.0
2022-11-06,0.0,0.0,0.0,0.0
2022-11-07,0.0,0.0,0.0,0.0
2022-11-08,0.0,0.0,0.0,0.0
2022-11-09,0.0,0.0,0.0,0.0
2022-11-10,0.0,0.0,0.0,0.0
2022-11-11,0.0,0.0,0.0,0.0
2022-11-12,0.0,0.0,0.0,0.0
2022-11-13,0.0,0.0,0.0,0.0
2022-11-14,0.0,0.0,0.0,0.0
2022-11-15,0.0,0.0,0.0,0.0
2022-11-16,0.0,0.0,0.0,0.0
2022-11-17,0.0,0.0,0.0,0.0
2022-11-18,0.0,0.0,0.0,0.0
2022-11-19,0.0,0.0,0.0,0.0
2022-11-20,0.0,0.0,0.0,0.0
2022-11-21,0.0,0.0,0.0,0.0
2022-11-22,0.0,0.0,0.0,0.0
2022-11-23,0.0,0.0,0.0,0.0
2022-11-24,0.0,0.0,0.0,0.0
2022-11-25,0.0,0.0,0.0,0.0
2022-11-26,0.0,0.0,0.0,0.0
2022-11-27,0.0,0.0,0.0,0.0
2022-11-28,0.0,0.0,0.0,0.0
2022-11-29,0.0,0.0,0.0,0.0
2022-11-30,0.0,0.0,0.0,0.0
2022-12-01,0.0,0.0,0.0,0.0
2022-12-02,0.0,0.0,0.0,0.0
2022-12-03,0.0,0.0,0.0,0.0
2022-12-04,0.0,0.0,0.0,0.0
2022-12-05,0.0,0.0,0.0,0.0
2022-12-06,0.0,0.0,0.0,0.0
2022-12-07,0.0,0.0,0.0,0.0
2022-12-08,0.0,0.0,0.0,0.0
2022-12-09,0.0,0.0,0.0,0.0
2022-12-10,0.0,0.0,0.0,0.0
2022-12-11,0.0,0.0,0.0,0.0
2022-12-12,0.0,0.0,0.0,0.0
2022-12-13,0.0,0.0,0.0,0.0
2022-12-14,0.0,0.0,0.0,0.0
2022-12-15,0.0,0.0,0.0,0.0
2022-12-16,0.0,0.0,0.0,0.0
2022-12-17,0.0,0.0,0.0,0.0
2022-12-18,0.0,0.0,0.0,0.0
2022-12-19,0.0,0.0,0.0,0.0
2022-12-20,0.0,0.0,0.0,0.0
2022-12-21,0.0,0.0,0.0,0.0
2022-12-22,0.0,0.0,0.0,0.0
2022-12-23,0.0,0.0,0.0,0.0
2022-12-24,0.0,0.0,0.0,0.0
2022-12-25,0.0,0.0,0.0,0.0
2022-12-26,0.0,0.0,0.0,0.0
2022-12-27,0.0,0.0,0.0,0.0
2022-12-28,0.0,0.0,0.0,0.0
2022-12-29,0.0,0.0,0.0,0.0
2022-12-30,0.0,0.0,0.0,0.0
2022-12-31,0.0,0.0,0.0,0.0
2023-01-01,0.0,0.0,0.0,0.0
2023-01-02,0.0,0.0,0.0,0.0
2023-01-03,0.0,0.0,0.0,0.0
2023-01-04,0.0,0.0,0.0,0.0
2023-01-05,0.0,0.0,0.0,0.0
2023-01-06,0.0,0.0,0.0,0.0
2023-01-07,0.0,0.0,0.0,0.0
2023-01-08,0.0,0.0,0.0,0.0
2023-01-09,0.0,0.0,0.0,0.0
2023-01-10,0.0,0.0,0.0,0.0
2023-01-11,0.0,0.0,0.0,0.0
2023-01-12,0.0,0.0,0.0,0.0
2023-01-13,0.05950466644309005,0.05950466644309005,0.05950466644309005,0.05950466644309005
2023-01-14,0.08246946654374776,0.08246946654374776,0.08246946654374776,0.08246946654374776
2023-01-15,-0.0009486920095919116,-0.0009486920095919116,-0.0009486920095919116,-0.0009486920095919116
2023-01-16,0.002252682389694005,0.002252682389694005,0.002252682389694005,0.002252682389694005
2023-01-17,-0.007492652007125122,-0.007492652007125122,-0.007492652007125122,-0.007492652007125122
2023-01-18,-0.04027521680296309,-0.04027521680296309,-0.04027521680296309,-0.04027521680296309
2023-01-19,0.029759968012707194,0.029759968012707194,0.029759968012707194,0.029759968012707194
2023-01-20,0.11183812077022282,0.11183812077022282,0.11183812077022282,0.11183812077022282
2023-01-21,-0.013470431947015582,-0.013470431947015582,-0.013470431947015582,-0.013470431947015582
2023-01-22,0.003164705725428707,0.003164705725428707,0.003164705725428707,0.003164705725428707
2023-01-23,0.006864415855085015,0.006864415855085015,0.006864415855085015,0.006864415855085015
2023-01-24,-0.051053915534205574,-0.051053915534205574,-0.051053915534205574,-0.051053915534205574
2023-01-25,0.06391905876386139,0.06391905876386139,0.06391905876386139,0.06391905876386139
2023-01-26,-0.011664858008717194,-0.011664858008717194,-0.011664858008717194,-0.011664858008717194
2023-01-27,0.03247661620628017,0.03247661620628017,0.03247661620628017,0.03247661620628017
2023-01-28,-0.01808559185771108,-0.01808559185771108,-0.01808559185771108,-0.01808559185771108
2023-01-29,0.044515072014027934,0.044515072014027934,0.044515072014027934,0.044515072014027934
2023-01-30,-0.05985278330221988,-0.05985278330221988,-0.05985278330221988,-0.05985278330221988
2023-01-31,0.023391641974521038,0.023391641974521038,0.023391641974521038,0.023391641974521038
2023-02-01,0.054553258108749336,0.054553258108749336,0.054553258108749336,0.054553258108749336
2023-02-02,-0.004241359321048854,-0.004241359321048854,-0.004241359321048854,-0.004241359321048854
2023-02-03,0.02749799122580998,0.02749799122580998,0.02749799122580998,0.02749799122580998
2023-02-04,-0.007590930106605165,-0.007590930106605165,-0.007590930106605165,-0.007590930106605165
2023-02-05,-0.02800813970199134,-0.02800813970199134,-0.02800813970199134,-0.02800813970199134
2023-02-06,-0.020522180318596983,-0.020522180318596983,-0.020522180318596983,-0.020522180318596983
2023-02-07,0.04306039968244413,-0.0020000000000000018,0.04306039968244413,-0.0020000000000000018
2023-02-08,-0.02970967977783101,0.0,-0.02970967977783101,0.0
2023-02-09,-0.08578877707761823,0.0,-0.08578877707761823,0.0
2023-02-10,-0.0020000000000000018,0.0,-0.0020000000000000018,0.0
2023-02-11,0.0,0.0,0.0,0.0
2023-02-12,0.0,0.0,0.0,0.0
2023-02-13,0.0,0.0,0.0,0.0
2023-02-14,0.0,0.0,0.0,0.0
2023-02-15,0.0,0.0,0.0,0.0
2023-02-16,0.0,0.0,0.0,0.0
2023-02-17,0.0,0.0,0.0,0.0
2023-02-18,0.0,0.0,0.0,0.0
2023-02-19,0.0,0.0,0.0,0.0
2023-02-20,0.0,0.0,0.0,0.0
2023-02-21,0.0,0.0,0.0,0.0
2023-02-22,0.0,0.0,0.0,0.0
2023-02-23,0.0,0.0,0.0,0.0
2023-02-24,0.0,0.0,0.0,0.0
2023-02-25,0.0,0.0,0.0,0.0
2023-02-26,0.0,0.0,0.0,0.0
2023-02-27,0.0,0.0,0.0,0.0
2023-02-28,0.0,0.0,0.0,0.0
2023-03-01,0.0,0.0,0.0,0.0
2023-03-02,0.0,0.0,0.0,0.0
2023-03-03,0.0,0.0,0.0,0.0
2023-03-04,0.0,0.0,0.0,0.0
2023-03-05,0.0,0.0,0.0,0.0
2023-03-06,0.0,0.0,0.0,0.0
2023-03-07,0.0,0.0,0.0,0.0
2023-03-08,0.0,0.0,0.0,0.0
2023-03-09,0.0,0.0,0.0,0.0
2023-03-10,-0.003509279369662277,0.0,0.0,0.0
2023-03-11,-0.014280061985104564,0.0,0.0,0.0
2023-03-12,0.09093484278149,0.0,0.0,0.0
2023-03-13,0.04924569733172768,0.0,0.0,0.0
2023-03-14,0.018116042274518573,0.0,0.0,0.0
2023-03-15,-0.06164130508235166,0.0,0.0,0.0
2023-03-16,0.018615083683376277,0.0,0.0,0.0
2023-03-17,0.0778594552078784,0.0,0.0,0.0
2023-03-18,-0.025330904314937785,0.0,0.0,0.0
2023-03-19,0.025052181192550593,0.0,0.0,0.0
2023-03-20,-0.033797873453095706,0.0,0.0,0.0
2023-03-21,0.07077325363836762,0.0,0.0,0.0
2023-03-22,-0.03523015356345882,0.0,0.0,0.0
2023-03-23,0.03573284308982716,0.0,0.0,0.0
2023-03-24,-0.04911485016788264,-0.050489733411938076,-0.050489733411938076,-0.050489733411938076
2023-03-25,-0.012992688608429614,-0.012992688608429614,-0.012992688608429614,-0.012992688608429614
2023-03-26,0.024254062517804043,0.024254062517804043,0.024254062517804043,0.024254062517804043
2023-03-27,-0.03389414178301109,-0.03389414178301109,-0.03389414178301109,-0.03389414178301109
2023-03-28,0.03761547373941743,0.03761547373941743,0.03761547373941743,0.03761547373941743
2023-03-29,0.0343465921745314,0.0343465921745314,0.0343465921745314,0.0343465921745314
2023-03-30,-0.008638740568261083,-0.008638740568261083,-0.008638740568261083,-0.008638740568261083
2023-03-31,0.018530042460840335,0.018530042460840335,0.018530042460840335,0.018530042460840335
2023-04-01,-0.009935636151083171,-0.009935636151083171,-0.009935636151083171,-0.009935636151083171
2023-04-02,-0.016902694605929747,-0.016902694605929747,-0.016902694605929747,-0.016902694605929747
2023-04-03,-0.007479323895387302,-0.007479323895387302,-0.007479323895387302,-0.007479323895387302
2023-04-04,0.016016102535776566,0.016016102535776566,0.016016102535776566,0.016016102535776566
2023-04-05,0.011410399213431344,-0.0020000000000000018,0.011410399213431344,0.011410399213431344
2023-04-06,-0.016856124740155187,0.0,-0.016856124740155187,-0.016856124740155187
2023-04-07,-0.0020000000000000018,0.0,-0.0020000000000000018,-0.0020000000000000018
2023-04-08,0.0,0.0,0.0,0.0
2023-04-09,0.0,0.0,0.0,0.0
2023-04-10,0.0,0.0,0.0,0.0
2023-04-11,0.0,0.0,0.0,0.0
2023-04-12,0.0,0.0,0.0,0.0
2023-04-13,0.0,0.0,0.0,0.0
2023-04-14,0.0,0.0,0.0,0.0
2023-04-15,0.0,0.0,0.0,0.0
2023-04-16,0.0,0.0,0.0,0.0
2023-04-17,0.0,0.0,0.0,0.0
2023-04-18,0.0,0.0,0.0,0.0
2023-04-19,0.0,0.0,0.0,0.0
2023-04-20,0.0,0.0,0.0,0.0
2023-04-21,0.0,0.0,0.0,0.0
2023-04-22,0.0,0.0,0.0,0.0
2023-04-23,0.0,0.0,0.0,0.0
2023-04-24,0.0,0.0,0.0,0.0
2023-04-25,0.0,0.0,0.0,0.0
2023-04-26,0.0,0.0,0.0,0.0
2023-04-27,0.0,0.0,0.0,0.0
2023-04-28,0.0,0.0,0.0,0.0
2023-04-29,0.0,0.0,0.0,0.0
2023-04-30,0.0,0.0,0.0,0.0
2023-05-01,0.0,0.0,0.0,0.0
2023-05-02,0.0,0.0,0.0,0.0
2023-05-03,0.0,0.0,0.0,0.0
2023-05-04,0.0,0.0,0.0,0.0
2023-05-05,0.0,0.0,0.0,0.0
2023-05-06,0.0,0.0,0.0,0.0
2023-05-07,0.0,0.0,0.0,0.0
2023-05-08,0.0,0.0,0.0,0.0
2023-05-09,0.0,0.0,0.0,0.0
2023-05-10,0.0,0.0,0.0,0.0
2023-05-11,0.0,0.0,0.0,0.0
2023-05-12,0.0,0.0,0.0,0.0
2023-05-13,0.0,0.0,0.0,0.0
2023-05-14,0.0,0.0,0.0,0.0
2023-05-15,0.0,0.0,0.0,0.0
2023-05-16,0.0,0.0,0.0,0.0
2023-05-17,0.0,0.0,0.0,0.0
2023-05-18,0.0,0.0,0.0,0.0
2023-05-19,0.0,0.0,0.0,0.0
2023-05-20,0.0,0.0,0.0,0.0
2023-05-21,0.0,0.0,0.0,0.0
2023-05-22,0.0,0.0,0.0,0.0
2023-05-23,0.0,0.0,0.0,0.0
2023-05-24,0.0,0.0,0.0,0.0
2023-05-25,0.0,0.0,0.0,0.0
2023-05-26,0.0,0.0,0.0,0.0
2023-05-27,0.0,0.0,0.0,0.0
2023-05-28,0.0,0.0,0.0,0.0
2023-05-29,0.0,0.0,0.0,0.0
2023-05-30,0.0,0.0,0.0,0.0
2023-05-31,0.0,0.0,0.0,0.0
2023-06-01,0.0,0.0,0.0,0.0
2023-06-02,0.0,0.0,0.0,0.0
2023-06-03,0.0,0.0,0.0,0.0
2023-06-04,0.0,0.0,0.0,0.0
2023-06-05,0.0,0.0,0.0,0.0
2023-06-06,0.0,0.0,0.0,0.0
2023-06-07,0.0,0.0,0.0,0.0
2023-06-08,0.0,0.0,0.0,0.0
2023-06-09,0.0,0.0,0.0,0.0
2023-06-10,0.0,0.0,0.0,0.0
2023-06-11,0.0,0.0,0.0,0.0
2023-06-12,0.0,0.0,0.0,0.0
2023-06-13,0.0,0.0,0.0,0.0
2023-06-14,0.0,0.0,0.0,0.0
2023-06-15,0.0,0.0,0.0,0.0
2023-06-16,0.0,0.0,0.0,0.0
2023-06-17,0.0,0.0,0.0,0.0
2023-06-18,0.0,0.0,0.0,0.0
2023-06-19,0.0,0.0,0.0,0.0
2023-06-20,0.0,0.0,0.0,0.0
2023-06-21,0.0,0.0,0.0,0.0
2023-06-22,0.0,0.0,0.0,0.0
2023-06-23,0.0,0.0,0.0,0.0
2023-06-24,0.0,0.0,0.0,0.0
2023-06-25,0.0,0.0,0.0,0.0
2023-06-26,0.0,0.0,0.0,0.0
2023-06-27,0.0,0.0,0.0,0.0
2023-06-28,0.0,0.0,0.0,0.0
2023-06-29,0.0,0.0,0.0,0.0
2023-06-30,0.0,0.0,0.0,0.0
2023-07-01,0.0,0.0,0.0,0.0
2023-07-02,0.0,0.0,0.0,0.0
2023-07-03,0.0,0.0,0.0,0.0
2023-07-04,0.0,0.0,0.0,0.0
2023-07-05,0.0,0.0,0.0,0.0
2023-07-06,0.0,0.0,0.0,0.0
2023-07-07,0.0,0.0,0.0,0.0
2023-07-08,0.0,0.0,0.0,0.0
2023-07-09,0.0,0.0,0.0,0.0
2023-07-10,0.0,0.0,0.0,0.0
2023-07-11,0.0,0.0,0.0,0.0
2023-07-12,0.0,0.0,0.0,0.0
2023-07-13,0.0,0.0,0.0,0.0
2023-07-14,0.0,0.0,0.0,0.0
2023-07-15,0.0,0.0,0.0,0.0
2023-07-16,0.0,0.0,0.0,0.0
2023-07-17,0.0,0.0,0.0,0.0
2023-07-18,0.0,0.0,0.0,0.0
2023-07-19,0.0,0.0,0.0,0.0
2023-07-20,0.0,0.0,0.0,0.0
2023-07-21,0.0,0.0,0.0,0.0
2023-07-22,0.0,0.0,0.0,0.0
2023-07-23,0.0,0.0,0.0,0.0
2023-07-24,0.0,0.0,0.0,0.0
2023-07-25,0.0,0.0,0.0,0.0
2023-07-26,0.0,0.0,0.0,0.0
2023-07-27,0.0,0.0,0.0,0.0
2023-07-28,0.0,0.0,0.0,0.0
2023-07-29,0.0,0.0,0.0,0.0
2023-07-30,0.0,0.0,0.0,0.0
2023-07-31,0.0,0.0,0.0,0.0
2023-08-01,0.0,0.0,0.0,0.0
2023-08-02,0.0,0.0,0.0,0.0
2023-08-03,0.0,0.0,0.0,0.0
2023-08-04,0.0,0.0,0.0,0.0
2023-08-05,0.0,0.0,0.0,0.0
2023-08-06,0.0,0.0,0.0,0.0
2023-08-07,0.0,0.0,0.0,0.0
2023-08-08,0.0,0.0,0.0,0.0
2023-08-09,0.0,0.0,0.0,0.0
2023-08-10,0.0,0.0,0.0,0.0
2023-08-11,0.0,0.0,0.0,0.0
2023-08-12,0.0,0.0,0.0,0.0
2023-08-13,0.0,0.0,0.0,0.0
2023-08-14,0.0,0.0,0.0,0.0
2023-08-15,0.0,0.0,0.0,0.0
2023-08-16,0.0,0.0,0.0,0.0
2023-08-17,0.0,0.0,0.0,0.0
2023-08-18,0.0,0.0,0.0,0.0
2023-08-19,0.0,0.0,0.0,0.0
2023-08-20,0.0,0.0,0.0,0.0
2023-08-21,0.0,0.0,0.0,0.0
2023-08-22,0.0,0.0,0.0,0.0
2023-08-23,0.0,0.0,0.0,0.0
2023-08-24,0.0,0.0,0.0,0.0
2023-08-25,0.0,0.0,0.0,0.0
2023-08-26,0.0,0.0,0.0,0.0
2023-08-27,0.0,0.0,0.0,0.0
2023-08-28,0.0,0.0,0.0,0.0
2023-08-29,0.0,0.0,0.0,0.0
2023-08-30,0.0,0.0,0.0,0.0
2023-08-31,0.0,0.0,0.0,0.0
2023-09-01,0.0,0.0,0.0,0.0
2023-09-02,0.0,0.0,0.0,0.0
2023-09-03,0.0,0.0,0.0,0.0
2023-09-04,0.0,0.0,0.0,0.0
2023-09-05,0.0,0.0,0.0,0.0
2023-09-06,0.0,0.0,0.0,0.0
2023-09-07,0.0,0.0,0.0,0.0
2023-09-08,0.0,0.0,0.0,0.0
2023-09-09,0.0,0.0,0.0,0.0
2023-09-10,0.0,0.0,0.0,0.0
2023-09-11,0.0,0.0,0.0,0.0
2023-09-12,0.0,0.0,0.0,0.0
2023-09-13,0.0,0.0,0.0,0.0
2023-09-14,0.0,0.0,0.0,0.0
2023-09-15,0.0,0.0,0.0,0.0
2023-09-16,0.0,0.0,0.0,0.0
2023-09-17,0.0,0.0,0.0,0.0
2023-09-18,0.0,0.0,0.0,0.0
2023-09-19,0.0,0.0,0.0,0.0
2023-09-20,0.0,0.0,0.0,0.0
2023-09-21,0.0,0.0,0.0,0.0
2023-09-22,0.0,0.0,0.0,0.0
2023-09-23,0.0,0.0,0.0,0.0
2023-09-24,0.0,0.0,0.0,0.0
2023-09-25,0.0,0.0,0.0,0.0
2023-09-26,0.0,0.0,0.0,0.0
2023-09-27,0.0,0.0,0.0,0.0
2023-09-28,0.0,0.0,0.0,0.0
2023-09-29,0.0,0.0,0.0,0.0
2023-09-30,0.0,0.0,0.0,0.0
2023-10-01,0.0,0.0,0.0,0.0
2023-10-02,0.0,0.0,0.0,0.0
2023-10-03,0.0,0.0,0.0,0.0
2023-10-04,0.0,0.0,0.0,0.0
2023-10-05,0.0,0.0,0.0,0.0
2023-10-06,0.0,0.0,0.0,0.0
2023-10-07,0.0,0.0,0.0,0.0
2023-10-08,0.0,0.0,0.0,0.0
2023-10-09,0.0,0.0,0.0,0.0
2023-10-10,0.0,0.0,0.0,0.0
2023-10-11,0.0,0.0,0.0,0.0
2023-10-12,0.0,0.0,0.0,0.0
2023-10-13,0.0,0.0,0.0,0.0
2023-10-14,0.0,0.0,0.0,0.0
2023-10-15,0.0,0.0,0.0,0.0
2023-10-16,0.0,0.0,0.0,0.0
2023-10-17,0.0,0.0,0.0,0.0
2023-10-18,0.0,0.0,0.0,0.0
2023-10-19,0.0,0.0,0.0,0.0
2023-10-20,0.0,0.0,0.0,0.0
2023-10-21,0.0,0.0,0.0,0.0
2023-10-22,0.0,0.0,0.0,0.0
2023-10-23,0.0,0.0,0.0,0.0
2023-10-24,0.0,0.0,0.0,0.0
2023-10-25,0.0,0.0,0.0,0.0
2023-10-26,0.0,0.0,0.0,0.0
2023-10-27,0.0,0.0,0.0,0.0
2023-10-28,0.0,0.0,0.0,0.0
2023-10-29,0.0,0.0,0.0,0.0
2023-10-30,0.0,0.0,0.0,0.0
2023-10-31,0.0,0.0,0.0,0.0
2023-11-01,0.0,0.0,0.0,0.0
2023-11-02,0.0,0.0,0.0,0.0
2023-11-03,0.015344481534734777,0.015344481534734777,0.015344481534734777,0.015344481534734777
2023-11-04,0.018759135609429656,0.018759135609429656,0.018759135609429656,0.018759135609429656
2023-11-05,0.023813708342655948,0.023813708342655948,0.023813708342655948,0.023813708342655948
2023-11-06,0.04262281989400418,0.04262281989400418,0.04262281989400418,0.04262281989400418
2023-11-07,-0.016238723464245264,-0.016238723464245264,-0.016238723464245264,-0.016238723464245264
2023-11-08,0.028326283048980994,0.028326283048980994,0.028326283048980994,0.028326283048980994
2023-11-09,0.030471738382411573,0.030471738382411573,0.030471738382411573,0.030471738382411573
2023-11-10,0.04265479030787023,0.04265479030787023,0.04265479030787023,0.04265479030787023
2023-11-11,0.006993000307793373,0.006993000307793373,0.006993000307793373,0.006993000307793373
2023-11-12,-0.00411466533946081,-0.00411466533946081,-0.00411466533946081,-0.00411466533946081
2023-11-13,-0.04569057928725451,-0.04569057928725451,-0.04569057928725451,-0.04569057928725451
2023-11-14,-0.011933589338763984,-0.011933589338763984,-0.011933589338763984,-0.011933589338763984
2023-11-15,0.07103061119579834,0.07103061119579834,0.07103061119579834,0.07103061119579834
2023-11-16,-0.051868214193239726,-0.051868214193239726,-0.051868214193239726,-0.051868214193239726
2023-11-17,-0.0021602436744333486,-0.0021602436744333486,-0.0021602436744333486,-0.0021602436744333486
2023-11-18,0.0006351669193151999,0.0006351669193151999,0.0006351669193151999,0.0006351669193151999
2023-11-19,0.055863854282221626,0.055863854282221626,0.055863854282221626,0.055863854282221626
2023-11-20,-0.030479330832993923,-0.030479330832993923,-0.030479330832993923,-0.030479330832993923
2023-11-21,-0.07459386310667815,-0.07459386310667815,-0.07459386310667815,-0.07459386310667815
2023-11-22,0.08486828537831848,0.08486828537831848,0.08486828537831848,-0.0020000000000000018
2023-11-23,0.016528102252249655,0.016528102252249655,0.016528102252249655,0.0
2023-11-24,0.012009429410505978,0.012009429410505978,0.012009429410505978,0.0
2023-11-25,0.015779971405340376,0.015779971405340376,0.015779971405340376,0.0
2023-11-26,-0.016037420481736064,-0.016037420481736064,-0.016037420481736064,0.0
2023-11-27,-0.0342464543273755,-0.0342464543273755,-0.0342464543273755,0.0
2023-11-28,0.020990278785428806,0.020990278785428806,0.020990278785428806,0.0
2023-11-29,-0.008981742099548162,-0.008981742099548162,-0.008981742099548162,0.0
2023-11-30,-0.00344569181004295,-0.0020000000000000018,-0.00344569181004295,0.0
2023-12-01,0.01609127678568867,0.01514953350687498,0.01609127678568867,0.01514953350687498
2023-12-02,0.03936048459839725,0.03936048459839725,0.03936048459839725,0.03936048459839725
2023-12-03,-0.007615074036009473,-0.007615074036009473,-0.007615074036009473,-0.007615074036009473
2023-12-04,0.02827640303555934,0.02827640303555934,0.02827640303555934,0.02827640303555934
2023-12-05,0.02456753848857729,0.02456753848857729,0.02456753848857729,0.02456753848857729
2023-12-06,-0.007488466207359767,-0.007488466207359767,-0.007488466207359767,-0.007488466207359767
2023-12-07,0.06314114348054489,0.06314114348054489,0.06314114348054489,0.06314114348054489
2023-12-08,0.05443847150911396,0.05443847150911396,0.05443847150911396,0.05443847150911396
2023-12-09,-0.016900507810308718,-0.016900507810308718,-0.016900507810308718,-0.016900507810308718
2023-12-10,0.04618912613056714,0.04618912613056714,0.04618912613056714,0.04618912613056714
2023-12-11,-0.039886444394917286,-0.039886444394917286,-0.039886444394917286,-0.039886444394917286
2023-12-12,0.00021631738110872156,0.00021631738110872156,0.00021631738110872156,0.00021631738110872156
2023-12-13,0.015591882675634494,0.015591882675634494,0.015591882675634494,0.015591882675634494
2023-12-14,0.02107592114053447,0.02107592114053447,0.02107592114053447,0.02107592114053447
2023-12-15,-0.044158337409356596,-0.044158337409356596,-0.044158337409356596,-0.044158337409356596
2023-12-16,0.017978231717229454,0.017978231717229454,0.017978231717229454,0.017978231717229454
2023-12-17,-0.03132331345160444,-0.03132331345160444,-0.03132331345160444,-0.03132331345160444
2023-12-18,0.06406034998343424,0.06406034998343424,0.06406034998343424,-0.0020000000000000018
2023-12-19,-0.03305118785052408,-0.03305118785052408,-0.03305118785052408,0.0
2023-12-20,0.08615825766975416,-0.0020000000000000018,0.08615825766975416,0.0
2023-12-21,0.04754568024734751,0.0,-0.0020000000000000018,0.0
2023-12-22,0.04474274675814893,0.0,0.0,0.0
2023-12-23,0.03902683644915128,0.0,0.0,0.0
2023-12-24,-0.005770786111643722,0.0,0.0,0.0
2023-12-25,0.02461236573889858,0.0,0.0,0.0
2023-12-26,-0.0432872110041006,0.0,0.0,0.0
2023-12-27,0.03607464501522961,0.0,0.0,0.0
2023-12-28,-0.0612650432875077,0.0,0.0,0.0
2023-12-29,0.008185996918483873,0.0,0.007345001257036632,0.0
2023-12-30,0.018716906530529487,0.0,0.018716906530529487,0.0
2023-12-31,-0.0004740377113765515,0.0,-0.0004740377113765515,0.0
2024-01-01,0.05863069488248507,0.0,0.05863069488248507,0.0
2024-01-02,-0.01865755765092325,0.0,-0.01865755765092325,0.0
2024-01-03,-0.061905890142049946,0.0,-0.061905890142049946,0.0
2024-01-04,0.04291521574285895,0.0,0.04291521574285895,0.0
2024-01-05,-0.04765411741801817,0.0,-0.04765411741801817,0.0
2024-01-06,-0.0441091988245238,0.0,-0.0441091988245238,0.0
2024-01-07,-0.049119765109138736,0.0,-0.049119765109138736,0.0
2024-01-08,0.11368604122951043,0.0,0.11368604122951043,0.0
2024-01-09,-0.0331960182941341,0.0,-0.0331960182941341,0.0
2024-01-10,0.08258345561223734,0.0,0.08258345561223734,0.0
2024-01-11,-0.008172548209797625,0.0,-0.008172548209797625,0.0
2024-01-12,-0.03392743123890707,-0.03479294606800687,-0.03392743123890707,-0.03479294606800687
2024-01-13,0.02781826455030867,0.02781826455030867,0.02781826455030867,-0.0020000000000000018
2024-01-14,-0.04809648426163127,-0.04809648426163127,-0.04809648426163127,0.0
2024-01-15,0.03968844582796205,-0.0020000000000000018,0.03968844582796205,0.0
2024-01-16,0.0005997543389930637,0.0,-0.0020000000000000018,0.0
2024-01-17,-0.014165465505366237,0.0,0.0,0.0
2024-01-18,-0.07411089428425,0.0,0.0,0.0
2024-01-19,-0.007835581074000397,0.0,0.0,0.0
2024-01-20,-0.012410990418495249,0.0,0.0,0.0
2024-01-21,-0.013738586113416718,0.0,0.0,0.0
2024-01-22,-0.05705920026489664,0.0,0.0,0.0
2024-01-23,0.017663808358389987,0.0,0.0,0.0
2024-01-24,0.04025126518337885,0.0,0.0,0.0
2024-01-25,-0.02922790329855407,0.0,0.0,0.0
2024-01-26,0.06922941270260474,0.0,0.0,0.0
2024-01-27,-0.005197409370233719,0.0,0.0,0.0
2024-01-28,-0.008592008310582155,0.0,0.0,0.0
2024-01-29,0.05687173521765487,0.0,0.0,0.0
2024-01-30,-0.006205412056944248,0.0,0.0,0.0
2024-01-31,-0.036832241374966324,0.0,0.0,0.0
2024-02-01,0.011222393911605621,0.0,0.0,0.0
2024-02-02,0.0008985532558192233,0.0,0.0,0.0
2024-02-03,-0.010177966750371303,0.0,0.0,0.0
2024-02-04,-0.0080868482548353,0.0,0.0,0.0
2024-02-05,0.019468080591065196,0.0,0.0,0.0
2024-02-06,0.019002768982745222,0.0,0.0,0.0
2024-02-07,0.024915886905554352,0.0,0.0,0.0
2024-02-08,-0.0013743137285193718,0.0,0.0,0.0
2024-02-09,0.05163745174274803,0.05163745174274803,0.05163745174274803,0.05163745174274803
2024-02-10,0.008764532995044316,0.008764532995044316,0.008764532995044316,0.008764532995044316
2024-02-11,0.0023893229939182525,0.0023893229939182525,0.0023893229939182525,0.0023893229939182525
2024-02-12,0.041322118139094144,0.041322118139094144,0.041322118139094144,0.041322118139094144
2024-02-13,-0.008251703847897418,-0.008251703847897418,-0.008251703847897418,-0.008251703847897418
2024-02-14,0.0363790855119408,0.0363790855119408,0.0363790855119408,0.0363790855119408
2024-02-15,0.0017960095100542084,0.0017960095100542084,0.0017960095100542084,0.0017960095100542084
2024-02-16,-0.02461985560483737,-0.02461985560483737,-0.02461985560483737,-0.02461985560483737
2024-02-17,-0.008632075202064105,-0.008632075202064105,-0.008632075202064105,-0.008632075202064105
2024-02-18,0.020593061196726437,0.020593061196726437,0.020593061196726437,0.020593061196726437
2024-02-19,0.002752873475911022,0.002752873475911022,0.002752873475911022,0.002752873475911022
2024-02-20,-0.013730436137390112,-0.013730436137390112,-0.013730436137390112,-0.013730436137390112
2024-02-21,-0.027131198001201673,-0.027131198001201673,-0.027131198001201673,-0.027131198001201673
2024-02-22,-0.0181557187286423,-0.0181557187286423,-0.0181557187286423,-0.0181557187286423
2024-02-23,-0.03704245996049749,-0.03704245996049749,-0.03704245996049749,-0.03704245996049749
2024-02-24,0.019505020016099106,0.019505020016099106,0.019505020016099106,0.019505020016099106
2024-02-25,0.028489684692300843,0.028489684692300843,0.028489684692300843,0.028489684692300843
2024-02-26,0.016820686979825084,0.016820686979825084,0.016820686979825084,0.016820686979825084
2024-02-27,-0.023993051920087827,-0.023993051920087827,-0.023993051920087827,-0.023993051920087827
2024-02-28,0.022325207967817118,0.022325207967817118,0.022325207967817118,0.022325207967817118
2024-02-29,-0.0027184827576334225,-0.0027184827576334225,-0.0027184827576334225,-0.0027184827576334225
2024-03-01,0.03139255398371077,0.03139255398371077,0.03139255398371077,0.03139255398371077
2024-03-02,0.017549919834926042,0.017549919834926042,0.017549919834926042,0.017549919834926042
2024-03-03,0.01731989109877241,0.01731989109877241,0.01731989109877241,0.01731989109877241
2024-03-04,-0.013861929185227884,-0.013861929185227884,-0.013861929185227884,-0.013861929185227884
2024-03-05,-0.040044583119419386,-0.040044583119419386,-0.040044583119419386,-0.040044583119419386
2024-03-06,0.09042034521066666,0.09042034521066666,0.09042034521066666,0.09042034521066666
2024-03-07,0.0466080967276703,0.0466080967276703,0.0466080967276703,0.0466080967276703
2024-03-08,0.044898765136009766,0.044898765136009766,0.044898765136009766,0.044898765136009766
2024-03-09,0.014687817470092401,0.014687817470092401,0.014687817470092401,0.014687817470092401
2024-03-10,-0.02223840499880636,-0.02223840499880636,-0.02223840499880636,-0.02223840499880636
2024-03-11,0.05149765900899039,0.05149765900899039,0.05149765900899039,0.05149765900899039
2024-03-12,0.007400881062640696,0.007400881062640696,0.007400881062640696,0.007400881062640696
2024-03-13,0.015408478115384483,0.015408478115384483,0.015408478115384483,0.015408478115384483
2024-03-14,0.011279305422446928,0.011279305422446928,0.011279305422446928,0.011279305422446928
2024-03-15,-0.06187645058324487,-0.06187645058324487,-0.06187645058324487,-0.06187645058324487
2024-03-16,-0.09735159746358668,-0.09735159746358668,-0.09735159746358668,-0.09735159746358668
2024-03-17,0.07951393050384015,0.07951393050384015,0.07951393050384015,-0.0020000000000000018
2024-03-18,-0.06086238374719655,-0.06086238374719655,-0.06086238374719655,0.0
2024-03-19,-0.0945439032618699,-0.0020000000000000018,-0.0945439032618699,0.0
2024-03-20,0.1127165284580618,0.0,-0.0020000000000000018,0.0
2024-03-21,-0.00688228426989812,0.0,0.0,0.0
2024-03-22,0.0016433683720598058,0.0,0.0,0.0
2024-03-23,0.022999436972128917,0.0,0.0,0.0
2024-03-24,0.04975205789239001,0.0,0.0,0.0
2024-03-25,0.030092355138765292,0.0,0.0,0.0
2024-03-26,0.01710908122173671,0.0,0.0,0.0
2024-03-27,0.01779835264646268,0.0,0.0,0.0
2024-03-28,0.03378441018385092,0.0,0.0,0.0
2024-03-29,0.004528233033378459,0.0,0.0,0.0
2024-03-30,-0.01598336822933477,0.0,0.0,0.0
2024-03-31,0.056615591873477866,0.0,0.0,0.0
2024-04-01,-0.04520730867937828,0.0,0.0,0.0
2024-04-02,-0.07069215415133223,0.0,0.0,0.0
2024-04-03,-0.008403067903939743,0.0,0.0,0.0
2024-04-04,0.04086750210684298,0.0,0.0,0.0
2024-04-05,-0.008474679374031235,-0.009789599923874293,-0.009789599923874293,-0.009789599923874293
2024-04-06,0.017521189847966356,0.017521189847966356,0.017521189847966356,0.017521189847966356
2024-04-07,0.008376123515579925,0.008376123515579925,0.008376123515579925,0.008376123515579925
2024-04-08,0.03821667056376965,0.03821667056376965,0.03821667056376965,0.03821667056376965
2024-04-09,-0.011638403514291684,-0.011638403514291684,-0.011638403514291684,-0.011638403514291684
2024-04-10,0.0015569875932017752,-0.0020000000000000018,0.0015569875932017752,0.0015569875932017752
2024-04-11,0.007755802126757416,0.0,0.007755802126757416,0.007755802126757416
2024-04-12,-0.10191019719206207,0.0,-0.10191019719206207,-0.10191019719206207
2024-04-13,-0.09823052150649281,0.0,-0.0020000000000000018,-0.0020000000000000018
2024-04-14,0.09290368827817685,0.0,0.0,0.0
2024-04-15,-0.050845958260361535,0.0,0.0,0.0
2024-04-16,-0.016184200408854155,0.0,0.0,0.0
2024-04-17,-0.03929135277862639,0.0,0.0,0.0
2024-04-18,0.04681228555832395,0.0,0.0,0.0
2024-04-19,-0.004899412753959553,0.0,0.0,0.0
2024-04-20,0.050421284311352954,0.0,0.0,0.0
2024-04-21,-0.0065582279695480805,0.0,0.0,0.0
2024-04-22,0.022185186925112843,0.0,0.0,0.0
2024-04-23,-0.00801904347331539,0.0,0.0,0.0
2024-04-24,-0.03048456524644405,0.0,0.0,0.0
2024-04-25,-0.0024304118621018,0.0,0.0,0.0
2024-04-26,-0.010938676577793127,0.0,0.0,0.0
2024-04-27,-0.0019906107761772374,0.0,0.0,0.0
2024-04-28,-0.005233455118735075,0.0,0.0,0.0
2024-04-29,-0.00851333229948259,0.0,0.0,0.0
2024-04-30,-0.05495958862900241,0.0,0.0,0.0
2024-05-01,-0.009585260514429095,0.0,0.0,0.0
2024-05-02,0.01307689488355357,0.0,0.0,0.0
2024-05-03,0.05648249144541162,0.0,0.0,0.0
2024-05-04,0.021773438033805714,0.0,0.0,0.0
2024-05-05,0.005428069120154921,0.0,0.0,0.0
2024-05-06,-0.01392844522628145,0.0,0.0,0.0
2024-05-07,-0.028948630125317898,0.0,0.0,0.0
2024-05-08,-0.020095282272401982,0.0,0.0,0.0
2024-05-09,0.04888719931016716,0.0,0.0,0.0
2024-05-10,-0.029240061019992325,0.0,0.0,0.0
2024-05-11,0.003537508937661027,0.0,0.0,0.0
2024-05-12,-0.003190088820076209,0.0,0.0,0.0
2024-05-13,0.021389513672623872,0.0,0.0,0.0
2024-05-14,-0.024198107327787488,0.0,0.0,0.0
2024-05-15,0.06341926062115788,0.0,0.0,0.0
2024-05-16,-0.022979552616237964,0.0,0.0,0.0
2024-05-17,0.023089228599899148,0.022576915515973184,0.022576915515973184,0.022576915515973184
2024-05-18,-0.006858510929652506,-0.006858510929652506,-0.006858510929652506,-0.006858510929652506
2024-05-19,-0.015010748669770257,-0.015010748669770257,-0.015010748669770257,-0.015010748669770257
2024-05-20,0.07269906556232941,0.07269906556232941,0.07269906556232941,0.07269906556232941
2024-05-21,-0.016411295593012798,-0.016411295593012798,-0.016411295593012798,-0.016411295593012798
2024-05-22,-0.006911206023921257,-0.006911206023921257,-0.006911206023921257,-0.006911206023921257
2024-05-23,-0.02314053263378768,-0.02314053263378768,-0.02314053263378768,-0.02314053263378768
2024-05-24,0.0091445100913905,0.0091445100913905,0.0091445100913905,0.0091445100913905
2024-05-25,0.020132698365584956,0.020132698365584956,0.020132698365584956,0.020132698365584956
2024-05-26,-0.026098479881558667,-0.026098479881558667,-0.026098479881558667,-0.026098479881558667
2024-05-27,0.03093240705136524,0.03093240705136524,0.03093240705136524,0.03093240705136524
2024-05-28,-0.0033635608158202324,-0.0033635608158202324,-0.0033635608158202324,-0.0033635608158202324
2024-05-29,-0.0018039618922678358,-0.0018039618922678358,-0.0018039618922678358,-0.0018039618922678358
2024-05-30,-0.019540329518036414,-0.019540329518036414,-0.019540329518036414,-0.019540329518036414
2024-05-31,-0.0042936823265372626,-0.0042936823265372626,-0.0042936823265372626,-0.0042936823265372626
2024-06-01,0.00218695155145876,0.00218695155145876,0.00218695155145876,0.00218695155145876
2024-06-02,0.000717195736580134,0.000717195736580134,0.000717195736580134,0.000717195736580134
2024-06-03,-0.0007935642332834725,-0.0007935642332834725,-0.0007935642332834725,-0.0020000000000000018
2024-06-04,0.024732192649590923,-0.0020000000000000018,0.024732192649590923,0.0
2024-06-05,0.011643895693896456,0.0,0.011643895693896456,0.0
2024-06-06,-0.004754497323328444,0.0,-0.004754497323328444,0.0
2024-06-07,-0.046189673835728806,0.0,-0.046189673835728806,0.0
2024-06-08,-0.015589065595934759,0.0,-0.015589065595934759,0.0
2024-06-09,0.014481425702004058,0.0,0.014481425702004058,0.0
2024-06-10,-0.005365421462554032,0.0,-0.005365421462554032,0.0
2024-06-11,-0.04829832704478476,0.0,-0.04829832704478476,0.0
2024-06-12,0.04017813792108993,0.0,0.04017813792108993,0.0
2024-06-13,-0.02262957774547536,0.0,-0.02262957774547536,0.0
2024-06-14,-0.008403466422923334,0.0,-0.008403466422923334,0.0
2024-06-15,0.00956618755239913,0.0,-0.0020000000000000018,0.0
2024-06-16,0.007718434176137823,0.0,0.0,0.0
2024-06-17,-0.02459091946425651,0.0,0.0,0.0
2024-06-18,-0.04021839053640708,0.0,0.0,0.0
2024-06-19,0.002146119799161683,0.0,0.0,0.0
2024-06-20,0.002387947502047405,0.0,0.0,0.0
2024-06-21,-0.0010872312789959038,0.0,0.0,0.0
2024-06-22,0.002297229343249496,0.0,0.0,0.0
2024-06-23,-0.013291453956136845,0.0,0.0,0.0
2024-06-24,-0.01920086632359952,0.0,0.0,0.0
2024-06-25,0.019090640138676562,0.0,0.0,0.0
2024-06-26,-0.0059583967977794305,0.0,0.0,0.0
2024-06-27,0.027898147688298458,0.0,0.0,0.0
2024-06-28,-0.0020000000000000018,0.0,0.0,0.0
2024-06-29,0.0,0.0,0.0,0.0
2024-06-30,0.0,0.0,0.0,0.0
2024-07-01,0.0,0.0,0.0,0.0
2024-07-02,0.0,0.0,0.0,0.0
2024-07-03,0.0,0.0,0.0,0.0
2024-07-04,0.0,0.0,0.0,0.0
2024-07-05,0.0,0.0,0.0,0.0
2024-07-06,0.0,0.0,0.0,0.0
2024-07-07,0.0,0.0,0.0,0.0
2024-07-08,0.0,0.0,0.0,0.0
2024-07-09,0.0,0.0,0.0,0.0
2024-07-10,0.0,0.0,0.0,0.0
2024-07-11,0.0,0.0,0.0,0.0
2024-07-12,0.0,0.0,0.0,0.0
2024-07-13,0.0,0.0,0.0,0.0
2024-07-14,0.0,0.0,0.0,0.0
2024-07-15,0.0,0.0,0.0,0.0
2024-07-16,0.0,0.0,0.0,0.0
2024-07-17,0.0,0.0,0.0,0.0
2024-07-18,0.0,0.0,0.0,0.0
2024-07-19,0.0,0.0,0.0,0.0
2024-07-20,0.0,0.0,0.0,0.0
2024-07-21,0.0,0.0,0.0,0.0
2024-07-22,0.0,0.0,0.0,0.0
2024-07-23,0.0,0.0,0.0,0.0
2024-07-24,0.0,0.0,0.0,0.0
2024-07-25,0.0,0.0,0.0,0.0
2024-07-26,0.0,0.0,0.0,0.0
2024-07-27,0.0,0.0,0.0,0.0
2024-07-28,0.0,0.0,0.0,0.0
2024-07-29,0.0,0.0,0.0,0.0
2024-07-30,0.0,0.0,0.0,0.0
2024-07-31,0.0,0.0,0.0,0.0
2024-08-01,0.0,0.0,0.0,0.0
2024-08-02,0.0,0.0,0.0,0.0
2024-08-03,0.0,0.0,0.0,0.0
2024-08-04,0.0,0.0,0.0,0.0
2024-08-05,0.0,0.0,0.0,0.0
2024-08-06,0.0,0.0,0.0,0.0
2024-08-07,0.0,0.0,0.0,0.0
2024-08-08,0.0,0.0,0.0,0.0
2024-08-09,0.0,0.0,0.0,0.0
2024-08-10,0.0,0.0,0.0,0.0
2024-08-11,0.0,0.0,0.0,0.0
2024-08-12,0.0,0.0,0.0,0.0
2024-08-13,0.0,0.0,0.0,0.0
2024-08-14,0.0,0.0,0.0,0.0
2024-08-15,0.0,0.0,0.0,0.0
2024-08-16,0.0,0.0,0.0,0.0
2024-08-17,0.0,0.0,0.0,0.0
2024-08-18,0.0,0.0,0.0,0.0
2024-08-19,0.0,0.0,0.0,0.0
2024-08-20,0.0,0.0,0.0,0.0
2024-08-21,0.0,0.0,0.0,0.0
2024-08-22,0.0,0.0,0.0,0.0
2024-08-23,0.0,0.0,0.0,0.0
2024-08-24,0.0,0.0,0.0,0.0
2024-08-25,0.0,0.0,0.0,0.0
2024-08-26,0.0,0.0,0.0,0.0
2024-08-27,0.0,0.0,0.0,0.0
2024-08-28,0.0,0.0,0.0,0.0
2024-08-29,0.0,0.0,0.0,0.0
2024-08-30,0.0,0.0,0.0,0.0
2024-08-31,0.0,0.0,0.0,0.0
2024-09-01,0.0,0.0,0.0,0.0
2024-09-02,0.0,0.0,0.0,0.0
2024-09-03,0.0,0.0,0.0,0.0
2024-09-04,0.0,0.0,0.0,0.0
2024-09-05,0.0,0.0,0.0,0.0
2024-09-06,0.0,0.0,0.0,0.0
2024-09-07,0.0,0.0,0.0,0.0
2024-09-08,0.0,0.0,0.0,0.0
2024-09-09,0.0,0.0,0.0,0.0
2024-09-10,0.0,0.0,0.0,0.0
2024-09-11,0.0,0.0,0.0,0.0
2024-09-12,0.0,0.0,0.0,0.0
2024-09-13,0.0,0.0,0.0,0.0
2024-09-14,0.0,0.0,0.0,0.0
2024-09-15,0.0,0.0,0.0,0.0
2024-09-16,0.0,0.0,0.0,0.0
2024-09-17,0.0,0.0,0.0,0.0
2024-09-18,0.0,0.0,0.0,0.0
2024-09-19,0.0,0.0,0.0,0.0
2024-09-20,0.0,0.0,0.0,0.0
2024-09-21,0.0,0.0,0.0,0.0
2024-09-22,0.0,0.0,0.0,0.0
2024-09-23,0.0,0.0,0.0,0.0
2024-09-24,0.0,0.0,0.0,0.0
2024-09-25,0.0,0.0,0.0,0.0
2024-09-26,0.0,0.0,0.0,0.0
2024-09-27,0.0,0.0,0.0,0.0
2024-09-28,0.0,0.0,0.0,0.0
2024-09-29,0.0,0.0,0.0,0.0
2024-09-30,0.0,0.0,0.0,0.0
2024-10-01,0.0,0.0,0.0,0.0
2024-10-02,0.0,0.0,0.0,0.0
2024-10-03,0.0,0.0,0.0,0.0
2024-10-04,0.0,0.0,0.0,0.0
2024-10-05,0.0,0.0,0.0,0.0
2024-10-06,0.0,0.0,0.0,0.0
2024-10-07,0.0,0.0,0.0,0.0
2024-10-08,0.0,0.0,0.0,0.0
2024-10-09,0.0,0.0,0.0,0.0
2024-10-10,0.0,0.0,0.0,0.0
2024-10-11,0.0,0.0,0.0,0.0
2024-10-12,0.0,0.0,0.0,0.0
2024-10-13,0.0,0.0,0.0,0.0
2024-10-14,0.0,0.0,0.0,0.0
2024-10-15,0.0,0.0,0.0,0.0
2024-10-16,0.0,0.0,0.0,0.0
2024-10-17,0.0,0.0,0.0,0.0
2024-10-18,0.02653141471097875,0.02653141471097875,0.02653141471097875,0.02653141471097875
2024-10-19,-0.00021022108293766717,-0.00021022108293766717,-0.00021022108293766717,-0.00021022108293766717
2024-10-20,0.03556269704649173,0.03556269704649173,0.03556269704649173,0.03556269704649173
2024-10-21,-0.0372185225824474,-0.0372185225824474,-0.0372185225824474,-0.0372185225824474
2024-10-22,-0.011419585208198857,-0.011419585208198857,-0.011419585208198857,-0.011419585208198857
2024-10-23,-0.005544676839242202,-0.005544676839242202,-0.005544676839242202,-0.005544676839242202
2024-10-24,0.01302202269262498,0.01302202269262498,0.01302202269262498,0.01302202269262498
2024-10-25,-0.07600573341449712,-0.07600573341449712,-0.07600573341449712,-0.07600573341449712
2024-10-26,0.028064279484543597,0.028064279484543597,0.028064279484543597,0.028064279484543597
2024-10-27,0.01644606587939168,0.01644606587939168,0.01644606587939168,0.01644606587939168
2024-10-28,0.029968752563410694,0.029968752563410694,0.029968752563410694,0.029968752563410694
2024-10-29,0.05471775312210836,0.05471775312210836,0.05471775312210836,0.05471775312210836
2024-10-30,-0.017400748272112576,-0.017400748272112576,-0.017400748272112576,-0.017400748272112576
2024-10-31,-0.04275259751406224,-0.04275259751406224,-0.04275259751406224,-0.04275259751406224
2024-11-01,-0.019716773127604004,-0.019716773127604004,-0.019716773127604004,-0.019716773127604004
2024-11-02,-0.018352870569484314,-0.018352870569484314,-0.018352870569484314,-0.018352870569484314
2024-11-03,-0.017825600126163077,-0.017825600126163077,-0.017825600126163077,-0.017825600126163077
2024-11-04,-0.019265262532781158,-0.0020000000000000018,-0.019265262532781158,-0.019265262532781158
2024-11-05,0.05819469127248311,0.0,0.05819469127248311,-0.0020000000000000018
2024-11-06,0.11503683441294887,0.0,0.11503683441294887,0.0
2024-11-07,0.002775775318884399,0.0,0.002775775318884399,0.0
2024-11-08,0.0030093453198742903,0.0,0.0030093453198742903,0.0
2024-11-09,0.061872078878544734,0.0,0.061872078878544734,0.0
2024-11-10,0.11015268794461464,0.0,0.11015268794461464,0.0
2024-11-11,0.10955716056267861,0.0,0.10955716056267861,0.0
2024-11-12,-0.020786826985535578,0.0,-0.020786826985535578,0.0
2024-11-13,0.007749732365900153,0.0,0.007749732365900153,0.0
2024-11-14,-0.05116779357710621,0.0,-0.05116779357710621,0.0
2024-11-15,0.1079217972748514,0.10798062819902854,0.1079217972748514,0.10798062819902854
2024-11-16,0.020964278672392034,0.020964278672392034,0.020964278672392034,0.020964278672392034
2024-11-17,-0.007314281460944594,-0.007314281460944594,-0.007314281460944594,-0.007314281460944594
2024-11-18,0.019175924758529916,0.019175924758529916,0.019175924758529916,0.019175924758529916
2024-11-19,0.0010578414693993565,0.0010578414693993565,0.0010578414693993565,0.0010578414693993565
2024-11-20,-0.0035270924476754617,-0.0035270924476754617,-0.0035270924476754617,-0.0035270924476754617
2024-11-21,0.06144116735783367,0.06144116735783367,0.06144116735783367,0.06144116735783367
2024-11-22,0.07704359771388014,0.07704359771388014,0.07704359771388014,0.07704359771388014
2024-11-23,0.016765206259178322,0.016765206259178322,0.016765206259178322,0.016765206259178322
2024-11-24,-0.023453912619207373,-0.023453912619207373,-0.023453912619207373,-0.023453912619207373
2024-11-25,-0.05937951754646831,-0.05937951754646831,-0.05937951754646831,-0.05937951754646831
2024-11-26,-0.0019672459693222955,-0.0019672459693222955,-0.0019672459693222955,-0.0019672459693222955
2024-11-27,0.045581177034675235,0.045581177034675235,0.045581177034675235,0.045581177034675235
2024-11-28,0.008428506404490888,0.008428506404490888,0.008428506404490888,0.008428506404490888
2024-11-29,0.07835469239332227,0.07835469239332227,0.07835469239332227,0.07835469239332227
2024-11-30,-0.0005660407187810801,-0.0005660407187810801,-0.0005660407187810801,-0.0005660407187810801
2024-12-01,0.08465175417433723,0.08465175417433723,0.08465175417433723,0.08465175417433723
2024-12-02,0.11678873619522667,0.11678873619522667,0.11678873619522667,0.11678873619522667
2024-12-03,-0.008300582913707832,-0.008300582913707832,-0.008300582913707832,-0.008300582913707832
2024-12-04,-0.012297439334913451,-0.012297439334913451,-0.012297439334913451,-0.012297439334913451
2024-12-05,-0.0031249792874831206,-0.0031249792874831206,-0.0031249792874831206,-0.0031249792874831206
2024-12-06,0.09860768946528253,-0.0020000000000000018,0.09860768946528253,0.09860768946528253
2024-12-07,-0.003831785496046569,0.0,-0.003831785496046569,-0.003831785496046569
2024-12-08,0.000622068112982932,0.0,0.000622068112982932,0.000622068112982932
2024-12-09,-0.1461587896092611,0.0,-0.1461587896092611,-0.1461587896092611
2024-12-10,0.008516243361193387,0.0,0.008516243361193387,0.008516243361193387
2024-12-11,0.062004283061046994,0.0,0.062004283061046994,-0.0020000000000000018
2024-12-12,0.0025581642799039628,0.0,0.0025581642799039628,0.0
2024-12-13,0.019720371700271855,0.0185467655682785,0.019720371700271855,0.0185467655682785
2024-12-14,-0.03615275809311769,-0.03615275809311769,-0.03615275809311769,-0.03615275809311769
2024-12-15,0.023572717049649583,0.023572717049649583,0.023572717049649583,0.023572717049649583
2024-12-16,-0.022706859127383128,-0.022706859127383128,-0.022706859127383128,-0.022706859127383128
2024-12-17,-0.00046393727703475385,-0.00046393727703475385,-0.00046393727703475385,-0.00046393727703475385
2024-12-18,-0.0819163606349117,-0.0819163606349117,-0.0819163606349117,-0.0819163606349117
2024-12-19,-0.07500647415774064,-0.07500647415774064,-0.07500647415774064,-0.07500647415774064
2024-12-20,0.04449346556416689,0.04449346556416689,0.04449346556416689,-0.0020000000000000018
2024-12-21,-0.037770238858337635,-0.0020000000000000018,-0.037770238858337635,0.0
2024-12-22,0.00072925333521634,0.0,-0.0020000000000000018,0.0
2024-12-23,0.06050462795023437,0.0,0.0,0.0
2024-12-24,0.04115840002796811,0.0,0.0,0.0
2024-12-25,-0.031013006187936787,0.0,0.0,0.0
2024-12-26,-0.06837478348783643,0.0,0.0,0.0
2024-12-27,-0.011795988220782982,0.0,0.0,0.0
2024-12-28,0.024994756512613847,0.0,0.0,0.0
2024-12-29,-0.03613835098674856,0.0,0.0,0.0
2024-12-30,-0.005713139316304128,0.0,0.0,0.0
2024-12-31,-0.008743221063070239,0.0,0.0,0.0
2025-01-01,0.09138675417523268,0.0,0.0,0.0
2025-01-02,0.02466213210359447,0.0,0.0,0.0
2025-01-03,0.0767703887305975,0.0,0.0,0.0
2025-01-04,0.007181528977774798,0.0,0.0,0.0
2025-01-05,-0.011527138713408935,0.0,0.0,0.0
2025-01-06,0.0077690509292804855,0.0,0.0,0.0
2025-01-07,-0.07647782313400775,0.0,0.0,0.0
2025-01-08,-0.004522917109408997,0.0,0.0,0.0
2025-01-09,-0.0497930885574015,0.0,0.0,0.0
2025-01-10,0.04462452719561916,0.0,0.0,0.0
2025-01-11,0.041423909624785926,0.0,0.0,0.0
2025-01-12,-0.026955706314971573,0.0,0.0,0.0
2025-01-13,-0.013984081344396548,0.0,0.0,0.0
2025-01-14,0.02853607080078735,0.0,0.0,0.0
2025-01-15,0.09578449583808135,0.0,0.0,0.0
2025-01-16,0.012409304779108954,0.0,0.0,0.0
2025-01-17,0.043664251003304067,0.0,0.0,0.0
2025-01-18,-0.024734053009743184,0.0,0.0,0.0
2025-01-19,-0.0804667141222769,0.0,0.0,0.0
2025-01-20,0.03379588915100862,0.0,0.0,0.0
2025-01-21,0.02876456812402184,0.0,0.0,0.0
2025-01-22,-0.03031443417732227,0.0,0.0,0.0
2025-01-23,-0.009131805719482688,0.0,0.0,0.0
2025-01-24,-0.006318585294980972,-0.0076662510380980375,-0.0076662510380980375,-0.0076662510380980375
2025-01-25,-0.004762350175648411,-0.004762350175648411,-0.004762350175648411,-0.004762350175648411
2025-01-26,-0.03160662985859575,-0.03160662985859575,-0.03160662985859575,-0.03160662985859575
2025-01-27,-0.014068725402160531,-0.014068725402160531,-0.014068725402160531,-0.014068725402160531
2025-01-28,-0.03878681526150596,-0.03878681526150596,-0.03878681526150596,-0.03878681526150596
2025-01-29,0.015947174993226065,0.015947174993226065,0.015947174993226065,0.015947174993226065
2025-01-30,0.048462205120672674,0.048462205120672674,0.048462205120672674,0.048462205120672674
2025-01-31,-0.004323155868750983,-0.004323155868750983,-0.004323155868750983,-0.004323155868750983
2025-02-01,-0.06724213325931361,-0.0020000000000000018,-0.06724213325931361,-0.06724213325931361
2025-02-02,-0.10633170215300836,0.0,-0.0020000000000000018,-0.0020000000000000018
2025-02-03,0.06353456438476068,0.0,0.0,0.0
2025-02-04,-0.057064576938452016,0.0,0.0,0.0
2025-02-05,-0.038470730746901105,0.0,0.0,0.0
2025-02-06,-0.031060170998162384,0.0,0.0,0.0
2025-02-07,0.00528158065929607,0.0,0.0,0.0
2025-02-08,0.002880646876450621,0.0,0.0,0.0
2025-02-09,-0.009230249934141566,0.0,0.0,0.0
2025-02-10,0.032495668923428145,0.0,0.0,0.0
2025-02-11,-0.009139776010109846,0.0,0.0,0.0
2025-02-12,0.017172944525112976,0.0,0.0,0.0
2025-02-13,-0.013464020684494149,0.0,0.0,0.0
2025-02-14,0.020648323695056092,0.0,0.0,0.0
2025-02-15,0.0046915813870731515,0.0,0.0,0.0
2025-02-16,-0.023630496582177307,0.0,0.0,0.0
2025-02-17,-0.012274303629617123,0.0,0.0,0.0
2025-02-18,-0.01996864822619182,0.0,0.0,0.0
2025-02-19,0.03678913780431148,0.0,0.0,0.0
2025-02-20,-0.0024881925483947187,0.0,0.0,0.0
2025-02-21,-0.030017064861301956,-0.03078738939641834,-0.03078738939641834,-0.03078738939641834
2025-02-22,0.00749406269896391,-0.0020000000000000018,0.00749406269896391,-0.0020000000000000018
2025-02-23,0.002680207677421498,0.0,0.002680207677421498,0.0
2025-02-24,-0.09141675863250398,0.0,-0.09141675863250398,0.0
2025-02-25,-0.01997130798124902,0.0,-0.0020000000000000018,0.0
2025-02-26,-0.02962174146789598,0.0,0.0,0.0
2025-02-27,0.0013795537086691567,0.0,0.0,0.0
2025-02-28,0.0013578175381441238,0.0,0.0,0.0
2025-03-01,0.04734646574751045,0.0,0.0,0.0
2025-03-02,0.18001773124898235,0.0,0.0,0.0
2025-03-03,-0.15465619012680887,0.0,0.0,0.0
2025-03-04,0.02336346285650448,0.0,0.0,0.0
2025-03-05,0.028712181606918463,0.0,0.0,0.0
2025-03-06,-0.011814457373222509,0.0,0.0,0.0
2025-03-07,-0.0020000000000000018,0.0,0.0,0.0
2025-03-08,0.0,0.0,0.0,0.0
2025-03-09,0.0,0.0,0.0,0.0
2025-03-10,0.0,0.0,0.0,0.0
2025-03-11,0.0,0.0,0.0,0.0
2025-03-12,0.0,0.0,0.0,0.0
2025-03-13,0.0,0.0,0.0,0.0
2025-03-14,0.0,0.0,0.0,0.0
2025-03-15,0.0,0.0,0.0,0.0
2025-03-16,0.0,0.0,0.0,0.0
2025-03-17,0.0,0.0,0.0,0.0
2025-03-18,0.0,0.0,0.0,0.0
2025-03-19,0.0,0.0,0.0,0.0
2025-03-20,0.0,0.0,0.0,0.0
2025-03-21,0.0,0.0,0.0,0.0
2025-03-22,0.0,0.0,0.0,0.0
2025-03-23,0.0,0.0,0.0,0.0
2025-03-24,0.0,0.0,0.0,0.0
2025-03-25,0.0,0.0,0.0,0.0
2025-03-26,0.0,0.0,0.0,0.0
2025-03-27,0.0,0.0,0.0,0.0
2025-03-28,0.0,0.0,0.0,0.0
2025-03-29,0.0,0.0,0.0,0.0
2025-03-30,0.0,0.0,0.0,0.0
2025-03-31,0.0,0.0,0.0,0.0
2025-04-01,0.0,0.0,0.0,0.0
2025-04-02,0.0,0.0,0.0,0.0
2025-04-03,0.0,0.0,0.0,0.0
2025-04-04,0.0,0.0,0.0,0.0
2025-04-05,0.0,0.0,0.0,0.0
2025-04-06,0.0,0.0,0.0,0.0
2025-04-07,0.0,0.0,0.0,0.0
2025-04-08,0.0,0.0,0.0,0.0
2025-04-09,0.0,0.0,0.0,0.0
2025-04-10,0.0,0.0,0.0,0.0
2025-04-11,0.0,0.0,0.0,0.0
2025-04-12,0.0,0.0,0.0,0.0
2025-04-13,0.0,0.0,0.0,0.0
2025-04-14,0.0,0.0,0.0,0.0
2025-04-15,0.0,0.0,0.0,0.0
2025-04-16,0.0,0.0,0.0,0.0
2025-04-17,0.0,0.0,0.0,0.0
2025-04-18,0.0,0.0,0.0,0.0
2025-04-19,0.0,0.0,0.0,0.0
2025-04-20,0.0,0.0,0.0,0.0
2025-04-21,0.0,0.0,0.0,0.0
2025-04-22,0.0,0.0,0.0,0.0
2025-04-23,0.0,0.0,0.0,0.0
2025-04-24,0.0,0.0,0.0,0.0
2025-04-25,0.0,0.0,0.0,0.0
2025-04-26,0.0,0.0,0.0,0.0
2025-04-27,0.0,0.0,0.0,0.0
2025-04-28,0.0,0.0,0.0,0.0
2025-04-29,0.0,0.0,0.0,0.0
2025-04-30,0.0,0.0,0.0,0.0
2025-05-01,0.0,0.0,0.0,0.0
2025-05-02,0.0,0.0,0.0,0.0
2025-05-03,0.0,0.0,0.0,0.0
2025-05-04,0.0,0.0,0.0,0.0
2025-05-05,0.0,0.0,0.0,0.0
2025-05-06,0.0,0.0,0.0,0.0
2025-05-07,0.0,0.0,0.0,0.0
2025-05-08,0.0,0.0,0.0,0.0
2025-05-09,0.0,0.0,0.0,0.0
2025-05-10,0.0,0.0,0.0,0.0
2025-05-11,0.0,0.0,0.0,0.0
2025-05-12,0.0,0.0,0.0,0.0
2025-05-13,0.0,0.0,0.0,0.0
2025-05-14,0.0,0.0,0.0,0.0
2025-05-15,0.0,0.0,0.0,0.0
2025-05-16,-0.04547195984295249,-0.04547195984295249,-0.04547195984295249,-0.04547195984295249
2025-05-17,-0.005690215613234906,-0.005690215613234906,-0.005690215613234906,-0.005690215613234906
2025-05-18,-0.02210306244634941,-0.02210306244634941,-0.02210306244634941,-0.02210306244634941
2025-05-19,0.034847379460631656,0.034847379460631656,0.034847379460631656,0.034847379460631656
2025-05-20,-0.00740896002838054,-0.00740896002838054,-0.00740896002838054,-0.00740896002838054
2025-05-21,0.006278447866458592,0.006278447866458592,0.006278447866458592,0.006278447866458592
2025-05-22,0.043684753182258396,0.043684753182258396,0.043684753182258396,0.043684753182258396
2025-05-23,0.03536739503427522,0.03536739503427522,0.03536739503427522,0.03536739503427522
2025-05-24,-0.05611342093984606,-0.05611342093984606,-0.05611342093984606,-0.05611342093984606
2025-05-25,0.0022640092150960633,0.0022640092150960633,0.0022640092150960633,0.0022640092150960633
2025-05-26,0.004771262556557021,0.004771262556557021,0.004771262556557021,0.004771262556557021
2025-05-27,-0.006669222819386422,-0.006669222819386422,-0.006669222819386422,-0.006669222819386422
2025-05-28,0.006962759982094058,0.006962759982094058,0.006962759982094058,0.006962759982094058
2025-05-29,-0.01713676323003188,-0.01713676323003188,-0.01713676323003188,-0.01713676323003188
2025-05-30,-0.023271704136859417,-0.023271704136859417,-0.023271704136859417,-0.023271704136859417
2025-05-31,-0.056665935108795695,-0.056665935108795695,-0.056665935108795695,-0.0020000000000000018
2025-06-01,0.006282946525209665,0.006282946525209665,0.006282946525209665,0.0
2025-06-02,0.013788554296522815,0.013788554296522815,0.013788554296522815,0.0
2025-06-03,0.0068313891045515,-0.0020000000000000018,0.0068313891045515,0.0
2025-06-04,-0.011843626458477696,0.0,-0.011843626458477696,0.0
2025-06-05,-0.01934164960264151,0.0,-0.01934164960264151,0.0
2025-06-06,-0.04970176321922559,0.0,-0.0020000000000000018,0.0
2025-06-07,0.03250338208807557,0.0,0.0,0.0
2025-06-08,0.01874036002852897,0.0,0.0,0.0
2025-06-09,0.00025787860635362314,0.0,0.0,0.0
2025-06-10,0.04647477853226878,0.0,0.0,0.0
2025-06-11,0.018655754701264904,0.0,0.0,0.0
2025-06-12,-0.019572177996749485,0.0,0.0,0.0
2025-06-13,-0.032752788323749726,-0.0336949985334104,-0.0336949985334104,-0.0336949985334104
2025-06-14,-0.010229410225812807,-0.010229410225812807,-0.010229410225812807,-0.0020000000000000018
2025-06-15,-0.016509627803749538,-0.016509627803749538,-0.016509627803749538,0.0
2025-06-16,0.02295691639817754,0.02295691639817754,0.02295691639817754,0.0
2025-06-17,0.006706922975499241,-0.0020000000000000018,0.006706922975499241,0.0
2025-06-18,-0.017835413163036162,0.0,-0.017835413163036162,0.0
2025-06-19,-0.005690998525612723,0.0,-0.005690998525612723,0.0
2025-06-20,0.011977501675023872,0.0,-0.0020000000000000018,0.0
2025-06-21,-0.02672058108138131,0.0,0.0,0.0
2025-06-22,-0.029198002319138827,0.0,0.0,0.0
2025-06-23,-0.020853851805442525,0.0,0.0,0.0
2025-06-24,0.06173247513680713,0.0,0.0,0.0
2025-06-25,0.0002615691147835886,0.0,0.0,0.0
2025-06-26,0.00309922509016336,0.0,0.0,0.0
2025-06-27,-0.006260171027209993,0.0,0.0,-0.0072150059549723755
2025-06-28,0.0029487226581010884,0.0,0.0,0.0029487226581010884
2025-06-29,0.005712598258933443,0.0,0.0,0.005712598258933443
2025-06-30,0.011205894026816487,0.0,0.0,0.011205894026816487
2025-07-01,-0.00019015116521869935,0.0,0.0,-0.00019015116521869935
2025-07-02,-0.020048943788240958,0.0,0.0,-0.020048943788240958
2025-07-03,0.027225887951555228,0.0,0.0,0.027225887951555228
2025-07-04,0.0008072187340146808,0.0,0.0,0.0008072187340146808
2025-07-05,-0.014562648402397071,0.0,0.0,-0.014562648402397071
2025-07-06,0.0044577044568723245,0.0,0.0,0.0044577044568723245
2025-07-07,0.011484613385368547,0.0,0.0,0.011484613385368547
2025-07-08,-0.0031099582486275867,0.0,0.0,-0.0031099582486275867
2025-07-09,0.008077809801633418,0.0,0.0,0.008077809801633418
2025-07-10,0.030323838848624662,0.0,0.0,0.030323838848624662
2025-07-11,0.028972990003933496,0.02748630535197627,0.02748630535197627,0.028972990003933496
2025-07-12,0.043569655817409236,0.043569655817409236,0.043569655817409236,0.043569655817409236
2025-07-13,0.006640668214685119,0.006640668214685119,0.006640668214685119,0.006640668214685119
2025-07-14,0.0422609971979222,0.0422609971979222,0.0422609971979222,0.0422609971979222
2025-07-15,0.003315353182596681,0.003315353182596681,0.003315353182596681,0.003315353182596681
2025-07-16,-0.010573133502199128,-0.010573133502199128,-0.010573133502199128,-0.010573133502199128
2025-07-17,0.021583701239911823,0.021583701239911823,0.021583701239911823,0.021583701239911823
2025-07-18,0.0503569141811675,0.0503569141811675,0.0503569141811675,0.0503569141811675
2025-07-19,-0.020572814196189282,-0.020572814196189282,-0.020572814196189282,-0.020572814196189282
2025-07-20,0.0012939227261561381,0.0012939227261561381,0.0012939227261561381,0.0012939227261561381
2025-07-21,0.014055236187026088,0.014055236187026088,0.014055236187026088,0.014055236187026088
2025-07-22,0.002065450446847139,0.002065450446847139,0.002065450446847139,0.002065450446847139
2025-07-23,0.0049533995319694935,0.0049533995319694935,0.0049533995319694935,0.0049533995319694935
2025-07-24,-0.048323517230385304,-0.048323517230385304,-0.048323517230385304,-0.048323517230385304
2025-07-25,-0.015585046515548262,-0.015585046515548262,-0.015585046515548262,-0.015585046515548262
2025-07-26,0.02487424424105633,0.02487424424105633,0.02487424424105633,0.02487424424105633
2025-07-27,0.012242036597981842,-0.0020000000000000018,0.012242036597981842,0.012242036597981842
2025-07-28,0.02380715232478603,0.0,0.02380715232478603,0.02380715232478603
2025-07-29,-0.04589954187341849,0.0,-0.04589954187341849,-0.04589954187341849
2025-07-30,-0.005544554529380519,0.0,-0.005544554529380519,-0.005544554529380519
2025-07-31,-0.01149406142154108,0.0,-0.01149406142154108,-0.0020000000000000018
2025-08-01,-0.031135809808052528,0.0,-0.031135809808052528,0.0
2025-08-02,-0.04142014448001896,0.0,-0.0020000000000000018,0.0
2025-08-03,-0.032996634339684694,0.0,0.0,0.0
2025-08-04,0.05076588210603794,0.0,0.0,0.0
2025-08-05,0.04598420357635513,0.0,0.0,0.0
2025-08-06,-0.031853133019379865,0.0,0.0,0.0
2025-08-07,0.010893401610019282,0.0,0.0,0.0
2025-08-08,0.054550089784871414,0.0,0.0,0.0
2025-08-09,0.014378553618763945,0.0,0.0,0.0
2025-08-10,0.0004216595714052751,0.0,0.0,0.0
2025-08-11,-0.0023646518607042255,0.0,0.0,0.0
2025-08-12,-0.009022004323006705,0.0,0.0,0.0
2025-08-13,0.05523624713440456,0.0,0.0,0.0
2025-08-14,0.019197305452205216,0.0,0.0,0.0
2025-08-15,-0.05796268932421855,0.0,0.0,0.0
2025-08-16,-0.01058693991873838,0.0,0.0,0.0
2025-08-17,0.005698413575584649,0.0,0.0,0.0
2025-08-18,0.003048270264855768,0.0,0.0,0.0
2025-08-19,-0.02797948375378012,0.0,0.0,0.0
2025-08-20,-0.04702723440601342,0.0,0.0,0.0
2025-08-21,0.03969400416672619,0.0,0.0,0.0
2025-08-22,-0.03346806811381575,0.0,0.0,0.0
2025-08-23,0.08980379667175509,0.0,0.0,0.0
2025-08-24,-0.014810992087070152,0.0,0.0,0.0
2025-08-25,-0.012805974669186648,0.0,0.0,0.0
2025-08-26,-0.07368448204198952,0.0,0.0,0.0
2025-08-27,0.03545860972131343,0.0,0.0,0.0
2025-08-28,-0.020526463246622995,0.0,0.0,0.0
2025-08-29,0.014475336526170057,0.0,0.0,0.0
2025-08-30,-0.037356605611088556,0.0,0.0,0.0
2025-08-31,-0.0013267102344655113,0.0,0.0,0.0
2025-09-01,-0.009581186817767984,0.0,0.0,0.0
2025-09-02,-0.017194158401399484,0.0,0.0,0.0
2025-09-03,0.02336350201325388,0.0,0.0,0.0
2025-09-04,0.005735056425058671,0.0,0.0,0.0
2025-09-05,-0.0346748115989689,0.0,0.0,0.0
2025-09-06,0.009592376211311482,0.0,0.0,0.0
2025-09-07,-0.006698655553793342,0.0,0.0,0.0
2025-09-08,0.014550376422803435,0.0,0.0,0.0
2025-09-09,0.01955720092924862,0.0,0.0,0.0
2025-09-10,0.015745860452537785,0.0,0.0,0.0
2025-09-11,0.03591663740435114,0.0,0.0,0.0
2025-09-12,0.015063935699822117,0.0,0.0,0.0
2025-09-13,0.016738026797588068,0.0,0.0,0.0
2025-09-14,0.0013728109717334736,0.0,0.0,0.0
2025-09-15,-0.022991931745924066,0.0,0.0,0.0
2025-09-16,-0.013196530983270782,0.0,0.0,0.0
2025-09-17,0.01137177564276648,0.0,0.0,0.0
2025-09-18,0.03696848232881833,0.0,0.0,0.0
2025-09-19,0.016932416382055004,0.015598150044709769,0.015598150044709769,0.015598150044709769
2025-09-20,-0.03256016004837614,-0.03256016004837614,-0.03256016004837614,-0.03256016004837614
2025-09-21,-0.0003597079951662696,-0.0003597079951662696,-0.0003597079951662696,-0.0003597079951662696
2025-09-22,-0.019856595327788495,-0.019856595327788495,-0.019856595327788495,-0.019856595327788495
2025-09-23,-0.047504479952301226,-0.047504479952301226,-0.047504479952301226,-0.047504479952301226
2025-09-24,-0.013584280110364944,-0.013584280110364944,-0.013584280110364944,-0.0020000000000000018
2025-09-25,-0.0070989380602384244,-0.0070989380602384244,-0.0070989380602384244,0.0
2025-09-26,-0.08501512599037475,-0.0020000000000000018,-0.08501512599037475,0.0
2025-09-27,0.04581744332204396,0.0,-0.0020000000000000018,0.0
2025-09-28,-0.0047227668756556485,0.0,0.0,0.0
2025-09-29,0.03424520599359382,0.0,0.0,0.0
2025-09-30,0.005225943402281441,0.0,0.0,0.0
2025-10-01,-0.011355753686369985,0.0,0.0,0.0
2025-10-02,0.04175257447724734,0.0,0.0,0.0
2025-10-03,0.04088738172444062,0.03939115307290475,0.0,0.03939115307290475
2025-10-04,0.007422926632341342,0.007422926632341342,0.0,0.007422926632341342
2025-10-05,-0.02710384804452548,-0.02710384804452548,0.0,-0.02710384804452548
2025-10-06,0.005248673405262361,0.005248673405262361,0.0,0.005248673405262361
2025-10-07,0.03580033246910075,0.03580033246910075,0.0,0.03580033246910075
2025-10-08,-0.0464133980471102,-0.0464133980471102,0.0,-0.0464133980471102
2025-10-09,0.02087887279690115,0.02087887279690115,0.0,0.02087887279690115
2025-10-10,-0.029038186328118942,-0.029038186328118942,0.0,-0.029038186328118942
2025-10-11,-0.17793780674243465,-0.17793780674243465,0.0,-0.17793780674243465
2025-10-12,-0.0052838772058722006,-0.0052838772058722006,0.0,-0.0020000000000000018
2025-10-13,0.10132887613870922,0.10132887613870922,0.0,0.0
2025-10-14,0.026910458029346662,0.026910458029346662,0.0,0.0
2025-10-15,-0.042640607547167475,-0.042640607547167475,0.0,0.0
2025-10-16,-0.041386679961598505,-0.0020000000000000018,0.0,0.0
2025-10-17,-0.0020000000000000018,0.0,0.0,0.0
2025-10-18,0.0,0.0,0.0,0.0
2025-10-19,0.0,0.0,0.0,0.0
2025-10-20,0.0,0.0,0.0,0.0
2025-10-21,0.0,0.0,0.0,0.0
2025-10-22,0.0,0.0,0.0,0.0
2025-10-23,0.0,0.0,0.0,0.0
2025-10-24,0.0,0.0,0.0,0.0
2025-10-25,0.0,0.0,0.0,0.0
2025-10-26,0.0,0.0,0.0,0.0
2025-10-27,0.0,0.0,0.0,0.0
2025-10-28,0.0,0.0,0.0,0.0
2025-10-29,0.0,0.0,0.0,0.0
2025-10-30,0.0,0.0,0.0,0.0
2025-10-31,0.0,0.0,0.0,0.0
2025-11-01,0.0,0.0,0.0,0.0
2025-11-02,0.0,0.0,0.0,0.0
2025-11-03,0.0,0.0,0.0,0.0
2025-11-04,0.0,0.0,0.0,0.0
2025-11-05,0.0,0.0,0.0,0.0
2025-11-06,0.0,0.0,0.0,0.0
2025-11-07,0.0,0.0,0.0,0.0
2025-11-08,0.0,0.0,0.0,0.0
2025-11-09,0.0,0.0,0.0,0.0
2025-11-10,0.0,0.0,0.0,0.0
2025-11-11,0.0,0.0,0.0,0.0
2025-11-12,0.0,0.0,0.0,0.0
2025-11-13,0.0,0.0,0.0,0.0
2025-11-14,0.0,0.0,0.0,0.0
2025-11-15,0.0,0.0,0.0,0.0
2025-11-16,0.0,0.0,0.0,0.0
2025-11-17,0.0,0.0,0.0,0.0
2025-11-18,0.0,0.0,0.0,0.0
2025-11-19,0.0,0.0,0.0,0.0
2025-11-20,0.0,0.0,0.0,0.0
2025-11-21,0.0,0.0,0.0,0.0
2025-11-22,0.0,0.0,0.0,0.0
2025-11-23,0.0,0.0,0.0,0.0
2025-11-24,0.0,0.0,0.0,0.0
2025-11-25,0.0,0.0,0.0,0.0
2025-11-26,0.0,0.0,0.0,0.0
2025-11-27,0.0,0.0,0.0,0.0
2025-11-28,0.0,0.0,0.0,0.0
2025-11-29,0.0,0.0,0.0,0.0
2025-11-30,0.0,0.0,0.0,0.0
2025-12-01,0.0,0.0,0.0,0.0
2025-12-02,0.0,0.0,0.0,0.0
2025-12-03,0.0,0.0,0.0,0.0
2025-12-04,0.0,0.0,0.0,0.0
2025-12-05,0.0,0.0,0.0,0.0
2025-12-06,0.0,0.0,0.0,0.0
2025-12-07,0.0,0.0,0.0,0.0
2025-12-08,0.0,0.0,0.0,0.0
2025-12-09,0.0,0.0,0.0,0.0
2025-12-10,0.0,0.0,0.0,0.0
2025-12-11,0.0,0.0,0.0,0.0
2025-12-12,0.0,0.0,0.0,0.0
2025-12-13,0.0,0.0,0.0,0.0
2025-12-14,0.0,0.0,0.0,0.0
2025-12-15,0.0,0.0,0.0,0.0
2025-12-16,0.0,0.0,0.0,0.0
2025-12-17,0.0,0.0,0.0,0.0
2025-12-18,0.0,0.0,0.0,0.0
2025-12-19,0.0,0.0,0.0,0.0
2025-12-20,0.0,0.0,0.0,0.0
2025-12-21,0.0,0.0,0.0,0.0
2025-12-22,0.0,0.0,0.0,0.0
2025-12-23,0.0,0.0,0.0,0.0
2025-12-24,0.0,0.0,0.0,0.0
2025-12-25,0.0,0.0,0.0,0.0
2025-12-26,0.0,0.0,0.0,0.0
2025-12-27,0.0,0.0,0.0,0.0
2025-12-28,0.0,0.0,0.0,0.0
2025-12-29,0.0,0.0,0.0,0.0
2025-12-30,0.0,0.0,0.0,0.0
2025-12-31,0.0,0.0,0.0,0.0
2026-01-01,0.0,0.0,0.0,0.0
2026-01-02,0.0,0.0,0.0,0.0
2026-01-03,0.0,0.0,0.0,0.0
2026-01-04,0.0,0.0,0.0,0.0
2026-01-05,0.0,0.0,0.0,0.0
2026-01-06,0.0,0.0,0.0,0.0
2026-01-07,0.0,0.0,0.0,0.0
2026-01-08,0.0,0.0,0.0,0.0
2026-01-09,0.0,0.0,0.0,0.0
2026-01-10,0.0,0.0,0.0,0.0
2026-01-11,0.0,0.0,0.0,0.0
2026-01-12,0.0,0.0,0.0,0.0
2026-01-13,0.0,0.0,0.0,0.0
2026-01-14,0.0,0.0,0.0,0.0
2026-01-15,0.0,0.0,0.0,0.0
2026-01-16,0.0,0.0,0.0,0.0
2026-01-17,0.0,0.0,0.0,0.0
2026-01-18,0.0,0.0,0.0,0.0
2026-01-19,0.0,0.0,0.0,0.0
2026-01-20,0.0,0.0,0.0,0.0
2026-01-21,0.0,0.0,0.0,0.0
2026-01-22,0.0,0.0,0.0,0.0
2026-01-23,0.0,0.0,0.0,0.0
2026-01-24,0.0,0.0,0.0,0.0
2026-01-25,0.0,0.0,0.0,0.0
2026-01-26,0.0,0.0,0.0,0.0
2026-01-27,0.0,0.0,0.0,0.0
2026-01-28,0.0,0.0,0.0,0.0
2026-01-29,0.0,0.0,0.0,0.0
2026-01-30,0.0,0.0,0.0,0.0
2026-01-31,0.0,0.0,0.0,0.0
2026-02-01,0.0,0.0,0.0,0.0
2026-02-02,0.0,0.0,0.0,0.0
2026-02-03,0.0,0.0,0.0,0.0
2026-02-04,0.0,0.0,0.0,0.0
2026-02-05,0.0,0.0,0.0,0.0
2026-02-06,0.0,0.0,0.0,0.0
2026-02-07,0.0,0.0,0.0,0.0
2026-02-08,0.0,0.0,0.0,0.0
2026-02-09,0.0,0.0,0.0,0.0
2026-02-10,0.0,0.0,0.0,0.0
2026-02-11,0.0,0.0,0.0,0.0
2026-02-12,0.0,0.0,0.0,0.0
2026-02-13,0.0,0.0,0.0,0.0
2026-02-14,0.0,0.0,0.0,0.0
2026-02-15,0.0,0.0,0.0,0.0
2026-02-16,0.0,0.0,0.0,0.0
2026-02-17,0.0,0.0,0.0,0.0
2026-02-18,0.0,0.0,0.0,0.0
2026-02-19,0.0,0.0,0.0,0.0
2026-02-20,0.0,0.0,0.0,0.0
2026-02-21,0.0,0.0,0.0,0.0
2026-02-22,0.0,0.0,0.0,0.0
2026-02-23,0.0,0.0,0.0,0.0
2026-02-24,0.0,0.0,0.0,0.0
2026-02-25,0.0,0.0,0.0,0.0
2026-02-26,0.0,0.0,0.0,0.0
2026-02-27,0.0,0.0,0.0,0.0
2026-02-28,0.0,0.0,0.0,0.0
2026-03-01,0.0,0.0,0.0,0.0
2026-03-02,0.0,0.0,0.0,0.0
2026-03-03,0.0,0.0,0.0,0.0
2026-03-04,0.0,0.0,0.0,0.0
2026-03-05,0.0,0.0,0.0,0.0
2026-03-06,0.0,0.0,0.0,0.0
2026-03-07,0.0,0.0,0.0,0.0
2026-03-08,0.0,0.0,0.0,0.0
2026-03-09,0.0,0.0,0.0,0.0
2026-03-10,0.0,0.0,0.0,0.0
2026-03-11,0.0,0.0,0.0,0.0
2026-03-12,0.0,0.0,0.0,0.0
2026-03-13,0.0,0.0,0.0,0.0
2026-03-14,0.0,0.0,0.0,0.0
2026-03-15,0.0,0.0,0.0,0.0
2026-03-16,0.0,0.0,0.0,0.0
2026-03-17,0.0,0.0,0.0,0.0
2026-03-18,0.0,0.0,0.0,0.0
2026-03-19,0.0,0.0,0.0,0.0
2026-03-20,0.0,0.0,0.0,0.0
2026-03-21,0.0,0.0,0.0,0.0
2026-03-22,0.0,0.0,0.0,0.0
2026-03-23,0.0,0.0,0.0,0.0
2026-03-24,0.0,0.0,0.0,0.0
2026-03-25,0.0,0.0,0.0,0.0
2026-03-26,0.0,0.0,0.0,0.0
2026-03-27,0.0,0.0,0.0,0.0
2026-03-28,0.0,0.0,0.0,0.0
2026-03-29,0.0,0.0,0.0,0.0
2026-03-30,0.0,0.0,0.0,0.0
2026-03-31,0.0,0.0,0.0,0.0
2026-04-01,0.0,0.0,0.0,0.0
2026-04-02,0.0,0.0,0.0,0.0
2026-04-03,0.0,0.0,0.0,0.0
2026-04-04,0.0,0.0,0.0,0.0
2026-04-05,0.0,0.0,0.0,0.0
2026-04-06,0.0,0.0,0.0,0.0
2026-04-07,0.0,0.0,0.0,0.0
2026-04-08,0.0,0.0,0.0,0.0
2026-04-09,0.0,0.0,0.0,0.0
2026-04-10,0.0,0.0,0.0,0.0
2026-04-11,0.0,0.0,0.0,0.0
2026-04-12,0.0,0.0,0.0,0.0
2026-04-13,0.0,0.0,0.0,0.0
2026-04-14,0.0,0.0,0.0,0.0
2026-04-15,0.0,0.0,0.0,0.0
2026-04-16,0.0,0.0,0.0,0.0
2026-04-17,0.0,0.0,0.0,0.0
2026-04-18,0.0,0.0,0.0,0.0
2026-04-19,0.0,0.0,0.0,0.0
2026-04-20,0.0,0.0,0.0,0.0
2026-04-21,0.0,0.0,0.0,0.0
