,DeFi,Exchange / Trading Infrastructure,Meme,Oracle / Middleware,Other,Payments,Privacy,Smart Contract Platform / L1,Store of Value
2022-11-21,0.0,0.0,0.0,0.0,0.0,0.0,0.0,0.0,0.0
2022-11-22,0.0,0.0,0.0,0.0,0.0,0.0,0.0,0.0,0.0
2022-11-23,0.0,0.0,0.0,0.0,0.0,0.0,0.0,0.0,0.0
2022-11-24,0.0,0.0,0.0,0.0,0.0,0.0,0.0,0.0,0.0
2022-11-25,0.0,0.0,0.0,0.0,0.0,0.0,0.0,0.0,0.0
2022-11-26,0.0,0.0,0.0,0.0,0.0,0.0,0.0,0.0,0.0
2022-11-27,0.0,0.0,0.0,0.0,0.0,0.0,0.0,0.0,0.0
2022-11-28,0.0,0.0,0.0,0.0,0.0,0.0,0.0,0.0,0.0
2022-11-29,0.0,0.0,0.0,0.0,0.0,0.0,0.0,0.0,0.0
2022-11-30,0.0,0.0,0.0,0.0,0.0,0.0,0.0,0.0,0.0
2022-12-01,0.0,0.0,0.0,0.0,0.0,0.0,0.0,0.0,0.0
2022-12-02,0.0,0.0,0.0,0.0,0.0,0.0,0.0,0.0,0.0
2022-12-03,0.0,0.0,0.0,0.0,0.0,0.0,0.0,0.0,0.0
2022-12-04,0.0,0.0,0.0,0.0,0.0,0.0,0.0,0.0,0.0
2022-12-05,0.0,0.0,0.0,0.0,0.0,0.0,0.0,0.0,0.0
2022-12-06,0.0,0.0,0.0,0.0,0.0,0.0,0.0,0.0,0.0
2022-12-07,0.0,0.0,0.0,0.0,0.0,0.0,0.0,0.0,0.0
2022-12-08,0.0,0.0,0.0,0.0,0.0,0.0,0.0,0.0,0.0
2022-12-09,0.0,0.0,0.0,0.0,0.0,0.0,0.0,0.0,0.0
2022-12-10,0.0,0.0,0.0,0.0,0.0,0.0,0.0,0.0,0.0
2022-12-11,0.0,0.0,0.0,0.0,0.0,0.0,0.0,0.0,0.0
2022-12-12,0.0,0.0,0.0,0.0,0.0,0.0,0.0,0.0,0.0
2022-12-13,0.0,0.0,0.0,0.0,0.0,0.0,0.0,0.0,0.0
2022-12-14,0.0,0.0,0.0,0.0,0.0,0.0,0.0,0.0,0.0
2022-12-15,0.0,0.0,0.0,0.0,0.0,0.0,0.0,0.0,0.0
2022-12-16,0.0,0.0,0.0,0.0,0.0,0.0,0.0,0.0,0.0
2022-12-17,0.0,0.0,0.0,0.0,0.0,0.0,0.0,0.0,0.0
2022-12-18,0.0,0.0,0.0,0.0,0.0,0.0,0.0,0.0,0.0
2022-12-19,0.0,0.0,0.0,0.0,0.0,0.0,0.0,0.0,0.0
2022-12-20,0.0,0.0,0.0,0.0,0.0,0.0,0.0,0.0,0.0
2022-12-21,0.0,0.0,0.0,0.0,0.0,0.0,0.0,0.0,0.0
2022-12-22,0.0,0.0,0.0,0.0,0.0,0.0,0.0,0.0,0.0
2022-12-23,0.0,0.0,0.0,0.0,0.0,0.0,0.0,0.0,0.0
2022-12-24,0.0,0.0,0.0,0.0,0.0,0.0,0.0,0.0,0.0
2022-12-25,0.0,0.0,0.0,0.0,0.0,0.0,0.0,0.0,0.0
2022-12-26,0.0,0.0,0.0,0.0,0.0,0.0,0.0,0.0,0.0
2022-12-27,0.0,0.0,0.0,0.0,0.0,0.0,0.0,0.0,0.0
2022-12-28,0.0,0.0,0.0,0.0,0.0,0.0,0.0,0.0,0.0
2022-12-29,0.0,0.0,0.0,0.0,0.0,0.0,0.0,0.0,0.0
2022-12-30,0.0,0.0,0.0,0.0,0.0,0.0,0.0,0.0,0.0
2022-12-31,0.0,0.0,0.0,0.0,0.0,0.0,0.0,0.0,0.0
2023-01-01,0.0,0.0,0.0,0.0,0.0,0.0,0.0,0.0,0.0
2023-01-02,0.0,0.0,0.0,0.0,0.0,0.0,0.0,0.0,0.0
2023-01-03,0.0,0.0,0.0,0.0,0.0,0.0,0.0,0.0,0.0
2023-01-04,0.0,0.0,0.0,0.0,0.0,0.0,0.0,0.0,0.0
2023-01-05,0.0,0.0,0.0,0.0,0.0,0.0,0.0,0.0,0.0
2023-01-06,0.0,0.0,0.0,0.0,0.0,0.0,0.0,0.0,0.0
2023-01-07,0.0,0.0,0.0,0.0,0.0,0.0,0.0,0.0,0.0
2023-01-08,0.0,0.0,0.0,0.0,0.0,0.0,0.0,0.0,0.0
2023-01-09,0.0,0.0,0.0,0.0,0.0,0.0,0.0,0.0,0.0
2023-01-10,0.0,0.0,0.0,0.0,0.0,0.0,0.0,0.0,0.0
2023-01-11,0.0,0.0,0.0,0.0,0.0,0.0,0.0,0.0,0.0
2023-01-12,0.0,0.0,0.0,0.0,0.0,0.0,0.0,0.0,0.0
2023-01-13,0.0,0.0,0.0,0.0,0.0,0.0,0.0,0.0,0.0
2023-01-14,0.0,0.0,0.0,0.0,0.0,0.0,0.0,0.0,0.0
2023-01-15,0.0,0.0,0.0,0.0,0.0,0.0,0.0,0.0,0.0
2023-01-16,0.0,0.0,0.0,0.0,0.0,0.0,0.0,0.0,0.0
2023-01-17,0.0,0.0,0.0,0.0,0.0,0.0,0.0,0.0,0.0
2023-01-18,0.0,0.0,0.0,0.0,0.0,0.0,0.0,0.0,0.0
2023-01-19,0.0,0.0,0.0,0.0,0.0,0.0,0.0,0.0,0.0
2023-01-20,0.0,0.0,0.0,0.0,0.0,0.0,0.0,0.0,0.0
2023-01-21,0.0,0.0,0.0,0.0,0.0,0.0,0.0,0.0,0.0
2023-01-22,0.0,0.0,0.0,0.0,0.0,0.0,0.0,0.0,0.0
2023-01-23,0.0,0.0,0.0,0.0,0.0,0.0,0.0,0.0,0.0
2023-01-24,0.0,0.0,0.0,0.0,0.0,0.0,0.0,0.0,0.0
2023-01-25,0.0,0.0,0.0,0.0,0.0,0.0,0.0,0.0,0.0
2023-01-26,0.0,0.0,0.0,0.0,0.0,0.0,0.0,0.0,0.0
2023-01-27,0.0,0.0,0.0,0.0,0.0,0.0,0.0,0.0,0.0
2023-01-28,0.0,0.0,0.0,0.0,0.0,0.0,0.0,0.0,0.0
2023-01-29,0.0,0.0,0.0,0.0,0.0,0.0,0.0,0.0,0.0
2023-01-30,0.0,0.0,0.0,0.0,0.0,0.0,0.0,0.0,0.0
2023-01-31,0.0,0.0,0.0,0.0,0.0,0.0,0.0,0.0,0.0
2023-02-01,0.0,0.0,0.0,0.0,0.0,0.0,0.0,0.0,0.0
2023-02-02,0.0,0.0,0.0,0.0,0.0,0.0,0.0,0.0,0.0
2023-02-03,0.0,0.0,0.0,0.0,0.0,0.0,0.0,0.0,0.0
2023-02-04,0.0,0.0,0.0,0.0,0.0,0.0,0.0,0.0,0.0
2023-02-05,0.0,0.0,0.0,0.0,0.0,0.0,0.0,0.0,0.0
2023-02-06,0.0,0.0,0.0,0.0,0.0,0.0,0.0,0.0,0.0
2023-02-07,0.0,0.0,0.0,0.0,0.0,0.0,0.0,0.0,0.0
2023-02-08,0.0,0.0,0.0,0.0,0.0,0.0,0.0,0.0,0.0
2023-02-09,0.0,0.0,0.0,0.0,0.0,0.0,0.0,0.0,0.0
2023-02-10,0.0,0.0,0.0,0.0,0.0,0.0,0.0,0.0,0.0
2023-02-11,0.0,0.0,0.0,0.0,0.0,0.0,0.0,0.0,0.0
2023-02-12,0.0,0.0,0.0,0.0,0.0,0.0,0.0,0.0,0.0
2023-02-13,0.0,0.0,0.0,0.0,0.0,0.0,0.0,0.0,0.0
2023-02-14,0.0,0.0,0.0,0.0,0.0,0.0,0.0,0.0,0.0
2023-02-15,0.0,0.0,0.0,0.0,0.0,0.0,0.0,0.0,0.0
2023-02-16,0.0,0.0,0.0,0.0,0.0,0.0,0.0,0.0,0.0
2023-02-17,0.0,0.0,0.0,0.0,0.0,0.0,0.0,0.0,0.0
2023-02-18,0.0,0.0,0.0,0.0,0.0,0.0,0.0,0.0,0.0
2023-02-19,0.0,0.0,0.0,0.0,0.0,0.0,0.0,0.0,0.0
2023-02-20,0.0,0.0,0.0,0.0,0.0,0.0,0.0,0.0,0.0
2023-02-21,0.0,0.0,0.0,0.0,0.0,0.0,0.0,0.0,0.0
2023-02-22,0.0,0.0,0.0,0.0,0.0,0.0,0.0,0.0,0.0
2023-02-23,0.0,0.0,0.0,0.0,0.0,0.0,0.0,0.0,0.0
2023-02-24,0.0,0.0,0.0,0.0,0.0,0.0,0.0,0.0,0.0
2023-02-25,0.0,0.0,0.0,0.0,0.0,0.0,0.0,0.0,0.0
2023-02-26,0.0,0.0,0.0,0.0,0.0,0.0,0.0,0.0,0.0
2023-02-27,0.0,0.0,0.0,0.0,0.0,0.0,0.0,0.0,0.0
2023-02-28,0.0,0.0,0.0,0.0,0.0,0.0,0.0,0.0,0.0
2023-03-01,0.0,0.0,0.0,0.0,0.0,0.0,0.0,0.0,0.0
2023-03-02,0.0,0.0,0.0,0.0,0.0,0.0,0.0,0.0,0.0
2023-03-03,0.0,0.0,0.0,0.0,0.0,0.0,0.0,0.0,0.0
2023-03-04,0.0,0.0,0.0,0.0,0.0,0.0,0.0,0.0,0.0
2023-03-05,0.0,0.0,0.0,0.0,0.0,0.0,0.0,0.0,0.0
2023-03-06,0.0,0.0,0.0,0.0,0.0,0.0,0.0,0.0,0.0
2023-03-07,0.0,0.0,0.0,0.0,0.0,0.0,0.0,0.0,0.0
2023-03-08,0.0,0.0,0.0,0.0,0.0,0.0,0.0,0.0,0.0
2023-03-09,0.0,0.0,0.0,0.0,0.0,0.0,0.0,0.0,0.0
2023-03-10,0.0,0.0,0.0,0.0,0.0,0.0,0.0,0.0,0.0
2023-03-11,0.0,0.0,0.0,0.0,0.0,0.0,0.0,0.0,0.0
2023-03-12,0.0,0.0,0.0,0.0,0.0,0.0,0.0,0.0,0.0
2023-03-13,0.0,0.0,0.0,0.0,0.0,0.0,0.0,0.0,0.0
2023-03-14,0.0,0.0,0.0,0.0,0.0,0.0,0.0,0.0,0.0
2023-03-15,0.0,0.0,0.0,0.0,0.0,0.0,0.0,0.0,0.0
2023-03-16,0.0,0.0,0.0,0.0,0.0,0.0,0.0,0.0,0.0
2023-03-17,0.0,0.0,0.0,0.0,0.0,0.0,0.0,0.0,0.0
2023-03-18,0.0,0.0,0.0,0.0,0.0,0.0,0.0,0.0,0.0
2023-03-19,0.0,0.0,0.0,0.0,0.0,0.0,0.0,0.0,0.0
2023-03-20,0.0,0.0,0.0,0.0,0.0,0.0,0.0,0.0,0.0
2023-03-21,0.0,0.0,0.0,0.0,0.0,0.0,0.0,0.0,0.0
2023-03-22,0.0,0.0,0.0,0.0,0.0,0.0,0.0,0.0,0.0
2023-03-23,0.0,0.0,0.0,0.0,0.0,0.0,0.0,0.0,0.0
2023-03-24,0.0,0.0,0.0,0.0,0.0,0.0,0.0,0.0,0.0
2023-03-25,0.0,0.0,0.0,0.0,0.0,0.0,0.0,0.0,0.0
2023-03-26,0.0,0.0,0.0,0.0,0.0,0.0,0.0,0.0,0.0
2023-03-27,0.0,0.0,0.0,0.0,0.0,0.0,0.0,0.0,0.0
2023-03-28,0.0,0.0,0.0,0.0,0.0,0.0,0.0,0.0,0.0
2023-03-29,0.0,0.0,0.0,0.0,0.0,0.0,0.0,0.0,0.0
2023-03-30,0.0,0.0,0.0,0.0,0.0,0.0,0.0,0.0,0.0
2023-03-31,0.0,0.0,0.0,0.0,0.0,0.0,0.0,0.0,0.0
2023-04-01,0.0,0.0,0.0,0.0,0.0,0.33152974383568984,0.0,0.3338562044695583,0.3346140516947519
2023-04-02,0.0,0.0,0.0,0.0,0.0,0.3374544650232557,0.0,0.3285455139635206,0.33400002101322357
2023-04-03,0.0,0.0,0.0,0.0,0.0,0.3350049300519238,0.0,0.3313792463354267,0.3336158236126495
2023-04-04,0.0,0.0,0.0,0.0,0.0,0.3308752651836523,0.0,0.3365394303515336,0.3325853044648141
2023-04-05,0.0,0.0,0.0,0.0,0.0,0.3292567802225093,0.0,0.34082993773588766,0.329913282041603
2023-04-06,0.0,0.0,0.0,0.0,0.0,0.3285453197528743,0.0,0.33970738099108555,0.3317472992560402
2023-04-07,0.0,0.0,0.0,0.0,0.0,0.3309304392632276,0.0,0.3388992713321166,0.33017028940465576
2023-04-08,0.0,0.0,0.0,0.0,0.0,0.3294848250367281,0.0,0.33772661845744845,0.33278855650582345
2023-04-09,0.0,0.0,0.0,0.0,0.0,0.32750964799128296,0.0,0.33847532136680936,0.3340150306419077
2023-04-10,0.0,0.0,0.0,0.0,0.0,0.32540286001019897,0.0,0.3373339205955379,0.33726321939426307
2023-04-11,0.0,0.0,0.0,0.0,0.0,0.32598058461153945,0.0,0.3303108812727382,0.3437085341157225
2023-04-12,0.0,0.0,0.0,0.0,0.0,0.32161841369595023,0.0,0.33505757460861285,0.34332401169543697
2023-04-13,0.0,0.0,0.0,0.0,0.0,0.31789442804389356,0.0,0.343624105981425,0.33848146597468154
2023-04-14,0.0,0.0,0.0,0.0,0.0,0.31497415346041324,0.0,0.35581066112542303,0.3292151854141638
2023-04-15,0.0,0.0,0.0,0.0,0.0,0.3145112837710538,0.0,0.3583364134117132,0.3271523028172331
2023-04-16,0.0,0.0,0.0,0.0,0.0,0.31821563777627715,0.0,0.35686849610336124,0.3249158661203617
2023-04-17,0.0,0.0,0.0,0.0,0.0,0.32083805857417846,0.0,0.3560830052263273,0.32307893619949424
2023-04-18,0.0,0.0,0.0,0.0,0.0,0.32236287557955373,0.0,0.3540242009460065,0.32361292347443965
2023-04-19,0.0,0.0,0.0,0.0,0.0,0.31434071118577184,0.0,0.35503720089065194,0.3306220879235762
2023-04-20,0.0,0.0,0.0,0.0,0.0,0.3147447409219322,0.0,0.35495072123390004,0.3303045378441677
2023-04-21,0.0,0.0,0.0,0.0,0.0,0.3130350215929696,0.0,0.35178143361328507,0.33518354479374535
2023-04-22,0.0,0.0,0.0,0.0,0.0,0.3167031473752623,0.0,0.34875733062142433,0.3345395220033134
2023-04-23,0.0,0.0,0.0,0.0,0.0,0.3184909409687504,0.0,0.34476803077612234,0.3367410282551273
2023-04-24,0.0,0.0,0.0,0.0,0.0,0.3200627387336462,0.0,0.3441822915773304,0.3357549696890235
2023-04-25,0.0,0.0,0.0,0.0,0.0,0.3211801697497686,0.0,0.34080683141760754,0.338012998832624
2023-04-26,0.0,0.0,0.0,0.0,0.0,0.3171427607241536,0.0,0.33924507342508403,0.3436121658507624
2023-04-27,0.0,0.0,0.0,0.0,0.0,0.3182627085431885,0.0,0.3350729244638742,0.3466643669929372
2023-04-28,0.0,0.0,0.0,0.0,0.0,0.3287686094492437,0.0,0.32852523381396276,0.3427061567367934
2023-04-29,0.0,0.0,0.0,0.0,0.0,0.3194486080922506,0.0,0.33629180905066264,0.3442595828570868
2023-04-30,0.0,0.0,0.0,0.0,0.0,0.31580644103482636,0.0,0.33544486056669925,0.34874869839847433
2023-05-01,0.0,0.0,0.0,0.0,0.0,0.0,0.0,0.0,0.0
2023-05-02,0.0,0.0,0.0,0.0,0.0,0.0,0.0,0.0,0.0
2023-05-03,0.0,0.0,0.0,0.0,0.0,0.0,0.0,0.0,0.0
2023-05-04,0.0,0.0,0.0,0.0,0.0,0.0,0.0,0.0,0.0
2023-05-05,0.0,0.0,0.0,0.0,0.0,0.0,0.0,0.0,0.0
2023-05-06,0.0,0.0,0.0,0.0,0.0,0.0,0.0,0.0,0.0
2023-05-07,0.0,0.0,0.0,0.0,0.0,0.0,0.0,0.0,0.0
2023-05-08,0.0,0.0,0.0,0.0,0.0,0.0,0.0,0.0,0.0
2023-05-09,0.0,0.0,0.0,0.0,0.0,0.0,0.0,0.0,0.0
2023-05-10,0.0,0.0,0.0,0.0,0.0,0.0,0.0,0.0,0.0
2023-05-11,0.0,0.0,0.0,0.0,0.0,0.0,0.0,0.0,0.0
2023-05-12,0.0,0.0,0.0,0.0,0.0,0.0,0.0,0.0,0.0
2023-05-13,0.0,0.0,0.0,0.0,0.0,0.0,0.0,0.0,0.0
2023-05-14,0.0,0.0,0.0,0.0,0.0,0.0,0.0,0.0,0.0
2023-05-15,0.0,0.0,0.0,0.0,0.0,0.0,0.0,0.0,0.0
2023-05-16,0.0,0.0,0.0,0.0,0.0,0.0,0.0,0.0,0.0
2023-05-17,0.0,0.0,0.0,0.0,0.0,0.0,0.0,0.0,0.0
2023-05-18,0.0,0.0,0.0,0.0,0.0,0.0,0.0,0.0,0.0
2023-05-19,0.0,0.0,0.0,0.0,0.0,0.0,0.0,0.0,0.0
2023-05-20,0.0,0.0,0.0,0.0,0.0,0.0,0.0,0.0,0.0
2023-05-21,0.0,0.0,0.0,0.0,0.0,0.0,0.0,0.0,0.0
2023-05-22,0.0,0.0,0.0,0.0,0.0,0.0,0.0,0.0,0.0
2023-05-23,0.0,0.0,0.0,0.0,0.0,0.0,0.0,0.0,0.0
2023-05-24,0.0,0.0,0.0,0.0,0.0,0.0,0.0,0.0,0.0
2023-05-25,0.0,0.0,0.0,0.0,0.0,0.0,0.0,0.0,0.0
2023-05-26,0.0,0.0,0.0,0.0,0.0,0.0,0.0,0.0,0.0
2023-05-27,0.0,0.0,0.0,0.0,0.0,0.0,0.0,0.0,0.0
2023-05-28,0.0,0.0,0.0,0.0,0.0,0.0,0.0,0.0,0.0
2023-05-29,0.0,0.0,0.0,0.0,0.0,0.0,0.0,0.0,0.0
2023-05-30,0.0,0.0,0.0,0.0,0.0,0.0,0.0,0.0,0.0
2023-05-31,0.0,0.0,0.0,0.0,0.0,0.0,0.0,0.0,0.0
2023-06-01,0.0,0.0,0.0,0.0,0.0,0.0,0.0,0.0,0.0
2023-06-02,0.0,0.0,0.0,0.0,0.0,0.0,0.0,0.0,0.0
2023-06-03,0.0,0.0,0.0,0.0,0.0,0.0,0.0,0.0,0.0
2023-06-04,0.0,0.0,0.0,0.0,0.0,0.0,0.0,0.0,0.0
2023-06-05,0.0,0.0,0.0,0.0,0.0,0.0,0.0,0.0,0.0
2023-06-06,0.0,0.0,0.0,0.0,0.0,0.0,0.0,0.0,0.0
2023-06-07,0.0,0.0,0.0,0.0,0.0,0.0,0.0,0.0,0.0
2023-06-08,0.0,0.0,0.0,0.0,0.0,0.0,0.0,0.0,0.0
2023-06-09,0.0,0.0,0.0,0.0,0.0,0.0,0.0,0.0,0.0
2023-06-10,0.0,0.0,0.0,0.0,0.0,0.0,0.0,0.0,0.0
2023-06-11,0.0,0.0,0.0,0.0,0.0,0.0,0.0,0.0,0.0
2023-06-12,0.0,0.0,0.0,0.0,0.0,0.0,0.0,0.0,0.0
2023-06-13,0.0,0.0,0.0,0.0,0.0,0.0,0.0,0.0,0.0
2023-06-14,0.0,0.0,0.0,0.0,0.0,0.0,0.0,0.0,0.0
2023-06-15,0.0,0.0,0.0,0.0,0.0,0.0,0.0,0.0,0.0
2023-06-16,0.0,0.0,0.0,0.0,0.0,0.0,0.0,0.0,0.0
2023-06-17,0.0,0.0,0.0,0.0,0.0,0.0,0.0,0.0,0.0
2023-06-18,0.0,0.0,0.0,0.0,0.0,0.0,0.0,0.0,0.0
2023-06-19,0.0,0.0,0.0,0.0,0.0,0.0,0.0,0.0,0.0
2023-06-20,0.0,0.0,0.0,0.0,0.0,0.0,0.0,0.0,0.0
2023-06-21,0.0,0.0,0.0,0.0,0.0,0.0,0.0,0.0,0.0
2023-06-22,0.0,0.0,0.0,0.0,0.0,0.0,0.0,0.0,0.0
2023-06-23,0.0,0.0,0.0,0.0,0.0,0.0,0.0,0.0,0.0
2023-06-24,0.0,0.0,0.0,0.0,0.0,0.0,0.0,0.0,0.0
2023-06-25,0.0,0.0,0.0,0.0,0.0,0.0,0.0,0.0,0.0
2023-06-26,0.0,0.0,0.0,0.0,0.0,0.0,0.0,0.0,0.0
2023-06-27,0.0,0.0,0.0,0.0,0.0,0.0,0.0,0.0,0.0
2023-06-28,0.0,0.0,0.0,0.0,0.0,0.0,0.0,0.0,0.0
2023-06-29,0.0,0.0,0.0,0.0,0.0,0.0,0.0,0.0,0.0
2023-06-30,0.0,0.0,0.0,0.0,0.0,0.0,0.0,0.0,0.0
2023-07-01,0.0,0.0,0.0,0.0,0.0,0.0,0.0,0.0,0.0
2023-07-02,0.0,0.0,0.0,0.0,0.0,0.0,0.0,0.0,0.0
2023-07-03,0.0,0.0,0.0,0.0,0.0,0.0,0.0,0.0,0.0
2023-07-04,0.0,0.0,0.0,0.0,0.0,0.0,0.0,0.0,0.0
2023-07-05,0.0,0.0,0.0,0.0,0.0,0.0,0.0,0.0,0.0
2023-07-06,0.0,0.0,0.0,0.0,0.0,0.0,0.0,0.0,0.0
2023-07-07,0.0,0.0,0.0,0.0,0.0,0.0,0.0,0.0,0.0
2023-07-08,0.0,0.0,0.0,0.0,0.0,0.0,0.0,0.0,0.0
2023-07-09,0.0,0.0,0.0,0.0,0.0,0.0,0.0,0.0,0.0
2023-07-10,0.0,0.0,0.0,0.0,0.0,0.0,0.0,0.0,0.0
2023-07-11,0.0,0.0,0.0,0.0,0.0,0.0,0.0,0.0,0.0
2023-07-12,0.0,0.0,0.0,0.0,0.0,0.0,0.0,0.0,0.0
2023-07-13,0.0,0.0,0.0,0.0,0.0,0.0,0.0,0.0,0.0
2023-07-14,0.0,0.0,0.0,0.0,0.0,0.0,0.0,0.0,0.0
2023-07-15,0.0,0.0,0.0,0.0,0.0,0.0,0.0,0.0,0.0
2023-07-16,0.0,0.0,0.0,0.0,0.0,0.0,0.0,0.0,0.0
2023-07-17,0.0,0.0,0.0,0.0,0.0,0.0,0.0,0.0,0.0
2023-07-18,0.0,0.0,0.0,0.0,0.0,0.0,0.0,0.0,0.0
2023-07-19,0.0,0.0,0.0,0.0,0.0,0.0,0.0,0.0,0.0
2023-07-20,0.0,0.0,0.0,0.0,0.0,0.0,0.0,0.0,0.0
2023-07-21,0.0,0.0,0.0,0.0,0.0,0.0,0.0,0.0,0.0
2023-07-22,0.0,0.0,0.0,0.0,0.0,0.0,0.0,0.0,0.0
2023-07-23,0.0,0.0,0.0,0.0,0.0,0.0,0.0,0.0,0.0
2023-07-24,0.0,0.0,0.0,0.0,0.0,0.0,0.0,0.0,0.0
2023-07-25,0.0,0.0,0.0,0.0,0.0,0.0,0.0,0.0,0.0
2023-07-26,0.0,0.0,0.0,0.0,0.0,0.0,0.0,0.0,0.0
2023-07-27,0.0,0.0,0.0,0.0,0.0,0.0,0.0,0.0,0.0
2023-07-28,0.0,0.0,0.0,0.0,0.0,0.0,0.0,0.0,0.0
2023-07-29,0.0,0.0,0.0,0.0,0.0,0.0,0.0,0.0,0.0
2023-07-30,0.0,0.0,0.0,0.0,0.0,0.0,0.0,0.0,0.0
2023-07-31,0.0,0.0,0.0,0.0,0.0,0.0,0.0,0.0,0.0
2023-08-01,0.0,0.0,0.0,0.0,0.0,0.0,0.0,0.0,0.0
2023-08-02,0.0,0.0,0.0,0.0,0.0,0.0,0.0,0.0,0.0
2023-08-03,0.0,0.0,0.0,0.0,0.0,0.0,0.0,0.0,0.0
2023-08-04,0.0,0.0,0.0,0.0,0.0,0.0,0.0,0.0,0.0
2023-08-05,0.0,0.0,0.0,0.0,0.0,0.0,0.0,0.0,0.0
2023-08-06,0.0,0.0,0.0,0.0,0.0,0.0,0.0,0.0,0.0
2023-08-07,0.0,0.0,0.0,0.0,0.0,0.0,0.0,0.0,0.0
2023-08-08,0.0,0.0,0.0,0.0,0.0,0.0,0.0,0.0,0.0
2023-08-09,0.0,0.0,0.0,0.0,0.0,0.0,0.0,0.0,0.0
2023-08-10,0.0,0.0,0.0,0.0,0.0,0.0,0.0,0.0,0.0
2023-08-11,0.0,0.0,0.0,0.0,0.0,0.0,0.0,0.0,0.0
2023-08-12,0.0,0.0,0.0,0.0,0.0,0.0,0.0,0.0,0.0
2023-08-13,0.0,0.0,0.0,0.0,0.0,0.0,0.0,0.0,0.0
2023-08-14,0.0,0.0,0.0,0.0,0.0,0.0,0.0,0.0,0.0
2023-08-15,0.0,0.0,0.0,0.0,0.0,0.0,0.0,0.0,0.0
2023-08-16,0.0,0.0,0.0,0.0,0.0,0.0,0.0,0.0,0.0
2023-08-17,0.0,0.0,0.0,0.0,0.0,0.0,0.0,0.0,0.0
2023-08-18,0.0,0.0,0.0,0.0,0.0,0.0,0.0,0.0,0.0
2023-08-19,0.0,0.0,0.0,0.0,0.0,0.0,0.0,0.0,0.0
2023-08-20,0.0,0.0,0.0,0.0,0.0,0.0,0.0,0.0,0.0
2023-08-21,0.0,0.0,0.0,0.0,0.0,0.0,0.0,0.0,0.0
2023-08-22,0.0,0.0,0.0,0.0,0.0,0.0,0.0,0.0,0.0
2023-08-23,0.0,0.0,0.0,0.0,0.0,0.0,0.0,0.0,0.0
2023-08-24,0.0,0.0,0.0,0.0,0.0,0.0,0.0,0.0,0.0
2023-08-25,0.0,0.0,0.0,0.0,0.0,0.0,0.0,0.0,0.0
2023-08-26,0.0,0.0,0.0,0.0,0.0,0.0,0.0,0.0,0.0
2023-08-27,0.0,0.0,0.0,0.0,0.0,0.0,0.0,0.0,0.0
2023-08-28,0.0,0.0,0.0,0.0,0.0,0.0,0.0,0.0,0.0
2023-08-29,0.0,0.0,0.0,0.0,0.0,0.0,0.0,0.0,0.0
2023-08-30,0.0,0.0,0.0,0.0,0.0,0.0,0.0,0.0,0.0
2023-08-31,0.0,0.0,0.0,0.0,0.0,0.0,0.0,0.0,0.0
2023-09-01,0.0,0.0,0.0,0.0,0.0,0.0,0.0,0.0,0.0
2023-09-02,0.0,0.0,0.0,0.0,0.0,0.0,0.0,0.0,0.0
2023-09-03,0.0,0.0,0.0,0.0,0.0,0.0,0.0,0.0,0.0
2023-09-04,0.0,0.0,0.0,0.0,0.0,0.0,0.0,0.0,0.0
2023-09-05,0.0,0.0,0.0,0.0,0.0,0.0,0.0,0.0,0.0
2023-09-06,0.0,0.0,0.0,0.0,0.0,0.0,0.0,0.0,0.0
2023-09-07,0.0,0.0,0.0,0.0,0.0,0.0,0.0,0.0,0.0
2023-09-08,0.0,0.0,0.0,0.0,0.0,0.0,0.0,0.0,0.0
2023-09-09,0.0,0.0,0.0,0.0,0.0,0.0,0.0,0.0,0.0
2023-09-10,0.0,0.0,0.0,0.0,0.0,0.0,0.0,0.0,0.0
2023-09-11,0.0,0.0,0.0,0.0,0.0,0.0,0.0,0.0,0.0
2023-09-12,0.0,0.0,0.0,0.0,0.0,0.0,0.0,0.0,0.0
2023-09-13,0.0,0.0,0.0,0.0,0.0,0.0,0.0,0.0,0.0
2023-09-14,0.0,0.0,0.0,0.0,0.0,0.0,0.0,0.0,0.0
2023-09-15,0.0,0.0,0.0,0.0,0.0,0.0,0.0,0.0,0.0
2023-09-16,0.0,0.0,0.0,0.0,0.0,0.0,0.0,0.0,0.0
2023-09-17,0.0,0.0,0.0,0.0,0.0,0.0,0.0,0.0,0.0
2023-09-18,0.0,0.0,0.0,0.0,0.0,0.0,0.0,0.0,0.0
2023-09-19,0.0,0.0,0.0,0.0,0.0,0.0,0.0,0.0,0.0
2023-09-20,0.0,0.0,0.0,0.0,0.0,0.0,0.0,0.0,0.0
2023-09-21,0.0,0.0,0.0,0.0,0.0,0.0,0.0,0.0,0.0
2023-09-22,0.0,0.0,0.0,0.0,0.0,0.0,0.0,0.0,0.0
2023-09-23,0.0,0.0,0.0,0.0,0.0,0.0,0.0,0.0,0.0
2023-09-24,0.0,0.0,0.0,0.0,0.0,0.0,0.0,0.0,0.0
2023-09-25,0.0,0.0,0.0,0.0,0.0,0.0,0.0,0.0,0.0
2023-09-26,0.0,0.0,0.0,0.0,0.0,0.0,0.0,0.0,0.0
2023-09-27,0.0,0.0,0.0,0.0,0.0,0.0,0.0,0.0,0.0
2023-09-28,0.0,0.0,0.0,0.0,0.0,0.0,0.0,0.0,0.0
2023-09-29,0.0,0.0,0.0,0.0,0.0,0.0,0.0,0.0,0.0
2023-09-30,0.0,0.0,0.0,0.0,0.0,0.0,0.0,0.0,0.0
2023-10-01,0.0,0.0,0.0,0.0,0.0,0.0,0.0,0.0,0.0
2023-10-02,0.0,0.0,0.0,0.0,0.0,0.0,0.0,0.0,0.0
2023-10-03,0.0,0.0,0.0,0.0,0.0,0.0,0.0,0.0,0.0
2023-10-04,0.0,0.0,0.0,0.0,0.0,0.0,0.0,0.0,0.0
2023-10-05,0.0,0.0,0.0,0.0,0.0,0.0,0.0,0.0,0.0
2023-10-06,0.0,0.0,0.0,0.0,0.0,0.0,0.0,0.0,0.0
2023-10-07,0.0,0.0,0.0,0.0,0.0,0.0,0.0,0.0,0.0
2023-10-08,0.0,0.0,0.0,0.0,0.0,0.0,0.0,0.0,0.0
2023-10-09,0.0,0.0,0.0,0.0,0.0,0.0,0.0,0.0,0.0
2023-10-10,0.0,0.0,0.0,0.0,0.0,0.0,0.0,0.0,0.0
2023-10-11,0.0,0.0,0.0,0.0,0.0,0.0,0.0,0.0,0.0
2023-10-12,0.0,0.0,0.0,0.0,0.0,0.0,0.0,0.0,0.0
2023-10-13,0.0,0.0,0.0,0.0,0.0,0.0,0.0,0.0,0.0
2023-10-14,0.0,0.0,0.0,0.0,0.0,0.0,0.0,0.0,0.0
2023-10-15,0.0,0.0,0.0,0.0,0.0,0.0,0.0,0.0,0.0
2023-10-16,0.0,0.0,0.0,0.0,0.0,0.0,0.0,0.0,0.0
2023-10-17,0.0,0.0,0.0,0.0,0.0,0.0,0.0,0.0,0.0
2023-10-18,0.0,0.0,0.0,0.0,0.0,0.0,0.0,0.0,0.0
2023-10-19,0.0,0.0,0.0,0.0,0.0,0.0,0.0,0.0,0.0
2023-10-20,0.0,0.0,0.0,0.0,0.0,0.0,0.0,0.0,0.0
2023-10-21,0.0,0.0,0.0,0.0,0.0,0.0,0.0,0.0,0.0
2023-10-22,0.0,0.0,0.0,0.0,0.0,0.0,0.0,0.0,0.0
2023-10-23,0.0,0.0,0.0,0.0,0.0,0.0,0.0,0.0,0.0
2023-10-24,0.0,0.0,0.0,0.0,0.0,0.0,0.0,0.0,0.0
2023-10-25,0.0,0.0,0.0,0.0,0.0,0.0,0.0,0.0,0.0
2023-10-26,0.0,0.0,0.0,0.0,0.0,0.0,0.0,0.0,0.0
2023-10-27,0.0,0.0,0.0,0.0,0.0,0.0,0.0,0.0,0.0
2023-10-28,0.0,0.0,0.0,0.0,0.0,0.0,0.0,0.0,0.0
2023-10-29,0.0,0.0,0.0,0.0,0.0,0.0,0.0,0.0,0.0
2023-10-30,0.0,0.0,0.0,0.0,0.0,0.0,0.0,0.0,0.0
2023-10-31,0.0,0.0,0.0,0.0,0.0,0.0,0.0,0.0,0.0
2023-11-01,0.0,0.0,0.0,0.33141631801052573,0.0,0.0,0.0,0.33784126390886626,0.33074241808060795
2023-11-02,0.0,0.0,0.0,0.3233507015551914,0.0,0.0,0.0,0.340233432266483,0.3364158661783256
2023-11-03,0.0,0.0,0.0,0.3329773333431127,0.0,0.0,0.0,0.33624089865988005,0.3307817679970072
2023-11-04,0.0,0.0,0.0,0.3277865540215342,0.0,0.0,0.0,0.34441530621030725,0.3277981397681586
2023-11-05,0.0,0.0,0.0,0.3424921860421887,0.0,0.0,0.0,0.3361380635132495,0.32136975044456184
2023-11-06,0.0,0.0,0.0,0.3543124876270014,0.0,0.0,0.0,0.33228648386851517,0.3134010285044834
2023-11-07,0.0,0.0,0.0,0.3535662882363758,0.0,0.0,0.0,0.3318691497686511,0.314564561994973
2023-11-08,0.0,0.0,0.0,0.3839989543401546,0.0,0.0,0.0,0.31575658299870774,0.30024446266113763
2023-11-09,0.0,0.0,0.0,0.3656460824734827,0.0,0.0,0.0,0.33346456330525653,0.30088935422126073
2023-11-10,0.0,0.0,0.0,0.3638327575905842,0.0,0.0,0.0,0.3492032378470117,0.2869640045624041
2023-11-11,0.0,0.0,0.0,0.3795249297387178,0.0,0.0,0.0,0.339936367281802,0.2805387029794801
2023-11-12,0.0,0.0,0.0,0.37376611675087384,0.0,0.0,0.0,0.34302250575569626,0.2832113774934299
2023-11-13,0.0,0.0,0.0,0.3556789094348489,0.0,0.0,0.0,0.3481336756005261,0.29618741496462503
2023-11-14,0.0,0.0,0.0,0.3470480070393577,0.0,0.0,0.0,0.3630521692917352,0.28989982366890704
2023-11-15,0.0,0.0,0.0,0.3450926140193555,0.0,0.0,0.0,0.36998665402514197,0.2849207319555025
2023-11-16,0.0,0.0,0.0,0.34331489796618425,0.0,0.0,0.0,0.3632906535752138,0.29339444845860196
2023-11-17,0.0,0.0,0.0,0.33847814241359325,0.0,0.0,0.0,0.36513108629116175,0.29639077129524505
2023-11-18,0.0,0.0,0.0,0.339286684483264,0.0,0.0,0.0,0.3649780384313649,0.2957352770853712
2023-11-19,0.0,0.0,0.0,0.3510043023664507,0.0,0.0,0.0,0.36068450534935736,0.2883111922841919
2023-11-20,0.0,0.0,0.0,0.3492716624020643,0.0,0.0,0.0,0.3544268134608649,0.29630152413707084
2023-11-21,0.0,0.0,0.0,0.34479694708898634,0.0,0.0,0.0,0.3529350431144026,0.30226800979661106
2023-11-22,0.0,0.0,0.0,0.34286348639465225,0.0,0.0,0.0,0.361159555962979,0.29597695764236875
2023-11-23,0.0,0.0,0.0,0.3474669234727692,0.0,0.0,0.0,0.3573236802779214,0.2952093962493093
2023-11-24,0.0,0.0,0.0,0.3469894680953639,0.0,0.0,0.0,0.3570086613493807,0.29600187055525545
2023-11-25,0.0,0.0,0.0,0.34869891283796145,0.0,0.0,0.0,0.3589745545349864,0.2923265326270521
2023-11-26,0.0,0.0,0.0,0.3515658506539693,0.0,0.0,0.0,0.35617062775516584,0.2922635215908649
2023-11-27,0.0,0.0,0.0,0.3470977549641493,0.0,0.0,0.0,0.35427416168295944,0.29862808335289126
2023-11-28,0.0,0.0,0.0,0.3463936343187519,0.0,0.0,0.0,0.3579447447735369,0.2956616209077112
2023-11-29,0.0,0.0,0.0,0.3453684935344673,0.0,0.0,0.0,0.3594448503765013,0.29518665608903144
2023-11-30,0.0,0.0,0.0,0.34340970311796604,0.0,0.0,0.0,0.3618708663656617,0.2947194305163722
2023-12-01,0.0,0.0,0.32839464232177384,0.34000645574903765,0.0,0.0,0.0,0.33159890192918856,0.0
2023-12-02,0.0,0.0,0.32282614220815464,0.346807559685422,0.0,0.0,0.0,0.3303662981064233,0.0
2023-12-03,0.0,0.0,0.3250235866494235,0.3447586707276698,0.0,0.0,0.0,0.3302177426229068,0.0
2023-12-04,0.0,0.0,0.33911454642862876,0.33780673229066405,0.0,0.0,0.0,0.32307872128070725,0.0
2023-12-05,0.0,0.0,0.34156010038893914,0.3296948880519775,0.0,0.0,0.0,0.3287450115590833,0.0
2023-12-06,0.0,0.0,0.34139909008448605,0.3181156118524397,0.0,0.0,0.0,0.3404852980630741,0.0
2023-12-07,0.0,0.0,0.3356816921389794,0.3180761649588887,0.0,0.0,0.0,0.34624214290213184,0.0
2023-12-08,0.0,0.0,0.3261905200771807,0.3142020423948073,0.0,0.0,0.0,0.35960743752801205,0.0
2023-12-09,0.0,0.0,0.3225629570549041,0.30715072063948007,0.0,0.0,0.0,0.37028632230561576,0.0
2023-12-10,0.0,0.0,0.3166842980418203,0.29455017746422946,0.0,0.0,0.0,0.3887655244939504,0.0
2023-12-11,0.0,0.0,0.3104586463441705,0.28201247735523644,0.0,0.0,0.0,0.4075288763005932,0.0
2023-12-12,0.0,0.0,0.313482485322684,0.2808503959178262,0.0,0.0,0.0,0.4056671187594897,0.0
2023-12-13,0.0,0.0,0.31344229607238183,0.27799003675416045,0.0,0.0,0.0,0.4085676671734577,0.0
2023-12-14,0.0,0.0,0.3100989305054879,0.2803697967549415,0.0,0.0,0.0,0.40953127273957046,0.0
2023-12-15,0.0,0.0,0.3057060350484755,0.2718029930900518,0.0,0.0,0.0,0.4224909718614726,0.0
2023-12-16,0.0,0.0,0.3092036059801926,0.2638294163493084,0.0,0.0,0.0,0.42696697767049896,0.0
2023-12-17,0.0,0.0,0.306637676876845,0.26782213543897143,0.0,0.0,0.0,0.4255401876841835,0.0
2023-12-18,0.0,0.0,0.2974795147556738,0.27427833960703457,0.0,0.0,0.0,0.42824214563729157,0.0
2023-12-19,0.0,0.0,0.2999037608790223,0.27145690954298063,0.0,0.0,0.0,0.42863932957799694,0.0
2023-12-20,0.0,0.0,0.28894552952665387,0.2605646398747306,0.0,0.0,0.0,0.45048983059861547,0.0
2023-12-21,0.0,0.0,0.2799476882221131,0.2610650239848285,0.0,0.0,0.0,0.45898728779305853,0.0
2023-12-22,0.0,0.0,0.27773837812199637,0.2620831789845485,0.0,0.0,0.0,0.4601784428934551,0.0
2023-12-23,0.0,0.0,0.2640735663884247,0.2566181876019502,0.0,0.0,0.0,0.4793082460096252,0.0
2023-12-24,0.0,0.0,0.2603796070404727,0.2509808182671895,0.0,0.0,0.0,0.48863957469233765,0.0
2023-12-25,0.0,0.0,0.2594269031360353,0.24813351875878342,0.0,0.0,0.0,0.49243957810518124,0.0
2023-12-26,0.0,0.0,0.26519694171532354,0.25357847695838553,0.0,0.0,0.0,0.4812245813262909,0.0
2023-12-27,0.0,0.0,0.268820418249522,0.2778153693022328,0.0,0.0,0.0,0.45336421244824515,0.0
2023-12-28,0.0,0.0,0.274867783345653,0.27780744669789,0.0,0.0,0.0,0.447324769956457,0.0
2023-12-29,0.0,0.0,0.27243025979437624,0.2693242799500039,0.0,0.0,0.0,0.45824546025561974,0.0
2023-12-30,0.0,0.0,0.275861075435072,0.26918044503824046,0.0,0.0,0.0,0.45495847952668766,0.0
2023-12-31,0.0,0.0,0.27735718682195737,0.2678764031352992,0.0,0.0,0.0,0.4547664100427435,0.0
2024-01-01,0.0,0.0,0.0,0.33971300927621323,0.0,0.0,0.0,0.32779370600962204,0.33249328471416467
2024-01-02,0.0,0.0,0.0,0.32664477540005976,0.0,0.0,0.0,0.33483406408649546,0.3385211605134449
2024-01-03,0.0,0.0,0.0,0.3136426781713114,0.0,0.0,0.0,0.34407937060346433,0.34227795122522425
2024-01-04,0.0,0.0,0.0,0.31608213959155085,0.0,0.0,0.0,0.3385097335500996,0.34540812685834943
2024-01-05,0.0,0.0,0.0,0.31237447151715686,0.0,0.0,0.0,0.3317419106357087,0.3558836178471345
2024-01-06,0.0,0.0,0.0,0.31087318711621237,0.0,0.0,0.0,0.31987595462493085,0.36925085825885684
2024-01-07,0.0,0.0,0.0,0.308326846425121,0.0,0.0,0.0,0.31325063199790937,0.3784225215769697
2024-01-08,0.0,0.0,0.0,0.2997558510805111,0.0,0.0,0.0,0.32895551463390676,0.3712886342855821
2024-01-09,0.0,0.0,0.0,0.2976190750048463,0.0,0.0,0.0,0.323111165783714,0.3792697592114397
2024-01-10,0.0,0.0,0.0,0.3053152229846318,0.0,0.0,0.0,0.3340761397592564,0.36060863725611175
2024-01-11,0.0,0.0,0.0,0.31609125714089503,0.0,0.0,0.0,0.32659743504340466,0.3573113078157004
2024-01-12,0.0,0.0,0.0,0.31851897580338706,0.0,0.0,0.0,0.32555276931406474,0.3559282548825481
2024-01-13,0.0,0.0,0.0,0.31710986107710604,0.0,0.0,0.0,0.33201189060340514,0.3508782483194887
2024-01-14,0.0,0.0,0.0,0.3227082379516194,0.0,0.0,0.0,0.3287278366643004,0.34856392538408026
2024-01-15,0.0,0.0,0.0,0.32421599450306127,0.0,0.0,0.0,0.32764085203877347,0.3481431534581652
2024-01-16,0.0,0.0,0.0,0.3229341389997182,0.0,0.0,0.0,0.32436410418326267,0.3527017568170192
2024-01-17,0.0,0.0,0.0,0.3282030280637526,0.0,0.0,0.0,0.320924461313974,0.3508725106222733
2024-01-18,0.0,0.0,0.0,0.32707880764299635,0.0,0.0,0.0,0.31639668584870423,0.35652450650829925
2024-01-19,0.0,0.0,0.0,0.33818491427130837,0.0,0.0,0.0,0.3057289709892696,0.35608611473942203
2024-01-20,0.0,0.0,0.0,0.3345228632990317,0.0,0.0,0.0,0.309399242463126,0.35607789423784225
2024-01-21,0.0,0.0,0.0,0.33099945338953274,0.0,0.0,0.0,0.3080663531841411,0.3609341934263262
2024-01-22,0.0,0.0,0.0,0.33250230501553085,0.0,0.0,0.0,0.30273111469133573,0.3647665802931333
2024-01-23,0.0,0.0,0.0,0.32419036852742017,0.0,0.0,0.0,0.30828041941685014,0.36752921205572964
2024-01-24,0.0,0.0,0.0,0.3194341362996391,0.0,0.0,0.0,0.31935821010791743,0.3612076535924434
2024-01-25,0.0,0.0,0.0,0.31756842037478106,0.0,0.0,0.0,0.31588018086502195,0.366551398760197
2024-01-26,0.0,0.0,0.0,0.31290981417672886,0.0,0.0,0.0,0.32248660894353065,0.3646035768797404
2024-01-27,0.0,0.0,0.0,0.31218656878292206,0.0,0.0,0.0,0.3283987833633927,0.3594146478536851
2024-01-28,0.0,0.0,0.0,0.31077758307216197,0.0,0.0,0.0,0.33036691405461405,0.3588555028732238
2024-01-29,0.0,0.0,0.0,0.311273836862395,0.0,0.0,0.0,0.3296301140264831,0.35909604911112186
2024-01-30,0.0,0.0,0.0,0.31759048413609947,0.0,0.0,0.0,0.3201780371976166,0.36223147866628386
2024-01-31,0.0,0.0,0.0,0.3189061823480548,0.0,0.0,0.0,0.31406804093087937,0.3670257767210659
2024-02-01,0.0,0.0,0.0,0.3560069812385244,0.0,0.0,0.0,0.32056662745876663,0.32342639130270895
2024-02-02,0.0,0.0,0.0,0.36528207721190653,0.0,0.0,0.0,0.3139776730825834,0.32074024970551007
2024-02-03,0.0,0.0,0.0,0.367250725890639,0.0,0.0,0.0,0.3085481449003622,0.32420112920899885
2024-02-04,0.0,0.0,0.0,0.3752139213562825,0.0,0.0,0.0,0.305895954915569,0.3188901237281485
2024-02-05,0.0,0.0,0.0,0.38383819257578417,0.0,0.0,0.0,0.3061298332741206,0.31003197415009537
2024-02-06,0.0,0.0,0.0,0.37541923018974643,0.0,0.0,0.0,0.30408117518575184,0.3204995946245018
2024-02-07,0.0,0.0,0.0,0.3745877700186269,0.0,0.0,0.0,0.3054608065742658,0.31995142340710736
2024-02-08,0.0,0.0,0.0,0.3654718129678751,0.0,0.0,0.0,0.30523641926376754,0.32929176776835745
2024-02-09,0.0,0.0,0.0,0.35231242637707816,0.0,0.0,0.0,0.3219411813897767,0.325746392233145
2024-02-10,0.0,0.0,0.0,0.3590717621089063,0.0,0.0,0.0,0.3153566961154404,0.32557154177565323
2024-02-11,0.0,0.0,0.0,0.3712560585668069,0.0,0.0,0.0,0.30620739821508125,0.32253654321811187
2024-02-12,0.0,0.0,0.0,0.3662127446979629,0.0,0.0,0.0,0.3101855290282023,0.32360172627383477
2024-02-13,0.0,0.0,0.0,0.35983083409614025,0.0,0.0,0.0,0.31398672671184824,0.3261824391920116
2024-02-14,0.0,0.0,0.0,0.3566211298217914,0.0,0.0,0.0,0.31270438464514216,0.3306744855330665
2024-02-15,0.0,0.0,0.0,0.3561409956768489,0.0,0.0,0.0,0.3079137030999709,0.3359453012231802
2024-02-16,0.0,0.0,0.0,0.3523712044955904,0.0,0.0,0.0,0.30729314870362134,0.3403356468007883
2024-02-17,0.0,0.0,0.0,0.35558309148965456,0.0,0.0,0.0,0.3122131407430018,0.3322037677673435
2024-02-18,0.0,0.0,0.0,0.35293673062467934,0.0,0.0,0.0,0.3156519860144764,0.3314112833608443
2024-02-19,0.0,0.0,0.0,0.35314348858911515,0.0,0.0,0.0,0.3127124633505645,0.33414404806032033
2024-02-20,0.0,0.0,0.0,0.34925554474032466,0.0,0.0,0.0,0.3080018791827404,0.3427425760769349
2024-02-21,0.0,0.0,0.0,0.34462888291750265,0.0,0.0,0.0,0.3072286769388951,0.34814244014360235
2024-02-22,0.0,0.0,0.0,0.34058153235174,0.0,0.0,0.0,0.3100808922754589,0.3493375753728012
2024-02-23,0.0,0.0,0.0,0.34513622009314415,0.0,0.0,0.0,0.30092470716337294,0.3539390727434829
2024-02-24,0.0,0.0,0.0,0.34690535501724973,0.0,0.0,0.0,0.3032264216767403,0.3498682233060101
2024-02-25,0.0,0.0,0.0,0.3468424171161704,0.0,0.0,0.0,0.3058758795212389,0.3472817033625908
2024-02-26,0.0,0.0,0.0,0.34301451177489106,0.0,0.0,0.0,0.3023931847170461,0.3545923035080628
2024-02-27,0.0,0.0,0.0,0.33360664206580126,0.0,0.0,0.0,0.3038592174751742,0.3625341404590245
2024-02-28,0.0,0.0,0.0,0.32418026909093633,0.0,0.0,0.0,0.2983090135414176,0.3775107173676461
2024-02-29,0.0,0.0,0.0,0.32523036822180396,0.0,0.0,0.0,0.3008110406613764,0.3739585911168195
2024-03-01,0.3127002121412563,0.0,0.38060222841689484,0.0,0.0,0.0,0.0,0.0,0.3066975594418488
2024-03-02,0.3104737602541965,0.0,0.41186533246421053,0.0,0.0,0.0,0.0,0.0,0.2776609072815931
2024-03-03,0.3054334185646748,0.0,0.4169613877110072,0.0,0.0,0.0,0.0,0.0,0.277605193724318
2024-03-04,0.2504958581276169,0.0,0.497744649325516,0.0,0.0,0.0,0.0,0.0,0.2517594925468671
2024-03-05,0.2769148998978283,0.0,0.4795790694577026,0.0,0.0,0.0,0.0,0.0,0.24350603064446907
2024-03-06,0.31033196746268854,0.0,0.447444521106015,0.0,0.0,0.0,0.0,0.0,0.24222351143129647
2024-03-07,0.30720932925209116,0.0,0.44191748179119084,0.0,0.0,0.0,0.0,0.0,0.2508731889567179
2024-03-08,0.28972119903075455,0.0,0.46415840974499456,0.0,0.0,0.0,0.0,0.0,0.24612039122425108
2024-03-09,0.28035251364053726,0.0,0.47380616221835126,0.0,0.0,0.0,0.0,0.0,0.24584132414111143
2024-03-10,0.28808035676921767,0.0,0.4578870180589204,0.0,0.0,0.0,0.0,0.0,0.25403262517186187
2024-03-11,0.2821766128808694,0.0,0.46152089872912283,0.0,0.0,0.0,0.0,0.0,0.2563024883900079
2024-03-12,0.2853618145271322,0.0,0.4510113432911663,0.0,0.0,0.0,0.0,0.0,0.26362684218170135
2024-03-13,0.28610617136042443,0.0,0.4464479948568759,0.0,0.0,0.0,0.0,0.0,0.2674458337826997
2024-03-14,0.28128969065312814,0.0,0.4569128192466172,0.0,0.0,0.0,0.0,0.0,0.2617974901002547
2024-03-15,0.2795582524334919,0.0,0.4495979009187515,0.0,0.0,0.0,0.0,0.0,0.2708438466477566
2024-03-16,0.28717101357124764,0.0,0.4291837227605113,0.0,0.0,0.0,0.0,0.0,0.283645263668241
2024-03-17,0.27458933527639845,0.0,0.45044335330739255,0.0,0.0,0.0,0.0,0.0,0.27496731141620906
2024-03-18,0.2770119709282369,0.0,0.4359470979252211,0.0,0.0,0.0,0.0,0.0,0.287040931146542
2024-03-19,0.2721761175357221,0.0,0.43883412785357645,0.0,0.0,0.0,0.0,0.0,0.28898975461070137
2024-03-20,0.2722274143090143,0.0,0.4456061546155527,0.0,0.0,0.0,0.0,0.0,0.28216643107543293
2024-03-21,0.2799804676054453,0.0,0.44613628879824524,0.0,0.0,0.0,0.0,0.0,0.2738832435963095
2024-03-22,0.27740142761156017,0.0,0.44850691647242674,0.0,0.0,0.0,0.0,0.0,0.27409165591601303
2024-03-23,0.2704094961325066,0.0,0.45839133220292805,0.0,0.0,0.0,0.0,0.0,0.27119917166456536
2024-03-24,0.267170646745145,0.0,0.46151421135040305,0.0,0.0,0.0,0.0,0.0,0.271315141904452
2024-03-25,0.26940908215513043,0.0,0.4552253661915269,0.0,0.0,0.0,0.0,0.0,0.2753655516533426
2024-03-26,0.2664083278710235,0.0,0.46628351837547477,0.0,0.0,0.0,0.0,0.0,0.2673081537535018
2024-03-27,0.2590517272301667,0.0,0.4736052772600887,0.0,0.0,0.0,0.0,0.0,0.26734299550974455
2024-03-28,0.2538189747629159,0.0,0.48980828332990256,0.0,0.0,0.0,0.0,0.0,0.2563727419071815
2024-03-29,0.2575916852394178,0.0,0.4834497521386538,0.0,0.0,0.0,0.0,0.0,0.25895856262192846
2024-03-30,0.26306440347119614,0.0,0.4726752471054375,0.0,0.0,0.0,0.0,0.0,0.26426034942336635
2024-03-31,0.2592012628790543,0.0,0.48112730296637224,0.0,0.0,0.0,0.0,0.0,0.2596714341545735
2024-04-01,0.0,0.0,0.31822099188404407,0.0,0.0,0.3243217019919617,0.0,0.3574573061239943,0.0
2024-04-02,0.0,0.0,0.30444641817227713,0.0,0.0,0.3530577230118548,0.0,0.3424958588158681,0.0
2024-04-03,0.0,0.0,0.30392473397995934,0.0,0.0,0.3326312450906548,0.0,0.36344402092938605,0.0
2024-04-04,0.0,0.0,0.30038922237053467,0.0,0.0,0.33481719233303214,0.0,0.3647935852964332,0.0
2024-04-05,0.0,0.0,0.2971077240104556,0.0,0.0,0.3366704234325919,0.0,0.3662218525569524,0.0
2024-04-06,0.0,0.0,0.2995419581727061,0.0,0.0,0.34335014029733024,0.0,0.3571079015299637,0.0
2024-04-07,0.0,0.0,0.310271850475461,0.0,0.0,0.33634853899593736,0.0,0.3533796105286015,0.0
2024-04-08,0.0,0.0,0.3041838204940037,0.0,0.0,0.32560697895604884,0.0,0.3702092005499473,0.0
2024-04-09,0.0,0.0,0.2900280003850446,0.0,0.0,0.31732746090942254,0.0,0.3926445387055329,0.0
2024-04-10,0.0,0.0,0.3028650899252344,0.0,0.0,0.3074185724333774,0.0,0.3897163376413882,0.0
2024-04-11,0.0,0.0,0.2885823380302154,0.0,0.0,0.29986212777269705,0.0,0.4115555341970876,0.0
2024-04-12,0.0,0.0,0.2928345244507402,0.0,0.0,0.2943557550879159,0.0,0.4128097204613439,0.0
2024-04-13,0.0,0.0,0.28184770499118933,0.0,0.0,0.29471314828549655,0.0,0.42343914672331406,0.0
2024-04-14,0.0,0.0,0.2742132329966105,0.0,0.0,0.28508747855907435,0.0,0.44069928844431533,0.0
2024-04-15,0.0,0.0,0.28055655497503995,0.0,0.0,0.28958832442576027,0.0,0.4298551205991996,0.0
2024-04-16,0.0,0.0,0.28639196515006826,0.0,0.0,0.29267934114810334,0.0,0.4209286937018285,0.0
2024-04-17,0.0,0.0,0.2875035426796826,0.0,0.0,0.29958939450789057,0.0,0.41290706281242695,0.0
2024-04-18,0.0,0.0,0.2863241272699533,0.0,0.0,0.2957239810288783,0.0,0.41795189170116825,0.0
2024-04-19,0.0,0.0,0.2974265001698609,0.0,0.0,0.30105413474662124,0.0,0.4015193650835177,0.0
2024-04-20,0.0,0.0,0.30407156639457256,0.0,0.0,0.29985885834714593,0.0,0.3960695752582815,0.0
2024-04-21,0.0,0.0,0.3053222976420701,0.0,0.0,0.2990784435934988,0.0,0.39559925876443114,0.0
2024-04-22,0.0,0.0,0.3046325182213474,0.0,0.0,0.2998263079793211,0.0,0.39554117379933146,0.0
2024-04-23,0.0,0.0,0.3096926208773737,0.0,0.0,0.301103279702554,0.0,0.3892040994200724,0.0
2024-04-24,0.0,0.0,0.31016696569202185,0.0,0.0,0.3049817598068989,0.0,0.3848512745010793,0.0
2024-04-25,0.0,0.0,0.31080567172266305,0.0,0.0,0.306401749798916,0.0,0.38279257847842085,0.0
2024-04-26,0.0,0.0,0.30821180291960115,0.0,0.0,0.3200417916501824,0.0,0.3717464054302164,0.0
2024-04-27,0.0,0.0,0.3089141764207146,0.0,0.0,0.3140482937567243,0.0,0.3770375298225611,0.0
2024-04-28,0.0,0.0,0.3057545346502544,0.0,0.0,0.3138700783859053,0.0,0.38037538696384027,0.0
2024-04-29,0.0,0.0,0.3076071404981195,0.0,0.0,0.31705508341933103,0.0,0.3753377760825495,0.0
2024-04-30,0.0,0.0,0.30152110680304317,0.0,0.0,0.31546115562181387,0.0,0.3830177375751429,0.0
2024-05-01,0.0,0.32823242894420857,0.3360321566704091,0.0,0.0,0.33573541438538235,0.0,0.0,0.0
2024-05-02,0.0,0.32623373585076676,0.3378393240945409,0.0,0.0,0.3359269400546925,0.0,0.0,0.0
2024-05-03,0.0,0.322811526611335,0.3476340018140437,0.0,0.0,0.3295544715746212,0.0,0.0,0.0
2024-05-04,0.0,0.3145848257954262,0.3601574830878337,0.0,0.0,0.3252576911167402,0.0,0.0,0.0
2024-05-05,0.0,0.3169179412763454,0.35753244602616757,0.0,0.0,0.32554961269748695,0.0,0.0,0.0
2024-05-06,0.0,0.3188345186443216,0.3510355370224348,0.0,0.0,0.3301299443332436,0.0,0.0,0.0
2024-05-07,0.0,0.3192424614532627,0.3443534548074174,0.0,0.0,0.33640408373931985,0.0,0.0,0.0
2024-05-08,0.0,0.3295400091204861,0.33692442064214306,0.0,0.0,0.3335355702373708,0.0,0.0,0.0
2024-05-09,0.0,0.3251757798079124,0.3451326867657346,0.0,0.0,0.32969153342635305,0.0,0.0,0.0
2024-05-10,0.0,0.3321200378527261,0.3412214248715517,0.0,0.0,0.3266585372757223,0.0,0.0,0.0
2024-05-11,0.0,0.3336295577757439,0.33837506506670967,0.0,0.0,0.3279953771575463,0.0,0.0,0.0
2024-05-12,0.0,0.3353249419903483,0.33510779782483613,0.0,0.0,0.3295672601848155,0.0,0.0,0.0
2024-05-13,0.0,0.3287429913564611,0.34653804964281537,0.0,0.0,0.3247189590007234,0.0,0.0,0.0
2024-05-14,0.0,0.3237646455094037,0.34951120970919264,0.0,0.0,0.32672414478140366,0.0,0.0,0.0
2024-05-15,0.0,0.313630858452618,0.3576665386009885,0.0,0.0,0.3287026029463936,0.0,0.0,0.0
2024-05-16,0.0,0.3150079366281442,0.35507854473230605,0.0,0.0,0.3299135186395499,0.0,0.0,0.0
2024-05-17,0.0,0.31268106032323223,0.35532304332267034,0.0,0.0,0.33199589635409743,0.0,0.0,0.0
2024-05-18,0.0,0.3130781068206908,0.3515296820809969,0.0,0.0,0.3353922110983123,0.0,0.0,0.0
2024-05-19,0.0,0.31416030249786225,0.34528136573663903,0.0,0.0,0.3405583317654987,0.0,0.0,0.0
2024-05-20,0.0,0.3054725581067655,0.35457675676384315,0.0,0.0,0.3399506851293913,0.0,0.0,0.0
2024-05-21,0.0,0.31103142738689604,0.355170123776769,0.0,0.0,0.3337984488363349,0.0,0.0,0.0
2024-05-22,0.0,0.31570810365858876,0.3532743567260247,0.0,0.0,0.3310175396153865,0.0,0.0,0.0
2024-05-23,0.0,0.31509790762283285,0.34921781363861565,0.0,0.0,0.33568427873855156,0.0,0.0,0.0
2024-05-24,0.0,0.31437725056181465,0.3510540041788015,0.0,0.0,0.33456874525938374,0.0,0.0,0.0
2024-05-25,0.0,0.3103182084807135,0.3610411279161416,0.0,0.0,0.32864066360314476,0.0,0.0,0.0
2024-05-26,0.0,0.31556466128304855,0.3544969772698001,0.0,0.0,0.3299383614471515,0.0,0.0,0.0
2024-05-27,0.0,0.31194016868694213,0.359423496199531,0.0,0.0,0.32863633511352697,0.0,0.0,0.0
2024-05-28,0.0,0.3131489065158089,0.36585942247285513,0.0,0.0,0.320991671011336,0.0,0.0,0.0
2024-05-29,0.0,0.31006724300642335,0.37018755681072124,0.0,0.0,0.31974520018285535,0.0,0.0,0.0
2024-05-30,0.0,0.31450192039078784,0.35942669735384203,0.0,0.0,0.32607138225537025,0.0,0.0,0.0
2024-05-31,0.0,0.31708440852810027,0.35946104647555266,0.0,0.0,0.32345454499634707,0.0,0.0,0.0
2024-06-01,0.0,0.3328136198221755,0.3331923174998694,0.0,0.0,0.0,0.0,0.0,0.33399406267795523
2024-06-02,0.0,0.33708655207995275,0.32727445229080626,0.0,0.0,0.0,0.0,0.0,0.33563899562924104
2024-06-03,0.0,0.3352979882044054,0.32561532977563434,0.0,0.0,0.0,0.0,0.0,0.33908668201996023
2024-06-04,0.0,0.332762161562902,0.3249217377184685,0.0,0.0,0.0,0.0,0.0,0.3423161007186295
2024-06-05,0.0,0.33194106415570024,0.3292534773571143,0.0,0.0,0.0,0.0,0.0,0.33880545848718535
2024-06-06,0.0,0.34029143230674425,0.3220429542053387,0.0,0.0,0.0,0.0,0.0,0.337665613487917
2024-06-07,0.0,0.34144871506404345,0.31336349796431495,0.0,0.0,0.0,0.0,0.0,0.34518778697164154
2024-06-08,0.0,0.3416112388910859,0.31038679974766936,0.0,0.0,0.0,0.0,0.0,0.3480019613612446
2024-06-09,0.0,0.34369892549113445,0.3100602034583446,0.0,0.0,0.0,0.0,0.0,0.346240871050521
2024-06-10,0.0,0.35310440778817737,0.30278744692597637,0.0,0.0,0.0,0.0,0.0,0.3441081452858463
2024-06-11,0.0,0.34990429280753593,0.3010357610841088,0.0,0.0,0.0,0.0,0.0,0.34905994610835533
2024-06-12,0.0,0.349291206712287,0.30586991013017334,0.0,0.0,0.0,0.0,0.0,0.3448388831575398
2024-06-13,0.0,0.3546038220282203,0.30029083220370845,0.0,0.0,0.0,0.0,0.0,0.3451053457680713
2024-06-14,0.0,0.35874649623032334,0.29318413120606,0.0,0.0,0.0,0.0,0.0,0.3480693725636166
2024-06-15,0.0,0.35648592963740733,0.2966807305409049,0.0,0.0,0.0,0.0,0.0,0.3468333398216877
2024-06-16,0.0,0.35512320007588133,0.2970579665087698,0.0,0.0,0.0,0.0,0.0,0.347818833415349
2024-06-17,0.0,0.3571372585927937,0.28520497541911005,0.0,0.0,0.0,0.0,0.0,0.3576577659880962
2024-06-18,0.0,0.3540250357268295,0.28036369753176726,0.0,0.0,0.0,0.0,0.0,0.3656112667414031
2024-06-19,0.0,0.3561875974305376,0.2802985216122569,0.0,0.0,0.0,0.0,0.0,0.36351388095720555
2024-06-20,0.0,0.35775480898873563,0.2808261532752539,0.0,0.0,0.0,0.0,0.0,0.36141903773601036
2024-06-21,0.0,0.3618019649369441,0.2798594997253476,0.0,0.0,0.0,0.0,0.0,0.3583385353377082
2024-06-22,0.0,0.3614141092813265,0.2799010672165758,0.0,0.0,0.0,0.0,0.0,0.35868482350209785
2024-06-23,0.0,0.36350993281133914,0.2786964320945978,0.0,0.0,0.0,0.0,0.0,0.35779363509406314
2024-06-24,0.0,0.3664315611565518,0.2804571390741998,0.0,0.0,0.0,0.0,0.0,0.35311129976924843
2024-06-25,0.0,0.3580457592804659,0.2881903187482569,0.0,0.0,0.0,0.0,0.0,0.35376392197127704
2024-06-26,0.0,0.3632536855755707,0.2834828019756914,0.0,0.0,0.0,0.0,0.0,0.35326351244873794
2024-06-27,0.0,0.3585841282874496,0.28807437778929357,0.0,0.0,0.0,0.0,0.0,0.35334149392325687
2024-06-28,0.0,0.36477484164503926,0.28339920405479035,0.0,0.0,0.0,0.0,0.0,0.3518259543001705
2024-06-29,0.0,0.36625916733980224,0.2801823127926131,0.0,0.0,0.0,0.0,0.0,0.35355851986758474
2024-06-30,0.0,0.36043343258089705,0.28145981386683805,0.0,0.0,0.0,0.0,0.0,0.35810675355226496
2024-07-01,0.0,0.0,0.0,0.0,0.0,0.0,0.0,0.0,0.0
2024-07-02,0.0,0.0,0.0,0.0,0.0,0.0,0.0,0.0,0.0
2024-07-03,0.0,0.0,0.0,0.0,0.0,0.0,0.0,0.0,0.0
2024-07-04,0.0,0.0,0.0,0.0,0.0,0.0,0.0,0.0,0.0
2024-07-05,0.0,0.0,0.0,0.0,0.0,0.0,0.0,0.0,0.0
2024-07-06,0.0,0.0,0.0,0.0,0.0,0.0,0.0,0.0,0.0
2024-07-07,0.0,0.0,0.0,0.0,0.0,0.0,0.0,0.0,0.0
2024-07-08,0.0,0.0,0.0,0.0,0.0,0.0,0.0,0.0,0.0
2024-07-09,0.0,0.0,0.0,0.0,0.0,0.0,0.0,0.0,0.0
2024-07-10,0.0,0.0,0.0,0.0,0.0,0.0,0.0,0.0,0.0
2024-07-11,0.0,0.0,0.0,0.0,0.0,0.0,0.0,0.0,0.0
2024-07-12,0.0,0.0,0.0,0.0,0.0,0.0,0.0,0.0,0.0
2024-07-13,0.0,0.0,0.0,0.0,0.0,0.0,0.0,0.0,0.0
2024-07-14,0.0,0.0,0.0,0.0,0.0,0.0,0.0,0.0,0.0
2024-07-15,0.0,0.0,0.0,0.0,0.0,0.0,0.0,0.0,0.0
2024-07-16,0.0,0.0,0.0,0.0,0.0,0.0,0.0,0.0,0.0
2024-07-17,0.0,0.0,0.0,0.0,0.0,0.0,0.0,0.0,0.0
2024-07-18,0.0,0.0,0.0,0.0,0.0,0.0,0.0,0.0,0.0
2024-07-19,0.0,0.0,0.0,0.0,0.0,0.0,0.0,0.0,0.0
2024-07-20,0.0,0.0,0.0,0.0,0.0,0.0,0.0,0.0,0.0
2024-07-21,0.0,0.0,0.0,0.0,0.0,0.0,0.0,0.0,0.0
2024-07-22,0.0,0.0,0.0,0.0,0.0,0.0,0.0,0.0,0.0
2024-07-23,0.0,0.0,0.0,0.0,0.0,0.0,0.0,0.0,0.0
2024-07-24,0.0,0.0,0.0,0.0,0.0,0.0,0.0,0.0,0.0
2024-07-25,0.0,0.0,0.0,0.0,0.0,0.0,0.0,0.0,0.0
2024-07-26,0.0,0.0,0.0,0.0,0.0,0.0,0.0,0.0,0.0
2024-07-27,0.0,0.0,0.0,0.0,0.0,0.0,0.0,0.0,0.0
2024-07-28,0.0,0.0,0.0,0.0,0.0,0.0,0.0,0.0,0.0
2024-07-29,0.0,0.0,0.0,0.0,0.0,0.0,0.0,0.0,0.0
2024-07-30,0.0,0.0,0.0,0.0,0.0,0.0,0.0,0.0,0.0
2024-07-31,0.0,0.0,0.0,0.0,0.0,0.0,0.0,0.0,0.0
2024-08-01,0.0,0.0,0.0,0.0,0.0,0.0,0.0,0.0,0.0
2024-08-02,0.0,0.0,0.0,0.0,0.0,0.0,0.0,0.0,0.0
2024-08-03,0.0,0.0,0.0,0.0,0.0,0.0,0.0,0.0,0.0
2024-08-04,0.0,0.0,0.0,0.0,0.0,0.0,0.0,0.0,0.0
2024-08-05,0.0,0.0,0.0,0.0,0.0,0.0,0.0,0.0,0.0
2024-08-06,0.0,0.0,0.0,0.0,0.0,0.0,0.0,0.0,0.0
2024-08-07,0.0,0.0,0.0,0.0,0.0,0.0,0.0,0.0,0.0
2024-08-08,0.0,0.0,0.0,0.0,0.0,0.0,0.0,0.0,0.0
2024-08-09,0.0,0.0,0.0,0.0,0.0,0.0,0.0,0.0,0.0
2024-08-10,0.0,0.0,0.0,0.0,0.0,0.0,0.0,0.0,0.0
2024-08-11,0.0,0.0,0.0,0.0,0.0,0.0,0.0,0.0,0.0
2024-08-12,0.0,0.0,0.0,0.0,0.0,0.0,0.0,0.0,0.0
2024-08-13,0.0,0.0,0.0,0.0,0.0,0.0,0.0,0.0,0.0
2024-08-14,0.0,0.0,0.0,0.0,0.0,0.0,0.0,0.0,0.0
2024-08-15,0.0,0.0,0.0,0.0,0.0,0.0,0.0,0.0,0.0
2024-08-16,0.0,0.0,0.0,0.0,0.0,0.0,0.0,0.0,0.0
2024-08-17,0.0,0.0,0.0,0.0,0.0,0.0,0.0,0.0,0.0
2024-08-18,0.0,0.0,0.0,0.0,0.0,0.0,0.0,0.0,0.0
2024-08-19,0.0,0.0,0.0,0.0,0.0,0.0,0.0,0.0,0.0
2024-08-20,0.0,0.0,0.0,0.0,0.0,0.0,0.0,0.0,0.0
2024-08-21,0.0,0.0,0.0,0.0,0.0,0.0,0.0,0.0,0.0
2024-08-22,0.0,0.0,0.0,0.0,0.0,0.0,0.0,0.0,0.0
2024-08-23,0.0,0.0,0.0,0.0,0.0,0.0,0.0,0.0,0.0
2024-08-24,0.0,0.0,0.0,0.0,0.0,0.0,0.0,0.0,0.0
2024-08-25,0.0,0.0,0.0,0.0,0.0,0.0,0.0,0.0,0.0
2024-08-26,0.0,0.0,0.0,0.0,0.0,0.0,0.0,0.0,0.0
2024-08-27,0.0,0.0,0.0,0.0,0.0,0.0,0.0,0.0,0.0
2024-08-28,0.0,0.0,0.0,0.0,0.0,0.0,0.0,0.0,0.0
2024-08-29,0.0,0.0,0.0,0.0,0.0,0.0,0.0,0.0,0.0
2024-08-30,0.0,0.0,0.0,0.0,0.0,0.0,0.0,0.0,0.0
2024-08-31,0.0,0.0,0.0,0.0,0.0,0.0,0.0,0.0,0.0
2024-09-01,0.0,0.0,0.0,0.0,0.0,0.0,0.0,0.0,0.0
2024-09-02,0.0,0.0,0.0,0.0,0.0,0.0,0.0,0.0,0.0
2024-09-03,0.0,0.0,0.0,0.0,0.0,0.0,0.0,0.0,0.0
2024-09-04,0.0,0.0,0.0,0.0,0.0,0.0,0.0,0.0,0.0
2024-09-05,0.0,0.0,0.0,0.0,0.0,0.0,0.0,0.0,0.0
2024-09-06,0.0,0.0,0.0,0.0,0.0,0.0,0.0,0.0,0.0
2024-09-07,0.0,0.0,0.0,0.0,0.0,0.0,0.0,0.0,0.0
2024-09-08,0.0,0.0,0.0,0.0,0.0,0.0,0.0,0.0,0.0
2024-09-09,0.0,0.0,0.0,0.0,0.0,0.0,0.0,0.0,0.0
2024-09-10,0.0,0.0,0.0,0.0,0.0,0.0,0.0,0.0,0.0
2024-09-11,0.0,0.0,0.0,0.0,0.0,0.0,0.0,0.0,0.0
2024-09-12,0.0,0.0,0.0,0.0,0.0,0.0,0.0,0.0,0.0
2024-09-13,0.0,0.0,0.0,0.0,0.0,0.0,0.0,0.0,0.0
2024-09-14,0.0,0.0,0.0,0.0,0.0,0.0,0.0,0.0,0.0
2024-09-15,0.0,0.0,0.0,0.0,0.0,0.0,0.0,0.0,0.0
2024-09-16,0.0,0.0,0.0,0.0,0.0,0.0,0.0,0.0,0.0
2024-09-17,0.0,0.0,0.0,0.0,0.0,0.0,0.0,0.0,0.0
2024-09-18,0.0,0.0,0.0,0.0,0.0,0.0,0.0,0.0,0.0
2024-09-19,0.0,0.0,0.0,0.0,0.0,0.0,0.0,0.0,0.0
2024-09-20,0.0,0.0,0.0,0.0,0.0,0.0,0.0,0.0,0.0
2024-09-21,0.0,0.0,0.0,0.0,0.0,0.0,0.0,0.0,0.0
2024-09-22,0.0,0.0,0.0,0.0,0.0,0.0,0.0,0.0,0.0
2024-09-23,0.0,0.0,0.0,0.0,0.0,0.0,0.0,0.0,0.0
2024-09-24,0.0,0.0,0.0,0.0,0.0,0.0,0.0,0.0,0.0
2024-09-25,0.0,0.0,0.0,0.0,0.0,0.0,0.0,0.0,0.0
2024-09-26,0.0,0.0,0.0,0.0,0.0,0.0,0.0,0.0,0.0
2024-09-27,0.0,0.0,0.0,0.0,0.0,0.0,0.0,0.0,0.0
2024-09-28,0.0,0.0,0.0,0.0,0.0,0.0,0.0,0.0,0.0
2024-09-29,0.0,0.0,0.0,0.0,0.0,0.0,0.0,0.0,0.0
2024-09-30,0.0,0.0,0.0,0.0,0.0,0.0,0.0,0.0,0.0
2024-10-01,0.0,0.0,0.0,0.0,0.0,0.0,0.0,0.0,0.0
2024-10-02,0.0,0.0,0.0,0.0,0.0,0.0,0.0,0.0,0.0
2024-10-03,0.0,0.0,0.0,0.0,0.0,0.0,0.0,0.0,0.0
2024-10-04,0.0,0.0,0.0,0.0,0.0,0.0,0.0,0.0,0.0
2024-10-05,0.0,0.0,0.0,0.0,0.0,0.0,0.0,0.0,0.0
2024-10-06,0.0,0.0,0.0,0.0,0.0,0.0,0.0,0.0,0.0
2024-10-07,0.0,0.0,0.0,0.0,0.0,0.0,0.0,0.0,0.0
2024-10-08,0.0,0.0,0.0,0.0,0.0,0.0,0.0,0.0,0.0
2024-10-09,0.0,0.0,0.0,0.0,0.0,0.0,0.0,0.0,0.0
2024-10-10,0.0,0.0,0.0,0.0,0.0,0.0,0.0,0.0,0.0
2024-10-11,0.0,0.0,0.0,0.0,0.0,0.0,0.0,0.0,0.0
2024-10-12,0.0,0.0,0.0,0.0,0.0,0.0,0.0,0.0,0.0
2024-10-13,0.0,0.0,0.0,0.0,0.0,0.0,0.0,0.0,0.0
2024-10-14,0.0,0.0,0.0,0.0,0.0,0.0,0.0,0.0,0.0
2024-10-15,0.0,0.0,0.0,0.0,0.0,0.0,0.0,0.0,0.0
2024-10-16,0.0,0.0,0.0,0.0,0.0,0.0,0.0,0.0,0.0
2024-10-17,0.0,0.0,0.0,0.0,0.0,0.0,0.0,0.0,0.0
2024-10-18,0.0,0.0,0.0,0.0,0.0,0.0,0.0,0.0,0.0
2024-10-19,0.0,0.0,0.0,0.0,0.0,0.0,0.0,0.0,0.0
2024-10-20,0.0,0.0,0.0,0.0,0.0,0.0,0.0,0.0,0.0
2024-10-21,0.0,0.0,0.0,0.0,0.0,0.0,0.0,0.0,0.0
2024-10-22,0.0,0.0,0.0,0.0,0.0,0.0,0.0,0.0,0.0
2024-10-23,0.0,0.0,0.0,0.0,0.0,0.0,0.0,0.0,0.0
2024-10-24,0.0,0.0,0.0,0.0,0.0,0.0,0.0,0.0,0.0
2024-10-25,0.0,0.0,0.0,0.0,0.0,0.0,0.0,0.0,0.0
2024-10-26,0.0,0.0,0.0,0.0,0.0,0.0,0.0,0.0,0.0
2024-10-27,0.0,0.0,0.0,0.0,0.0,0.0,0.0,0.0,0.0
2024-10-28,0.0,0.0,0.0,0.0,0.0,0.0,0.0,0.0,0.0
2024-10-29,0.0,0.0,0.0,0.0,0.0,0.0,0.0,0.0,0.0
2024-10-30,0.0,0.0,0.0,0.0,0.0,0.0,0.0,0.0,0.0
2024-10-31,0.0,0.0,0.0,0.0,0.0,0.0,0.0,0.0,0.0
2024-11-01,0.0,0.0,0.3329119540565656,0.0,0.0,0.0,0.0,0.3325592193746076,0.3345288265688269
2024-11-02,0.0,0.0,0.3377405696337217,0.0,0.0,0.0,0.0,0.32253795076838543,0.3397214795978928
2024-11-03,0.0,0.0,0.328757660413769,0.0,0.0,0.0,0.0,0.32924540463733615,0.3419969349488948
2024-11-04,0.0,0.0,0.33973865595108266,0.0,0.0,0.0,0.0,0.3189923805316494,0.341268963517268
2024-11-05,0.0,0.0,0.3423992854351795,0.0,0.0,0.0,0.0,0.32802708492211,0.32957362964271036
2024-11-06,0.0,0.0,0.3411561799391684,0.0,0.0,0.0,0.0,0.33739729881937747,0.3214465212414541
2024-11-07,0.0,0.0,0.34095861762832524,0.0,0.0,0.0,0.0,0.3344093926711599,0.32463198970051493
2024-11-08,0.0,0.0,0.34620370698084646,0.0,0.0,0.0,0.0,0.3279208624750096,0.325875430544144
2024-11-09,0.0,0.0,0.35034761594159003,0.0,0.0,0.0,0.0,0.3440976736192371,0.3055547104391727
2024-11-10,0.0,0.0,0.3892586853364513,0.0,0.0,0.0,0.0,0.3303895277400243,0.2803517869235244
2024-11-11,0.0,0.0,0.40731507885943685,0.0,0.0,0.0,0.0,0.3175145888492299,0.27517033229133314
2024-11-12,0.0,0.0,0.419262121282993,0.0,0.0,0.0,0.0,0.30685292774077055,0.27388495097623633
2024-11-13,0.0,0.0,0.4221040098858513,0.0,0.0,0.0,0.0,0.30050826789455976,0.2773877222195891
2024-11-14,0.0,0.0,0.4056216749895389,0.0,0.0,0.0,0.0,0.3106862343495079,0.28369209066095324
2024-11-15,0.0,0.0,0.4083864614922291,0.0,0.0,0.0,0.0,0.31248440229354413,0.27912913621422686
2024-11-16,0.0,0.0,0.3952744637599597,0.0,0.0,0.0,0.0,0.32396594110089316,0.2807595951391471
2024-11-17,0.0,0.0,0.39979561456480905,0.0,0.0,0.0,0.0,0.32061833640900006,0.2795860490261908
2024-11-18,0.0,0.0,0.4010435389067832,0.0,0.0,0.0,0.0,0.31902020049590485,0.279936260597312
2024-11-19,0.0,0.0,0.40816958190121466,0.0,0.0,0.0,0.0,0.3097775331347962,0.2820528849639891
2024-11-20,0.0,0.0,0.4017885235959992,0.0,0.0,0.0,0.0,0.3045769135638134,0.2936345628401875
2024-11-21,0.0,0.0,0.3982285459816244,0.0,0.0,0.0,0.0,0.306784796746786,0.29498665727158974
2024-11-22,0.0,0.0,0.411818849928495,0.0,0.0,0.0,0.0,0.2966491327824562,0.2915320172890487
2024-11-23,0.0,0.0,0.42352700105773616,0.0,0.0,0.0,0.0,0.2902211025247894,0.28625189641747445
2024-11-24,0.0,0.0,0.42298080899870993,0.0,0.0,0.0,0.0,0.28973710941326314,0.2872820815880269
2024-11-25,0.0,0.0,0.414298401268863,0.0,0.0,0.0,0.0,0.2982112154124077,0.28749038331872917
2024-11-26,0.0,0.0,0.40399614365095177,0.0,0.0,0.0,0.0,0.3146911951800684,0.2813126611689799
2024-11-27,0.0,0.0,0.41056697341527426,0.0,0.0,0.0,0.0,0.3036706846790466,0.2857623419056792
2024-11-28,0.0,0.0,0.4069687244145722,0.0,0.0,0.0,0.0,0.309705349938509,0.2833259256469189
2024-11-29,0.0,0.0,0.4131461949532227,0.0,0.0,0.0,0.0,0.30691817995426396,0.27993562509251346
2024-11-30,0.0,0.0,0.40988656897832765,0.0,0.0,0.0,0.0,0.3160171919496316,0.2740962390720407
2024-12-01,0.3217413527864673,0.0,0.0,0.0,0.0,0.35280220003711427,0.0,0.3254564471764184,0.0
2024-12-02,0.32687033183650666,0.0,0.0,0.0,0.0,0.3615320168173551,0.0,0.31159765134613837,0.0
2024-12-03,0.3486830511848793,0.0,0.0,0.0,0.0,0.3318070213373661,0.0,0.31950992747775453,0.0
2024-12-04,0.36325712242055636,0.0,0.0,0.0,0.0,0.31706405091546325,0.0,0.3196788266639803,0.0
2024-12-05,0.3514675149350351,0.0,0.0,0.0,0.0,0.30602778012519105,0.0,0.3425047049397739,0.0
2024-12-06,0.3769617118012902,0.0,0.0,0.0,0.0,0.30029424457408915,0.0,0.3227440436246205,0.0
2024-12-07,0.3781384951271318,0.0,0.0,0.0,0.0,0.30754960339287407,0.0,0.3143119014799941,0.0
2024-12-08,0.3877646607850047,0.0,0.0,0.0,0.0,0.30258582622755215,0.0,0.3096495129874431,0.0
2024-12-09,0.3886095016375704,0.0,0.0,0.0,0.0,0.2965064655034454,0.0,0.31488403285898414,0.0
2024-12-10,0.37005851674727,0.0,0.0,0.0,0.0,0.31736430097485285,0.0,0.312577182277877,0.0
2024-12-11,0.38310229350335223,0.0,0.0,0.0,0.0,0.2934465692938566,0.0,0.3234511372027912,0.0
2024-12-12,0.38759431764589053,0.0,0.0,0.0,0.0,0.28083918925761875,0.0,0.33156649309649067,0.0
2024-12-13,0.37898948459928855,0.0,0.0,0.0,0.0,0.2873676001430793,0.0,0.33364291525763223,0.0
2024-12-14,0.3784984781090156,0.0,0.0,0.0,0.0,0.2942327977501648,0.0,0.32726872414081953,0.0
2024-12-15,0.37407031520657247,0.0,0.0,0.0,0.0,0.2904101993752053,0.0,0.3355194854182224,0.0
2024-12-16,0.3658628472469993,0.0,0.0,0.0,0.0,0.2983428503272056,0.0,0.3357943024257951,0.0
2024-12-17,0.3640410015063864,0.0,0.0,0.0,0.0,0.3052060317777896,0.0,0.330752966715824,0.0
2024-12-18,0.36199869585591454,0.0,0.0,0.0,0.0,0.30274189969179804,0.0,0.3352594044522874,0.0
2024-12-19,0.3415544049302625,0.0,0.0,0.0,0.0,0.31739604137063315,0.0,0.3410495536991044,0.0
2024-12-20,0.34396633282212774,0.0,0.0,0.0,0.0,0.30262994442336566,0.0,0.3534037227545065,0.0
2024-12-21,0.34839334028368385,0.0,0.0,0.0,0.0,0.3034184509831602,0.0,0.3481882087331558,0.0
2024-12-22,0.3596270513554045,0.0,0.0,0.0,0.0,0.29901314210946517,0.0,0.3413598065351303,0.0
2024-12-23,0.3539185881664425,0.0,0.0,0.0,0.0,0.2953413229857556,0.0,0.35074008884780183,0.0
2024-12-24,0.3548980917218592,0.0,0.0,0.0,0.0,0.3042141043443292,0.0,0.3408878039338116,0.0
2024-12-25,0.34950102231476976,0.0,0.0,0.0,0.0,0.3061059268249614,0.0,0.3443930508602689,0.0
2024-12-26,0.35382493959035527,0.0,0.0,0.0,0.0,0.3037113959189369,0.0,0.34246366449070786,0.0
2024-12-27,0.3575314897071339,0.0,0.0,0.0,0.0,0.3021901963973981,0.0,0.34027831389546803,0.0
2024-12-28,0.35643106723380397,0.0,0.0,0.0,0.0,0.30169061567392264,0.0,0.34187831709227345,0.0
2024-12-29,0.35534729137902354,0.0,0.0,0.0,0.0,0.29991669542910565,0.0,0.34473601319187075,0.0
2024-12-30,0.36127751735411634,0.0,0.0,0.0,0.0,0.29211419635291747,0.0,0.34660828629296625,0.0
2024-12-31,0.3608448774346468,0.0,0.0,0.0,0.0,0.29618440825038883,0.0,0.34297071431496434,0.0
2025-01-01,0.0,0.322488969175434,0.3214411154994433,0.0,0.0,0.35606991532512267,0.0,0.0,0.0
2025-01-02,0.0,0.32953574913387595,0.3243316698467759,0.0,0.0,0.34613258101934813,0.0,0.0,0.0
2025-01-03,0.0,0.3141256246379428,0.3385369447331658,0.0,0.0,0.34733743062889133,0.0,0.0,0.0
2025-01-04,0.0,0.3113478040300527,0.34509610102047816,0.0,0.0,0.34355609494946915,0.0,0.0,0.0
2025-01-05,0.0,0.3134376468799491,0.3413976591385646,0.0,0.0,0.3451646939814864,0.0,0.0,0.0
2025-01-06,0.0,0.31768847913808185,0.3383132886863332,0.0,0.0,0.34399823217558506,0.0,0.0,0.0
2025-01-07,0.0,0.33580252341731565,0.3216566094820894,0.0,0.0,0.342540867100595,0.0,0.0,0.0
2025-01-08,0.0,0.3315211303315352,0.31647058581663046,0.0,0.0,0.35200828385183425,0.0,0.0,0.0
2025-01-09,0.0,0.33698380704406283,0.31293847841001204,0.0,0.0,0.35007771454592507,0.0,0.0,0.0
2025-01-10,0.0,0.3384585318137917,0.3122312956255633,0.0,0.0,0.3493101725606449,0.0,0.0,0.0
2025-01-11,0.0,0.3325003138730362,0.30734207335951297,0.0,0.0,0.3601576127674509,0.0,0.0,0.0
2025-01-12,0.0,0.3360541518485505,0.3095839865051748,0.0,0.0,0.3543618616462745,0.0,0.0,0.0
2025-01-13,0.0,0.32167442714981653,0.31304927187351356,0.0,0.0,0.36527630097666985,0.0,0.0,0.0
2025-01-14,0.0,0.31444438293405824,0.31549777398484924,0.0,0.0,0.3700578430810926,0.0,0.0,0.0
2025-01-15,0.0,0.2980102454052948,0.3127634889691034,0.0,0.0,0.38922626562560186,0.0,0.0,0.0
2025-01-16,0.0,0.29134202289363886,0.2973686593076461,0.0,0.0,0.41128931779871514,0.0,0.0,0.0
2025-01-17,0.0,0.28963962686536393,0.3122575331248354,0.0,0.0,0.3981028400098008,0.0,0.0,0.0
2025-01-18,0.0,0.2906624914937262,0.3050612618994408,0.0,0.0,0.4042762466068329,0.0,0.0,0.0
2025-01-19,0.0,0.30278197542314106,0.29564959263332513,0.0,0.0,0.40156843194353375,0.0,0.0,0.0
2025-01-20,0.0,0.3041722558405501,0.28485357869105365,0.0,0.0,0.4109741654683963,0.0,0.0,0.0
2025-01-21,0.0,0.30698685905116463,0.28782122856646947,0.0,0.0,0.40519191238236607,0.0,0.0,0.0
2025-01-22,0.0,0.3113933489644988,0.2826970309375724,0.0,0.0,0.40590962009792886,0.0,0.0,0.0
2025-01-23,0.0,0.3142875507152083,0.2806843025346204,0.0,0.0,0.4050281467501714,0.0,0.0,0.0
2025-01-24,0.0,0.31921457190283387,0.27736079524177726,0.0,0.0,0.4034246328553889,0.0,0.0,0.0
2025-01-25,0.0,0.32007695326665997,0.2768151012754002,0.0,0.0,0.4031079454579399,0.0,0.0,0.0
2025-01-26,0.0,0.3193172076307319,0.2720919074591844,0.0,0.0,0.40859088491008366,0.0,0.0,0.0
2025-01-27,0.0,0.3152703544195483,0.26977091183972174,0.0,0.0,0.41495873374073,0.0,0.0,0.0
2025-01-28,0.0,0.32150947636382465,0.2579643726036572,0.0,0.0,0.4205261510325182,0.0,0.0,0.0
2025-01-29,0.0,0.31393671053009087,0.26474783768158766,0.0,0.0,0.4213154517883215,0.0,0.0,0.0
2025-01-30,0.0,0.31427581862321874,0.26616913938473696,0.0,0.0,0.4195550419920442,0.0,0.0,0.0
2025-01-31,0.0,0.3180467551777255,0.2732649741208019,0.0,0.0,0.4086882707014726,0.0,0.0,0.0
2025-02-01,0.3169892800012218,0.33951819045365483,0.0,0.0,0.0,0.0,0.0,0.0,0.3434925295451234
2025-02-02,0.29756792264256104,0.33817842259862385,0.0,0.0,0.0,0.0,0.0,0.0,0.3642536547588151
2025-02-03,0.3010038154431528,0.3438160038651434,0.0,0.0,0.0,0.0,0.0,0.0,0.3551801806917039
2025-02-04,0.2963363520380117,0.3477063551752691,0.0,0.0,0.0,0.0,0.0,0.0,0.3559572927867193
2025-02-05,0.2940384941410793,0.35238428513669867,0.0,0.0,0.0,0.0,0.0,0.0,0.35357722072222203
2025-02-06,0.28049345685164606,0.3644202746067844,0.0,0.0,0.0,0.0,0.0,0.0,0.35508626854156955
2025-02-07,0.2811822058804855,0.3610635005949605,0.0,0.0,0.0,0.0,0.0,0.0,0.35775429352455407
2025-02-08,0.2863214750028639,0.3528667682165121,0.0,0.0,0.0,0.0,0.0,0.0,0.360811756780624
2025-02-09,0.28773443078423677,0.3512871028107247,0.0,0.0,0.0,0.0,0.0,0.0,0.36097846640503856
2025-02-10,0.29384820539006135,0.34850796238582543,0.0,0.0,0.0,0.0,0.0,0.0,0.3576438322241131
2025-02-11,0.2929365039912209,0.34898928172629184,0.0,0.0,0.0,0.0,0.0,0.0,0.3580742142824873
2025-02-12,0.3061592200746443,0.3294348698770361,0.0,0.0,0.0,0.0,0.0,0.0,0.3644059100483196
2025-02-13,0.31731164829930475,0.311045769094148,0.0,0.0,0.0,0.0,0.0,0.0,0.3716425826065473
2025-02-14,0.3203033648294102,0.30865160399031866,0.0,0.0,0.0,0.0,0.0,0.0,0.37104503118027116
2025-02-15,0.32027339535476285,0.2972428886456673,0.0,0.0,0.0,0.0,0.0,0.0,0.3824837159995698
2025-02-16,0.3240702230377599,0.29044837321469125,0.0,0.0,0.0,0.0,0.0,0.0,0.38548140374754886
2025-02-17,0.33046887504040884,0.2926022102917218,0.0,0.0,0.0,0.0,0.0,0.0,0.3769289146678693
2025-02-18,0.3295027469180271,0.2780160487764789,0.0,0.0,0.0,0.0,0.0,0.0,0.392481204305494
2025-02-19,0.3225435959160007,0.28785641222018615,0.0,0.0,0.0,0.0,0.0,0.0,0.3895999918638132
2025-02-20,0.3290854980479836,0.2710205662818107,0.0,0.0,0.0,0.0,0.0,0.0,0.39989393567020554
2025-02-21,0.31266510292038985,0.28863882662749646,0.0,0.0,0.0,0.0,0.0,0.0,0.39869607045211375
2025-02-22,0.3138718415473529,0.2945267048325502,0.0,0.0,0.0,0.0,0.0,0.0,0.391601453620097
2025-02-23,0.3122726743329707,0.29933392080053184,0.0,0.0,0.0,0.0,0.0,0.0,0.3883934048664974
2025-02-24,0.2956355960908494,0.3014258695382682,0.0,0.0,0.0,0.0,0.0,0.0,0.4029385343708824
2025-02-25,0.3094618837962033,0.2855035587933129,0.0,0.0,0.0,0.0,0.0,0.0,0.40503455741048383
2025-02-26,0.31375225446579474,0.28330469976478573,0.0,0.0,0.0,0.0,0.0,0.0,0.4029430457694195
2025-02-27,0.31068941878244605,0.28836201050852067,0.0,0.0,0.0,0.0,0.0,0.0,0.40094857070903334
2025-02-28,0.3024745802062042,0.2876127524358064,0.0,0.0,0.0,0.0,0.0,0.0,0.40991266735798937
2025-03-01,0.0,0.0,0.0,0.0,0.0,0.0,0.0,0.0,0.0
2025-03-02,0.0,0.0,0.0,0.0,0.0,0.0,0.0,0.0,0.0
2025-03-03,0.0,0.0,0.0,0.0,0.0,0.0,0.0,0.0,0.0
2025-03-04,0.0,0.0,0.0,0.0,0.0,0.0,0.0,0.0,0.0
2025-03-05,0.0,0.0,0.0,0.0,0.0,0.0,0.0,0.0,0.0
2025-03-06,0.0,0.0,0.0,0.0,0.0,0.0,0.0,0.0,0.0
2025-03-07,0.0,0.0,0.0,0.0,0.0,0.0,0.0,0.0,0.0
2025-03-08,0.0,0.0,0.0,0.0,0.0,0.0,0.0,0.0,0.0
2025-03-09,0.0,0.0,0.0,0.0,0.0,0.0,0.0,0.0,0.0
2025-03-10,0.0,0.0,0.0,0.0,0.0,0.0,0.0,0.0,0.0
2025-03-11,0.0,0.0,0.0,0.0,0.0,0.0,0.0,0.0,0.0
2025-03-12,0.0,0.0,0.0,0.0,0.0,0.0,0.0,0.0,0.0
2025-03-13,0.0,0.0,0.0,0.0,0.0,0.0,0.0,0.0,0.0
2025-03-14,0.0,0.0,0.0,0.0,0.0,0.0,0.0,0.0,0.0
2025-03-15,0.0,0.0,0.0,0.0,0.0,0.0,0.0,0.0,0.0
2025-03-16,0.0,0.0,0.0,0.0,0.0,0.0,0.0,0.0,0.0
2025-03-17,0.0,0.0,0.0,0.0,0.0,0.0,0.0,0.0,0.0
2025-03-18,0.0,0.0,0.0,0.0,0.0,0.0,0.0,0.0,0.0
2025-03-19,0.0,0.0,0.0,0.0,0.0,0.0,0.0,0.0,0.0
2025-03-20,0.0,0.0,0.0,0.0,0.0,0.0,0.0,0.0,0.0
2025-03-21,0.0,0.0,0.0,0.0,0.0,0.0,0.0,0.0,0.0
2025-03-22,0.0,0.0,0.0,0.0,0.0,0.0,0.0,0.0,0.0
2025-03-23,0.0,0.0,0.0,0.0,0.0,0.0,0.0,0.0,0.0
2025-03-24,0.0,0.0,0.0,0.0,0.0,0.0,0.0,0.0,0.0
2025-03-25,0.0,0.0,0.0,0.0,0.0,0.0,0.0,0.0,0.0
2025-03-26,0.0,0.0,0.0,0.0,0.0,0.0,0.0,0.0,0.0
2025-03-27,0.0,0.0,0.0,0.0,0.0,0.0,0.0,0.0,0.0
2025-03-28,0.0,0.0,0.0,0.0,0.0,0.0,0.0,0.0,0.0
2025-03-29,0.0,0.0,0.0,0.0,0.0,0.0,0.0,0.0,0.0
2025-03-30,0.0,0.0,0.0,0.0,0.0,0.0,0.0,0.0,0.0
2025-03-31,0.0,0.0,0.0,0.0,0.0,0.0,0.0,0.0,0.0
2025-04-01,0.0,0.0,0.0,0.0,0.0,0.0,0.0,0.0,0.0
2025-04-02,0.0,0.0,0.0,0.0,0.0,0.0,0.0,0.0,0.0
2025-04-03,0.0,0.0,0.0,0.0,0.0,0.0,0.0,0.0,0.0
2025-04-04,0.0,0.0,0.0,0.0,0.0,0.0,0.0,0.0,0.0
2025-04-05,0.0,0.0,0.0,0.0,0.0,0.0,0.0,0.0,0.0
2025-04-06,0.0,0.0,0.0,0.0,0.0,0.0,0.0,0.0,0.0
2025-04-07,0.0,0.0,0.0,0.0,0.0,0.0,0.0,0.0,0.0
2025-04-08,0.0,0.0,0.0,0.0,0.0,0.0,0.0,0.0,0.0
2025-04-09,0.0,0.0,0.0,0.0,0.0,0.0,0.0,0.0,0.0
2025-04-10,0.0,0.0,0.0,0.0,0.0,0.0,0.0,0.0,0.0
2025-04-11,0.0,0.0,0.0,0.0,0.0,0.0,0.0,0.0,0.0
2025-04-12,0.0,0.0,0.0,0.0,0.0,0.0,0.0,0.0,0.0
2025-04-13,0.0,0.0,0.0,0.0,0.0,0.0,0.0,0.0,0.0
2025-04-14,0.0,0.0,0.0,0.0,0.0,0.0,0.0,0.0,0.0
2025-04-15,0.0,0.0,0.0,0.0,0.0,0.0,0.0,0.0,0.0
2025-04-16,0.0,0.0,0.0,0.0,0.0,0.0,0.0,0.0,0.0
2025-04-17,0.0,0.0,0.0,0.0,0.0,0.0,0.0,0.0,0.0
2025-04-18,0.0,0.0,0.0,0.0,0.0,0.0,0.0,0.0,0.0
2025-04-19,0.0,0.0,0.0,0.0,0.0,0.0,0.0,0.0,0.0
2025-04-20,0.0,0.0,0.0,0.0,0.0,0.0,0.0,0.0,0.0
2025-04-21,0.0,0.0,0.0,0.0,0.0,0.0,0.0,0.0,0.0
2025-04-22,0.0,0.0,0.0,0.0,0.0,0.0,0.0,0.0,0.0
2025-04-23,0.0,0.0,0.0,0.0,0.0,0.0,0.0,0.0,0.0
2025-04-24,0.0,0.0,0.0,0.0,0.0,0.0,0.0,0.0,0.0
2025-04-25,0.0,0.0,0.0,0.0,0.0,0.0,0.0,0.0,0.0
2025-04-26,0.0,0.0,0.0,0.0,0.0,0.0,0.0,0.0,0.0
2025-04-27,0.0,0.0,0.0,0.0,0.0,0.0,0.0,0.0,0.0
2025-04-28,0.0,0.0,0.0,0.0,0.0,0.0,0.0,0.0,0.0
2025-04-29,0.0,0.0,0.0,0.0,0.0,0.0,0.0,0.0,0.0
2025-04-30,0.0,0.0,0.0,0.0,0.0,0.0,0.0,0.0,0.0
2025-05-01,0.0,0.0,0.0,0.0,0.0,0.0,0.0,0.0,0.0
2025-05-02,0.0,0.0,0.0,0.0,0.0,0.0,0.0,0.0,0.0
2025-05-03,0.0,0.0,0.0,0.0,0.0,0.0,0.0,0.0,0.0
2025-05-04,0.0,0.0,0.0,0.0,0.0,0.0,0.0,0.0,0.0
2025-05-05,0.0,0.0,0.0,0.0,0.0,0.0,0.0,0.0,0.0
2025-05-06,0.0,0.0,0.0,0.0,0.0,0.0,0.0,0.0,0.0
2025-05-07,0.0,0.0,0.0,0.0,0.0,0.0,0.0,0.0,0.0
2025-05-08,0.0,0.0,0.0,0.0,0.0,0.0,0.0,0.0,0.0
2025-05-09,0.0,0.0,0.0,0.0,0.0,0.0,0.0,0.0,0.0
2025-05-10,0.0,0.0,0.0,0.0,0.0,0.0,0.0,0.0,0.0
2025-05-11,0.0,0.0,0.0,0.0,0.0,0.0,0.0,0.0,0.0
2025-05-12,0.0,0.0,0.0,0.0,0.0,0.0,0.0,0.0,0.0
2025-05-13,0.0,0.0,0.0,0.0,0.0,0.0,0.0,0.0,0.0
2025-05-14,0.0,0.0,0.0,0.0,0.0,0.0,0.0,0.0,0.0
2025-05-15,0.0,0.0,0.0,0.0,0.0,0.0,0.0,0.0,0.0
2025-05-16,0.0,0.0,0.0,0.0,0.0,0.0,0.0,0.0,0.0
2025-05-17,0.0,0.0,0.0,0.0,0.0,0.0,0.0,0.0,0.0
2025-05-18,0.0,0.0,0.0,0.0,0.0,0.0,0.0,0.0,0.0
2025-05-19,0.0,0.0,0.0,0.0,0.0,0.0,0.0,0.0,0.0
2025-05-20,0.0,0.0,0.0,0.0,0.0,0.0,0.0,0.0,0.0
2025-05-21,0.0,0.0,0.0,0.0,0.0,0.0,0.0,0.0,0.0
2025-05-22,0.0,0.0,0.0,0.0,0.0,0.0,0.0,0.0,0.0
2025-05-23,0.0,0.0,0.0,0.0,0.0,0.0,0.0,0.0,0.0
2025-05-24,0.0,0.0,0.0,0.0,0.0,0.0,0.0,0.0,0.0
2025-05-25,0.0,0.0,0.0,0.0,0.0,0.0,0.0,0.0,0.0
2025-05-26,0.0,0.0,0.0,0.0,0.0,0.0,0.0,0.0,0.0
2025-05-27,0.0,0.0,0.0,0.0,0.0,0.0,0.0,0.0,0.0
2025-05-28,0.0,0.0,0.0,0.0,0.0,0.0,0.0,0.0,0.0
2025-05-29,0.0,0.0,0.0,0.0,0.0,0.0,0.0,0.0,0.0
2025-05-30,0.0,0.0,0.0,0.0,0.0,0.0,0.0,0.0,0.0
2025-05-31,0.0,0.0,0.0,0.0,0.0,0.0,0.0,0.0,0.0
2025-06-01,0.0,0.0,0.0,0.0,0.0,0.0,0.33148041991095284,0.33292953306896556,0.3355900470200816
2025-06-02,0.0,0.0,0.0,0.0,0.0,0.0,0.3451831276059577,0.32637138433582225,0.32844548805822005
2025-06-03,0.0,0.0,0.0,0.0,0.0,0.0,0.3502659222795294,0.3251402660671987,0.32459381165327184
2025-06-04,0.0,0.0,0.0,0.0,0.0,0.0,0.3426276641238793,0.3296755550462197,0.32769678082990095
2025-06-05,0.0,0.0,0.0,0.0,0.0,0.0,0.32277582166488444,0.3423430174213528,0.33488116091376274
2025-06-06,0.0,0.0,0.0,0.0,0.0,0.0,0.3297725732060459,0.34007491762359343,0.33015250917036065
2025-06-07,0.0,0.0,0.0,0.0,0.0,0.0,0.32987288294555184,0.33614277801760684,0.3339843390368415
2025-06-08,0.0,0.0,0.0,0.0,0.0,0.0,0.3293047747119142,0.3387216708890339,0.3319735543990519
2025-06-09,0.0,0.0,0.0,0.0,0.0,0.0,0.33110551376416786,0.33573701434888426,0.33315747188694783
2025-06-10,0.0,0.0,0.0,0.0,0.0,0.0,0.3250785725663066,0.33888792620830704,0.33603350122538644
2025-06-11,0.0,0.0,0.0,0.0,0.0,0.0,0.3247476265924174,0.344217236324149,0.3310351370834336
2025-06-12,0.0,0.0,0.0,0.0,0.0,0.0,0.3235938476535938,0.34254866709079,0.33385748525561626
2025-06-13,0.0,0.0,0.0,0.0,0.0,0.0,0.3228138647297235,0.3411359953826805,0.33605013988759597
2025-06-14,0.0,0.0,0.0,0.0,0.0,0.0,0.31975921569876786,0.33937417274243764,0.3408666115587945
2025-06-15,0.0,0.0,0.0,0.0,0.0,0.0,0.32185035557528946,0.3382061852469792,0.33994345917773133
2025-06-16,0.0,0.0,0.0,0.0,0.0,0.0,0.32316334578302175,0.3387582168473371,0.3380784373696411
2025-06-17,0.0,0.0,0.0,0.0,0.0,0.0,0.32606338098253984,0.33592652357366104,0.33801009544379906
2025-06-18,0.0,0.0,0.0,0.0,0.0,0.0,0.32831501300667076,0.3358162385255843,0.3358687484677449
2025-06-19,0.0,0.0,0.0,0.0,0.0,0.0,0.3248541572310334,0.33810348908207555,0.33704235368689117
2025-06-20,0.0,0.0,0.0,0.0,0.0,0.0,0.3208942155674715,0.3406745268573226,0.33843125757520603
2025-06-21,0.0,0.0,0.0,0.0,0.0,0.0,0.32540624143509445,0.33609507934212474,0.33849867922278076
2025-06-22,0.0,0.0,0.0,0.0,0.0,0.0,0.3288319356721329,0.3319322160525254,0.33923584827534176
2025-06-23,0.0,0.0,0.0,0.0,0.0,0.0,0.3245628564443347,0.3314186186638298,0.3440185248918356
2025-06-24,0.0,0.0,0.0,0.0,0.0,0.0,0.3229055899047481,0.33452961357089367,0.34256479652435834
2025-06-25,0.0,0.0,0.0,0.0,0.0,0.0,0.3237722400065519,0.3344075795907409,0.3418201804027073
2025-06-26,0.0,0.0,0.0,0.0,0.0,0.0,0.3212010465562994,0.3324665898299962,0.3463323636137045
2025-06-27,0.0,0.0,0.0,0.0,0.0,0.0,0.32242807060869233,0.3314565242328594,0.3461154051584483
2025-06-28,0.0,0.0,0.0,0.0,0.0,0.0,0.3185831825423335,0.3342582688619553,0.3471585485957112
2025-06-29,0.0,0.0,0.0,0.0,0.0,0.0,0.31995185337725024,0.334037107153332,0.3460110394694178
2025-06-30,0.0,0.0,0.0,0.0,0.0,0.0,0.31920018907629794,0.33561839413532035,0.3451814167883818
2025-07-01,0.0,0.3300039186303012,0.0,0.0,0.0,0.3354555061094209,0.0,0.0,0.33454057526027786
2025-07-02,0.0,0.33120504708860976,0.0,0.0,0.0,0.3334828868514384,0.0,0.0,0.33531206605995195
2025-07-03,0.0,0.325590510755553,0.0,0.0,0.0,0.33688480229208057,0.0,0.0,0.3375246869523664
2025-07-04,0.0,0.32608598241554154,0.0,0.0,0.0,0.334841801344765,0.0,0.0,0.3390722162396935
2025-07-05,0.0,0.33140708065375674,0.0,0.0,0.0,0.3304940044331791,0.0,0.0,0.33809891491306415
2025-07-06,0.0,0.33142685167294716,0.0,0.0,0.0,0.3316100563974134,0.0,0.0,0.33696309192963936
2025-07-07,0.0,0.3309220776928354,0.0,0.0,0.0,0.3307416723622749,0.0,0.0,0.3383362499448897
2025-07-08,0.0,0.33206756944356525,0.0,0.0,0.0,0.3309476534415818,0.0,0.0,0.3369847771148531
2025-07-09,0.0,0.32945948091799954,0.0,0.0,0.0,0.33368222077288956,0.0,0.0,0.33685829830911096
2025-07-10,0.0,0.3294483477362242,0.0,0.0,0.0,0.33528274460618107,0.0,0.0,0.3352689076575949
2025-07-11,0.0,0.3247914831207369,0.0,0.0,0.0,0.33490536453807784,0.0,0.0,0.3403031523411852
2025-07-12,0.0,0.3227775139083063,0.0,0.0,0.0,0.33520349483006595,0.0,0.0,0.34201899126162777
2025-07-13,0.0,0.3242849901744202,0.0,0.0,0.0,0.3293217351563722,0.0,0.0,0.34639327466920766
2025-07-14,0.0,0.32291698752223486,0.0,0.0,0.0,0.3294099069042957,0.0,0.0,0.3476731055734692
2025-07-15,0.0,0.32062555993856834,0.0,0.0,0.0,0.32988265698736347,0.0,0.0,0.34949178307406814
2025-07-16,0.0,0.31980129221903086,0.0,0.0,0.0,0.33288451314935974,0.0,0.0,0.3473141946316094
2025-07-17,0.0,0.3225813749124825,0.0,0.0,0.0,0.3314676314938551,0.0,0.0,0.3459509935936625
2025-07-18,0.0,0.32218973598146405,0.0,0.0,0.0,0.3349189710278926,0.0,0.0,0.3428912929906434
2025-07-19,0.0,0.320786212872472,0.0,0.0,0.0,0.3395035117722025,0.0,0.0,0.33971027535532544
2025-07-20,0.0,0.3149396411089793,0.0,0.0,0.0,0.35246231549863705,0.0,0.0,0.33259804339238364
2025-07-21,0.0,0.3148539719594695,0.0,0.0,0.0,0.36139722247236594,0.0,0.0,0.3237488055681645
2025-07-22,0.0,0.3186662289583496,0.0,0.0,0.0,0.35488124154576617,0.0,0.0,0.32645252949588427
2025-07-23,0.0,0.318857251611957,0.0,0.0,0.0,0.35415277576500737,0.0,0.0,0.3269899726230357
2025-07-24,0.0,0.32173361742498807,0.0,0.0,0.0,0.34700080380963966,0.0,0.0,0.3312655787653723
2025-07-25,0.0,0.32152540611647573,0.0,0.0,0.0,0.3474628213566938,0.0,0.0,0.33101177252683045
2025-07-26,0.0,0.31893786906126276,0.0,0.0,0.0,0.35751746525462474,0.0,0.0,0.32354466568411244
2025-07-27,0.0,0.3194428635236965,0.0,0.0,0.0,0.35741395909294194,0.0,0.0,0.3231431773833617
2025-07-28,0.0,0.3242071324432608,0.0,0.0,0.0,0.3574924624817456,0.0,0.0,0.31830040507499363
2025-07-29,0.0,0.3257866279871897,0.0,0.0,0.0,0.3511478756359836,0.0,0.0,0.3230654963768268
2025-07-30,0.0,0.3237920933952151,0.0,0.0,0.0,0.3513174085166327,0.0,0.0,0.3248904980881523
2025-07-31,0.0,0.31861098692550555,0.0,0.0,0.0,0.35958213389735677,0.0,0.0,0.32180687917713763
2025-08-01,0.324502384462146,0.0,0.0,0.3330868082407086,0.0,0.34241080729714546,0.0,0.0,0.0
2025-08-02,0.32788771490786117,0.0,0.0,0.32996768318651004,0.0,0.3421446019056288,0.0,0.0,0.0
2025-08-03,0.32889475804755963,0.0,0.0,0.332736345073456,0.0,0.33836889687898436,0.0,0.0,0.0
2025-08-04,0.3248336945708417,0.0,0.0,0.3277010644206976,0.0,0.34746524100846066,0.0,0.0,0.0
2025-08-05,0.3355725336896958,0.0,0.0,0.3267957026877133,0.0,0.33763176362259095,0.0,0.0,0.0
2025-08-06,0.3371484491459596,0.0,0.0,0.3264749112518055,0.0,0.33637663960223496,0.0,0.0,0.0
2025-08-07,0.336037280942076,0.0,0.0,0.32717661531227904,0.0,0.33678610374564494,0.0,0.0,0.0
2025-08-08,0.3322945835469144,0.0,0.0,0.33358144889060265,0.0,0.33412396756248297,0.0,0.0,0.0
2025-08-09,0.3315288659330047,0.0,0.0,0.34344874626327243,0.0,0.32502238780372283,0.0,0.0,0.0
2025-08-10,0.32144559510540865,0.0,0.0,0.3636932130384507,0.0,0.3148611918561407,0.0,0.0,0.0
2025-08-11,0.32190499489100527,0.0,0.0,0.36801220250674155,0.0,0.3100828026022533,0.0,0.0,0.0
2025-08-12,0.33451089450252275,0.0,0.0,0.3604055925835287,0.0,0.30508351291394853,0.0,0.0,0.0
2025-08-13,0.32597345655295523,0.0,0.0,0.37454173653810835,0.0,0.2994848069089363,0.0,0.0,0.0
2025-08-14,0.33222172634230096,0.0,0.0,0.37255932046261403,0.0,0.29521895319508495,0.0,0.0,0.0
2025-08-15,0.32290067539050465,0.0,0.0,0.3777012073183114,0.0,0.29939811729118393,0.0,0.0,0.0
2025-08-16,0.32300213610517553,0.0,0.0,0.37136016184117393,0.0,0.3056377020536506,0.0,0.0,0.0
2025-08-17,0.3235683217897065,0.0,0.0,0.3769364638129466,0.0,0.29949521439734694,0.0,0.0,0.0
2025-08-18,0.30882060304816666,0.0,0.0,0.4064295436543199,0.0,0.28474985329751334,0.0,0.0,0.0
2025-08-19,0.29990704501875004,0.0,0.0,0.4170006799147158,0.0,0.2830922750665341,0.0,0.0,0.0
2025-08-20,0.3049384928025502,0.0,0.0,0.4086227262310645,0.0,0.2864387809663854,0.0,0.0,0.0
2025-08-21,0.3005656577339107,0.0,0.0,0.424157598819493,0.0,0.27527674344659625,0.0,0.0,0.0
2025-08-22,0.3035297981290739,0.0,0.0,0.41652626796767295,0.0,0.2799439339032531,0.0,0.0,0.0
2025-08-23,0.31023524783546347,0.0,0.0,0.4113532063260409,0.0,0.2784115458384956,0.0,0.0,0.0
2025-08-24,0.3122065880526724,0.0,0.0,0.4100194457005704,0.0,0.2777739662467572,0.0,0.0,0.0
2025-08-25,0.30833760189575743,0.0,0.0,0.4129127449353017,0.0,0.27874965316894096,0.0,0.0,0.0
2025-08-26,0.3014148009056108,0.0,0.0,0.41128271298731023,0.0,0.28730248610707904,0.0,0.0,0.0
2025-08-27,0.2982816687764667,0.0,0.0,0.41408551136616745,0.0,0.2876328198573658,0.0,0.0,0.0
2025-08-28,0.30166630477523165,0.0,0.0,0.412733804883032,0.0,0.28559989034173616,0.0,0.0,0.0
2025-08-29,0.2974289159717495,0.0,0.0,0.42359130653182714,0.0,0.27897977749642344,0.0,0.0,0.0
2025-08-30,0.3026543241016962,0.0,0.0,0.4172867452475281,0.0,0.28005893065077575,0.0,0.0,0.0
2025-08-31,0.30503302059000265,0.0,0.0,0.41719133598007974,0.0,0.27777564342991773,0.0,0.0,0.0
2025-09-01,0.0,0.0,0.0,0.0,0.0,0.0,0.0,0.0,0.0
2025-09-02,0.0,0.0,0.0,0.0,0.0,0.0,0.0,0.0,0.0
2025-09-03,0.0,0.0,0.0,0.0,0.0,0.0,0.0,0.0,0.0
2025-09-04,0.0,0.0,0.0,0.0,0.0,0.0,0.0,0.0,0.0
2025-09-05,0.0,0.0,0.0,0.0,0.0,0.0,0.0,0.0,0.0
2025-09-06,0.0,0.0,0.0,0.0,0.0,0.0,0.0,0.0,0.0
2025-09-07,0.0,0.0,0.0,0.0,0.0,0.0,0.0,0.0,0.0
2025-09-08,0.0,0.0,0.0,0.0,0.0,0.0,0.0,0.0,0.0
2025-09-09,0.0,0.0,0.0,0.0,0.0,0.0,0.0,0.0,0.0
2025-09-10,0.0,0.0,0.0,0.0,0.0,0.0,0.0,0.0,0.0
2025-09-11,0.0,0.0,0.0,0.0,0.0,0.0,0.0,0.0,0.0
2025-09-12,0.0,0.0,0.0,0.0,0.0,0.0,0.0,0.0,0.0
2025-09-13,0.0,0.0,0.0,0.0,0.0,0.0,0.0,0.0,0.0
2025-09-14,0.0,0.0,0.0,0.0,0.0,0.0,0.0,0.0,0.0
2025-09-15,0.0,0.0,0.0,0.0,0.0,0.0,0.0,0.0,0.0
2025-09-16,0.0,0.0,0.0,0.0,0.0,0.0,0.0,0.0,0.0
2025-09-17,0.0,0.0,0.0,0.0,0.0,0.0,0.0,0.0,0.0
2025-09-18,0.0,0.0,0.0,0.0,0.0,0.0,0.0,0.0,0.0
2025-09-19,0.0,0.0,0.0,0.0,0.0,0.0,0.0,0.0,0.0
2025-09-20,0.0,0.0,0.0,0.0,0.0,0.0,0.0,0.0,0.0
2025-09-21,0.0,0.0,0.0,0.0,0.0,0.0,0.0,0.0,0.0
2025-09-22,0.0,0.0,0.0,0.0,0.0,0.0,0.0,0.0,0.0
2025-09-23,0.0,0.0,0.0,0.0,0.0,0.0,0.0,0.0,0.0
2025-09-24,0.0,0.0,0.0,0.0,0.0,0.0,0.0,0.0,0.0
2025-09-25,0.0,0.0,0.0,0.0,0.0,0.0,0.0,0.0,0.0
2025-09-26,0.0,0.0,0.0,0.0,0.0,0.0,0.0,0.0,0.0
2025-09-27,0.0,0.0,0.0,0.0,0.0,0.0,0.0,0.0,0.0
2025-09-28,0.0,0.0,0.0,0.0,0.0,0.0,0.0,0.0,0.0
2025-09-29,0.0,0.0,0.0,0.0,0.0,0.0,0.0,0.0,0.0
2025-09-30,0.0,0.0,0.0,0.0,0.0,0.0,0.0,0.0,0.0
2025-10-01,0.0,0.3310444719167277,0.0,0.33167597087396367,0.0,0.0,0.0,0.0,0.3372795572093086
2025-10-02,0.0,0.32681931270153697,0.0,0.33688044247096793,0.0,0.0,0.0,0.0,0.33630024482749526
2025-10-03,0.0,0.3386115481057977,0.0,0.32935035314426986,0.0,0.0,0.0,0.0,0.3320380987499325
2025-10-04,0.0,0.3456138197997163,0.0,0.32212257811315564,0.0,0.0,0.0,0.0,0.33226360208712796
2025-10-05,0.0,0.3433343572258678,0.0,0.3193402126571956,0.0,0.0,0.0,0.0,0.33732543011693655
2025-10-06,0.0,0.34175598580072525,0.0,0.31842633809557164,0.0,0.0,0.0,0.0,0.339817676103703
2025-10-07,0.0,0.3382724506379686,0.0,0.32841761663872976,0.0,0.0,0.0,0.0,0.3333099327233015
2025-10-08,0.0,0.3523370679081691,0.0,0.31487212487393124,0.0,0.0,0.0,0.0,0.3327908072178997
2025-10-09,0.0,0.34892422666669765,0.0,0.31957755473726795,0.0,0.0,0.0,0.0,0.33149821859603434
2025-10-10,0.0,0.343447974317586,0.0,0.3199831065263532,0.0,0.0,0.0,0.0,0.3365689191560607
2025-10-11,0.0,0.34708067147797794,0.0,0.2924908776137982,0.0,0.0,0.0,0.0,0.36042845090822384
2025-10-12,0.0,0.3508364661513504,0.0,0.2918433253346359,0.0,0.0,0.0,0.0,0.3573202085140137
2025-10-13,0.0,0.3603608314107972,0.0,0.2972601778040808,0.0,0.0,0.0,0.0,0.34237899078512196
2025-10-14,0.0,0.3610316210348221,0.0,0.30386603411318214,0.0,0.0,0.0,0.0,0.3351023448519959
2025-10-15,0.0,0.35215457464065336,0.0,0.30472850786886896,0.0,0.0,0.0,0.0,0.3431169174904776
2025-10-16,0.0,0.3498953468956497,0.0,0.3001189607226081,0.0,0.0,0.0,0.0,0.34998569238174226
2025-10-17,0.0,0.352787268925575,0.0,0.29656564924621026,0.0,0.0,0.0,0.0,0.35064708182821475
2025-10-18,0.0,0.34749933793860754,0.0,0.2940842650498689,0.0,0.0,0.0,0.0,0.3584163970115235
2025-10-19,0.0,0.35175419068530245,0.0,0.29305538393662733,0.0,0.0,0.0,0.0,0.3551904253780702
2025-10-20,0.0,0.3509461261816499,0.0,0.2955193996545293,0.0,0.0,0.0,0.0,0.35353447416382094
2025-10-21,0.0,0.341135158082003,0.0,0.3095911392027949,0.0,0.0,0.0,0.0,0.34927370271520203
2025-10-22,0.0,0.3374991374923408,0.0,0.3052011633438049,0.0,0.0,0.0,0.0,0.3572996991638542
2025-10-23,0.0,0.3450371828899672,0.0,0.29897410094990107,0.0,0.0,0.0,0.0,0.3559887161601318
2025-10-24,0.0,0.3576082073926279,0.0,0.2916425955595618,0.0,0.0,0.0,0.0,0.3507491970478103
2025-10-25,0.0,0.34958464919274096,0.0,0.2981983528359845,0.0,0.0,0.0,0.0,0.3522169979712746
2025-10-26,0.0,0.3611995493083684,0.0,0.2932474398670132,0.0,0.0,0.0,0.0,0.3455530108246184
2025-10-27,0.0,0.3648929974915196,0.0,0.29217001002979637,0.0,0.0,0.0,0.0,0.3429369924786841
2025-10-28,0.0,0.3652249452468873,0.0,0.2896062866955943,0.0,0.0,0.0,0.0,0.34516876805751845
2025-10-29,0.0,0.36795621290203984,0.0,0.28683099623364045,0.0,0.0,0.0,0.0,0.3452127908643198
2025-10-30,0.0,0.37039960872800093,0.0,0.29182089485612217,0.0,0.0,0.0,0.0,0.3377794964158768
2025-10-31,0.0,0.37132467997299384,0.0,0.28240576184721394,0.0,0.0,0.0,0.0,0.34626955817979216
2025-11-01,0.0,0.0,0.0,0.0,0.0,0.0,0.0,0.0,0.0
2025-11-02,0.0,0.0,0.0,0.0,0.0,0.0,0.0,0.0,0.0
2025-11-03,0.0,0.0,0.0,0.0,0.0,0.0,0.0,0.0,0.0
2025-11-04,0.0,0.0,0.0,0.0,0.0,0.0,0.0,0.0,0.0
2025-11-05,0.0,0.0,0.0,0.0,0.0,0.0,0.0,0.0,0.0
2025-11-06,0.0,0.0,0.0,0.0,0.0,0.0,0.0,0.0,0.0
2025-11-07,0.0,0.0,0.0,0.0,0.0,0.0,0.0,0.0,0.0
2025-11-08,0.0,0.0,0.0,0.0,0.0,0.0,0.0,0.0,0.0
2025-11-09,0.0,0.0,0.0,0.0,0.0,0.0,0.0,0.0,0.0
2025-11-10,0.0,0.0,0.0,0.0,0.0,0.0,0.0,0.0,0.0
2025-11-11,0.0,0.0,0.0,0.0,0.0,0.0,0.0,0.0,0.0
2025-11-12,0.0,0.0,0.0,0.0,0.0,0.0,0.0,0.0,0.0
2025-11-13,0.0,0.0,0.0,0.0,0.0,0.0,0.0,0.0,0.0
2025-11-14,0.0,0.0,0.0,0.0,0.0,0.0,0.0,0.0,0.0
2025-11-15,0.0,0.0,0.0,0.0,0.0,0.0,0.0,0.0,0.0
2025-11-16,0.0,0.0,0.0,0.0,0.0,0.0,0.0,0.0,0.0
2025-11-17,0.0,0.0,0.0,0.0,0.0,0.0,0.0,0.0,0.0
2025-11-18,0.0,0.0,0.0,0.0,0.0,0.0,0.0,0.0,0.0
2025-11-19,0.0,0.0,0.0,0.0,0.0,0.0,0.0,0.0,0.0
2025-11-20,0.0,0.0,0.0,0.0,0.0,0.0,0.0,0.0,0.0
2025-11-21,0.0,0.0,0.0,0.0,0.0,0.0,0.0,0.0,0.0
2025-11-22,0.0,0.0,0.0,0.0,0.0,0.0,0.0,0.0,0.0
2025-11-23,0.0,0.0,0.0,0.0,0.0,0.0,0.0,0.0,0.0
2025-11-24,0.0,0.0,0.0,0.0,0.0,0.0,0.0,0.0,0.0
2025-11-25,0.0,0.0,0.0,0.0,0.0,0.0,0.0,0.0,0.0
2025-11-26,0.0,0.0,0.0,0.0,0.0,0.0,0.0,0.0,0.0
2025-11-27,0.0,0.0,0.0,0.0,0.0,0.0,0.0,0.0,0.0
2025-11-28,0.0,0.0,0.0,0.0,0.0,0.0,0.0,0.0,0.0
2025-11-29,0.0,0.0,0.0,0.0,0.0,0.0,0.0,0.0,0.0
2025-11-30,0.0,0.0,0.0,0.0,0.0,0.0,0.0,0.0,0.0
2025-12-01,0.0,0.0,0.0,0.0,0.0,0.0,0.0,0.0,0.0
2025-12-02,0.0,0.0,0.0,0.0,0.0,0.0,0.0,0.0,0.0
2025-12-03,0.0,0.0,0.0,0.0,0.0,0.0,0.0,0.0,0.0
2025-12-04,0.0,0.0,0.0,0.0,0.0,0.0,0.0,0.0,0.0
2025-12-05,0.0,0.0,0.0,0.0,0.0,0.0,0.0,0.0,0.0
2025-12-06,0.0,0.0,0.0,0.0,0.0,0.0,0.0,0.0,0.0
2025-12-07,0.0,0.0,0.0,0.0,0.0,0.0,0.0,0.0,0.0
2025-12-08,0.0,0.0,0.0,0.0,0.0,0.0,0.0,0.0,0.0
2025-12-09,0.0,0.0,0.0,0.0,0.0,0.0,0.0,0.0,0.0
2025-12-10,0.0,0.0,0.0,0.0,0.0,0.0,0.0,0.0,0.0
2025-12-11,0.0,0.0,0.0,0.0,0.0,0.0,0.0,0.0,0.0
2025-12-12,0.0,0.0,0.0,0.0,0.0,0.0,0.0,0.0,0.0
2025-12-13,0.0,0.0,0.0,0.0,0.0,0.0,0.0,0.0,0.0
2025-12-14,0.0,0.0,0.0,0.0,0.0,0.0,0.0,0.0,0.0
2025-12-15,0.0,0.0,0.0,0.0,0.0,0.0,0.0,0.0,0.0
2025-12-16,0.0,0.0,0.0,0.0,0.0,0.0,0.0,0.0,0.0
2025-12-17,0.0,0.0,0.0,0.0,0.0,0.0,0.0,0.0,0.0
2025-12-18,0.0,0.0,0.0,0.0,0.0,0.0,0.0,0.0,0.0
2025-12-19,0.0,0.0,0.0,0.0,0.0,0.0,0.0,0.0,0.0
2025-12-20,0.0,0.0,0.0,0.0,0.0,0.0,0.0,0.0,0.0
2025-12-21,0.0,0.0,0.0,0.0,0.0,0.0,0.0,0.0,0.0
2025-12-22,0.0,0.0,0.0,0.0,0.0,0.0,0.0,0.0,0.0
2025-12-23,0.0,0.0,0.0,0.0,0.0,0.0,0.0,0.0,0.0
2025-12-24,0.0,0.0,0.0,0.0,0.0,0.0,0.0,0.0,0.0
2025-12-25,0.0,0.0,0.0,0.0,0.0,0.0,0.0,0.0,0.0
2025-12-26,0.0,0.0,0.0,0.0,0.0,0.0,0.0,0.0,0.0
2025-12-27,0.0,0.0,0.0,0.0,0.0,0.0,0.0,0.0,0.0
2025-12-28,0.0,0.0,0.0,0.0,0.0,0.0,0.0,0.0,0.0
2025-12-29,0.0,0.0,0.0,0.0,0.0,0.0,0.0,0.0,0.0
2025-12-30,0.0,0.0,0.0,0.0,0.0,0.0,0.0,0.0,0.0
2025-12-31,0.0,0.0,0.0,0.0,0.0,0.0,0.0,0.0,0.0
2026-01-01,0.0,0.0,0.0,0.0,0.0,0.0,0.0,0.0,0.0
2026-01-02,0.0,0.0,0.0,0.0,0.0,0.0,0.0,0.0,0.0
2026-01-03,0.0,0.0,0.0,0.0,0.0,0.0,0.0,0.0,0.0
2026-01-04,0.0,0.0,0.0,0.0,0.0,0.0,0.0,0.0,0.0
2026-01-05,0.0,0.0,0.0,0.0,0.0,0.0,0.0,0.0,0.0
2026-01-06,0.0,0.0,0.0,0.0,0.0,0.0,0.0,0.0,0.0
2026-01-07,0.0,0.0,0.0,0.0,0.0,0.0,0.0,0.0,0.0
2026-01-08,0.0,0.0,0.0,0.0,0.0,0.0,0.0,0.0,0.0
2026-01-09,0.0,0.0,0.0,0.0,0.0,0.0,0.0,0.0,0.0
2026-01-10,0.0,0.0,0.0,0.0,0.0,0.0,0.0,0.0,0.0
2026-01-11,0.0,0.0,0.0,0.0,0.0,0.0,0.0,0.0,0.0
2026-01-12,0.0,0.0,0.0,0.0,0.0,0.0,0.0,0.0,0.0
2026-01-13,0.0,0.0,0.0,0.0,0.0,0.0,0.0,0.0,0.0
2026-01-14,0.0,0.0,0.0,0.0,0.0,0.0,0.0,0.0,0.0
2026-01-15,0.0,0.0,0.0,0.0,0.0,0.0,0.0,0.0,0.0
2026-01-16,0.0,0.0,0.0,0.0,0.0,0.0,0.0,0.0,0.0
2026-01-17,0.0,0.0,0.0,0.0,0.0,0.0,0.0,0.0,0.0
2026-01-18,0.0,0.0,0.0,0.0,0.0,0.0,0.0,0.0,0.0
2026-01-19,0.0,0.0,0.0,0.0,0.0,0.0,0.0,0.0,0.0
2026-01-20,0.0,0.0,0.0,0.0,0.0,0.0,0.0,0.0,0.0
2026-01-21,0.0,0.0,0.0,0.0,0.0,0.0,0.0,0.0,0.0
2026-01-22,0.0,0.0,0.0,0.0,0.0,0.0,0.0,0.0,0.0
2026-01-23,0.0,0.0,0.0,0.0,0.0,0.0,0.0,0.0,0.0
2026-01-24,0.0,0.0,0.0,0.0,0.0,0.0,0.0,0.0,0.0
2026-01-25,0.0,0.0,0.0,0.0,0.0,0.0,0.0,0.0,0.0
2026-01-26,0.0,0.0,0.0,0.0,0.0,0.0,0.0,0.0,0.0
2026-01-27,0.0,0.0,0.0,0.0,0.0,0.0,0.0,0.0,0.0
2026-01-28,0.0,0.0,0.0,0.0,0.0,0.0,0.0,0.0,0.0
2026-01-29,0.0,0.0,0.0,0.0,0.0,0.0,0.0,0.0,0.0
2026-01-30,0.0,0.0,0.0,0.0,0.0,0.0,0.0,0.0,0.0
2026-01-31,0.0,0.0,0.0,0.0,0.0,0.0,0.0,0.0,0.0
2026-02-01,0.0,0.0,0.0,0.0,0.0,0.0,0.0,0.0,0.0
2026-02-02,0.0,0.0,0.0,0.0,0.0,0.0,0.0,0.0,0.0
2026-02-03,0.0,0.0,0.0,0.0,0.0,0.0,0.0,0.0,0.0
2026-02-04,0.0,0.0,0.0,0.0,0.0,0.0,0.0,0.0,0.0
2026-02-05,0.0,0.0,0.0,0.0,0.0,0.0,0.0,0.0,0.0
2026-02-06,0.0,0.0,0.0,0.0,0.0,0.0,0.0,0.0,0.0
2026-02-07,0.0,0.0,0.0,0.0,0.0,0.0,0.0,0.0,0.0
2026-02-08,0.0,0.0,0.0,0.0,0.0,0.0,0.0,0.0,0.0
2026-02-09,0.0,0.0,0.0,0.0,0.0,0.0,0.0,0.0,0.0
2026-02-10,0.0,0.0,0.0,0.0,0.0,0.0,0.0,0.0,0.0
2026-02-11,0.0,0.0,0.0,0.0,0.0,0.0,0.0,0.0,0.0
2026-02-12,0.0,0.0,0.0,0.0,0.0,0.0,0.0,0.0,0.0
2026-02-13,0.0,0.0,0.0,0.0,0.0,0.0,0.0,0.0,0.0
2026-02-14,0.0,0.0,0.0,0.0,0.0,0.0,0.0,0.0,0.0
2026-02-15,0.0,0.0,0.0,0.0,0.0,0.0,0.0,0.0,0.0
2026-02-16,0.0,0.0,0.0,0.0,0.0,0.0,0.0,0.0,0.0
2026-02-17,0.0,0.0,0.0,0.0,0.0,0.0,0.0,0.0,0.0
2026-02-18,0.0,0.0,0.0,0.0,0.0,0.0,0.0,0.0,0.0
2026-02-19,0.0,0.0,0.0,0.0,0.0,0.0,0.0,0.0,0.0
2026-02-20,0.0,0.0,0.0,0.0,0.0,0.0,0.0,0.0,0.0
2026-02-21,0.0,0.0,0.0,0.0,0.0,0.0,0.0,0.0,0.0
2026-02-22,0.0,0.0,0.0,0.0,0.0,0.0,0.0,0.0,0.0
2026-02-23,0.0,0.0,0.0,0.0,0.0,0.0,0.0,0.0,0.0
2026-02-24,0.0,0.0,0.0,0.0,0.0,0.0,0.0,0.0,0.0
2026-02-25,0.0,0.0,0.0,0.0,0.0,0.0,0.0,0.0,0.0
2026-02-26,0.0,0.0,0.0,0.0,0.0,0.0,0.0,0.0,0.0
2026-02-27,0.0,0.0,0.0,0.0,0.0,0.0,0.0,0.0,0.0
2026-02-28,0.0,0.0,0.0,0.0,0.0,0.0,0.0,0.0,0.0
2026-03-01,0.0,0.0,0.0,0.0,0.0,0.0,0.0,0.0,0.0
2026-03-02,0.0,0.0,0.0,0.0,0.0,0.0,0.0,0.0,0.0
2026-03-03,0.0,0.0,0.0,0.0,0.0,0.0,0.0,0.0,0.0
2026-03-04,0.0,0.0,0.0,0.0,0.0,0.0,0.0,0.0,0.0
2026-03-05,0.0,0.0,0.0,0.0,0.0,0.0,0.0,0.0,0.0
2026-03-06,0.0,0.0,0.0,0.0,0.0,0.0,0.0,0.0,0.0
2026-03-07,0.0,0.0,0.0,0.0,0.0,0.0,0.0,0.0,0.0
2026-03-08,0.0,0.0,0.0,0.0,0.0,0.0,0.0,0.0,0.0
2026-03-09,0.0,0.0,0.0,0.0,0.0,0.0,0.0,0.0,0.0
2026-03-10,0.0,0.0,0.0,0.0,0.0,0.0,0.0,0.0,0.0
2026-03-11,0.0,0.0,0.0,0.0,0.0,0.0,0.0,0.0,0.0
2026-03-12,0.0,0.0,0.0,0.0,0.0,0.0,0.0,0.0,0.0
2026-03-13,0.0,0.0,0.0,0.0,0.0,0.0,0.0,0.0,0.0
2026-03-14,0.0,0.0,0.0,0.0,0.0,0.0,0.0,0.0,0.0
2026-03-15,0.0,0.0,0.0,0.0,0.0,0.0,0.0,0.0,0.0
2026-03-16,0.0,0.0,0.0,0.0,0.0,0.0,0.0,0.0,0.0
2026-03-17,0.0,0.0,0.0,0.0,0.0,0.0,0.0,0.0,0.0
2026-03-18,0.0,0.0,0.0,0.0,0.0,0.0,0.0,0.0,0.0
2026-03-19,0.0,0.0,0.0,0.0,0.0,0.0,0.0,0.0,0.0
2026-03-20,0.0,0.0,0.0,0.0,0.0,0.0,0.0,0.0,0.0
2026-03-21,0.0,0.0,0.0,0.0,0.0,0.0,0.0,0.0,0.0
2026-03-22,0.0,0.0,0.0,0.0,0.0,0.0,0.0,0.0,0.0
2026-03-23,0.0,0.0,0.0,0.0,0.0,0.0,0.0,0.0,0.0
2026-03-24,0.0,0.0,0.0,0.0,0.0,0.0,0.0,0.0,0.0
2026-03-25,0.0,0.0,0.0,0.0,0.0,0.0,0.0,0.0,0.0
2026-03-26,0.0,0.0,0.0,0.0,0.0,0.0,0.0,0.0,0.0
2026-03-27,0.0,0.0,0.0,0.0,0.0,0.0,0.0,0.0,0.0
2026-03-28,0.0,0.0,0.0,0.0,0.0,0.0,0.0,0.0,0.0
2026-03-29,0.0,0.0,0.0,0.0,0.0,0.0,0.0,0.0,0.0
2026-03-30,0.0,0.0,0.0,0.0,0.0,0.0,0.0,0.0,0.0
2026-03-31,0.0,0.0,0.0,0.0,0.0,0.0,0.0,0.0,0.0
2026-04-01,0.0,0.0,0.0,0.0,0.0,0.0,0.0,0.0,0.0
2026-04-02,0.0,0.0,0.0,0.0,0.0,0.0,0.0,0.0,0.0
2026-04-03,0.0,0.0,0.0,0.0,0.0,0.0,0.0,0.0,0.0
2026-04-04,0.0,0.0,0.0,0.0,0.0,0.0,0.0,0.0,0.0
2026-04-05,0.0,0.0,0.0,0.0,0.0,0.0,0.0,0.0,0.0
2026-04-06,0.0,0.0,0.0,0.0,0.0,0.0,0.0,0.0,0.0
2026-04-07,0.0,0.0,0.0,0.0,0.0,0.0,0.0,0.0,0.0
2026-04-08,0.0,0.0,0.0,0.0,0.0,0.0,0.0,0.0,0.0
2026-04-09,0.0,0.0,0.0,0.0,0.0,0.0,0.0,0.0,0.0
2026-04-10,0.0,0.0,0.0,0.0,0.0,0.0,0.0,0.0,0.0
2026-04-11,0.0,0.0,0.0,0.0,0.0,0.0,0.0,0.0,0.0
2026-04-12,0.0,0.0,0.0,0.0,0.0,0.0,0.0,0.0,0.0
2026-04-13,0.0,0.0,0.0,0.0,0.0,0.0,0.0,0.0,0.0
2026-04-14,0.0,0.0,0.0,0.0,0.0,0.0,0.0,0.0,0.0
2026-04-15,0.0,0.0,0.0,0.0,0.0,0.0,0.0,0.0,0.0
2026-04-16,0.0,0.0,0.0,0.0,0.0,0.0,0.0,0.0,0.0
2026-04-17,0.0,0.0,0.0,0.0,0.0,0.0,0.0,0.0,0.0
2026-04-18,0.0,0.0,0.0,0.0,0.0,0.0,0.0,0.0,0.0
2026-04-19,0.0,0.0,0.0,0.0,0.0,0.0,0.0,0.0,0.0
2026-04-20,0.0,0.0,0.0,0.0,0.0,0.0,0.0,0.0,0.0
2026-04-21,0.0,0.0,0.0,0.0,0.0,0.0,0.0,0.0,0.0
