date,breadth50_50bps
2020-10-03,0.0
2020-10-04,0.0
2020-10-05,0.0
2020-10-06,0.0
2020-10-07,0.0
2020-10-08,0.0
2020-10-09,0.0
2020-10-10,0.0
2020-10-11,0.0
2020-10-12,0.0
2020-10-13,0.0
2020-10-14,0.0
2020-10-15,0.0
2020-10-16,0.0
2020-10-17,0.0
2020-10-18,0.0
2020-10-19,0.0
2020-10-20,0.0
2020-10-21,0.0
2020-10-22,0.0
2020-10-23,0.0
2020-10-24,0.0
2020-10-25,0.0
2020-10-26,0.0
2020-10-27,0.0
2020-10-28,0.0
2020-10-29,0.0
2020-10-30,0.0
2020-10-31,0.0
2020-11-01,0.0
2020-11-02,0.0
2020-11-03,0.0
2020-11-04,0.0
2020-11-05,0.0
2020-11-06,0.0
2020-11-07,0.0
2020-11-08,0.0
2020-11-09,0.0
2020-11-10,0.0
2020-11-11,0.0
2020-11-12,0.0
2020-11-13,0.0
2020-11-14,0.0
2020-11-15,0.0
2020-11-16,0.0
2020-11-17,0.0
2020-11-18,0.0
2020-11-19,0.0
2020-11-20,0.0
2020-11-21,0.0
2020-11-22,0.0
2020-11-23,0.0
2020-11-24,0.0
2020-11-25,0.0
2020-11-26,0.0
2020-11-27,0.0
2020-11-28,0.0
2020-11-29,0.0
2020-11-30,0.0
2020-12-01,0.0
2020-12-02,0.0
2020-12-03,0.0
2020-12-04,0.0
2020-12-05,0.0
2020-12-06,0.0
2020-12-07,0.0
2020-12-08,0.0
2020-12-09,0.0
2020-12-10,0.0
2020-12-11,0.0
2020-12-12,0.0
2020-12-13,0.0
2020-12-14,0.0
2020-12-15,0.0
2020-12-16,0.0
2020-12-17,0.0
2020-12-18,0.0
2020-12-19,0.0
2020-12-20,0.0
2020-12-21,0.0
2020-12-22,0.0
2020-12-23,0.0
2020-12-24,0.0
2020-12-25,0.0
2020-12-26,0.0
2020-12-27,0.0
2020-12-28,0.0
2020-12-29,0.0
2020-12-30,0.0
2020-12-31,0.0
2021-01-01,-0.06175520360886971
2021-01-02,0.05753191585584394
2021-01-03,0.04971074536503084
2021-01-04,-0.032371023514597586
2021-01-05,0.013773808143639599
2021-01-06,-0.010458285435851292
2021-01-07,-0.04031349933475592
2021-01-08,-0.0030833910960569124
2021-01-09,0.039258816592921485
2021-01-10,-0.035903925884087175
2021-01-11,-0.05068032060489216
2021-01-12,0.07452677174577098
2021-01-13,0.03820668901267262
2021-01-14,-0.04059143443601937
2021-01-15,0.011084052946006192
2021-01-16,0.028550740592723223
2021-01-17,-0.019453565582139804
2021-01-18,-0.0077589649104101155
2021-01-19,-0.013111418708293576
2021-01-20,0.027506277478499097
2021-01-21,-0.05352993798999942
2021-01-22,0.04023398070904279
2021-01-23,0.030876170420545357
2021-01-24,0.04050594580685166
2021-01-25,-0.026089941835535257
2021-01-26,0.07207298379405186
2021-01-27,0.01526848936951151
2021-01-28,-0.005843102472104955
2021-01-29,0.03679211547044192
2021-01-30,0.011740554083229974
2021-01-31,-0.002860994718041724
2021-02-01,0.024843138934306046
2021-02-02,-0.01816496590035908
2021-02-03,0.0723768733208312
2021-02-04,0.11313449668621427
2021-02-05,0.02984910584120785
2021-02-06,-0.01987540648769563
2021-02-07,0.006950284290541527
2021-02-08,0.021116103829534365
2021-02-09,0.015702890968221066
2021-02-10,-0.019243253678074
2021-02-11,-0.024882023703810745
2021-02-12,0.025739313386487495
2021-02-13,-0.01389061868567045
2021-02-14,-0.005281658233442639
2021-02-15,0.013829109784091872
2021-02-16,0.01911115150750244
2021-02-17,0.02876855596894932
2021-02-18,0.06108626622970833
2021-02-19,0.2639062704519693
2021-02-20,-0.11244574870367134
2021-02-21,0.023835412301489944
2021-02-22,-0.029479056351605915
2021-02-23,-0.0702876159156166
2021-02-24,0.02232022245508969
2021-02-25,-0.007407910588717241
2021-02-26,0.015118846239075204
2021-02-27,0.015331049022382212
2021-02-28,-0.006685091181998355
2021-03-01,-0.005131545457086384
2021-03-02,-0.021989088482805896
2021-03-03,-0.0030256278570962394
2021-03-04,-0.034344685184552005
2021-03-05,0.018763573699141018
2021-03-06,-0.010310270906171167
2021-03-07,0.022204688441436637
2021-03-08,0.07230561931184043
2021-03-09,0.055047197625653244
2021-03-10,0.13015724074598112
2021-03-11,0.04406285817015654
2021-03-12,-0.003522565400301103
2021-03-13,-0.012103241582578084
2021-03-14,0.05233642777901848
2021-03-15,-0.05697757707721329
2021-03-16,0.03903406297686692
2021-03-17,0.01427749973068145
2021-03-18,0.02180042738733527
2021-03-19,0.0036080879469125304
2021-03-20,0.010916328332903938
2021-03-21,0.04459633199924732
2021-03-22,-0.009401225013823677
2021-03-23,0.10225363388233578
2021-03-24,-0.07279789961027362
2021-03-25,0.09061180090130772
2021-03-26,-0.020540320090416175
2021-03-27,-0.04053840123332595
2021-03-28,0.028332309791993193
2021-03-29,0.00846844252654666
2021-03-30,0.013743491416200052
2021-03-31,0.014232332796954794
2021-04-01,-0.015701291216232777
2021-04-02,-0.01892862139463501
2021-04-03,-0.019998661066963058
2021-04-04,0.035104309955730294
2021-04-05,0.002514581257538062
2021-04-06,-0.02247883937054886
2021-04-07,-0.04486822906356678
2021-04-08,0.0184536818816321
2021-04-09,0.00011915146698765477
2021-04-10,0.0014738555421529205
2021-04-11,0.00933026401323093
2021-04-12,0.01694600039555605
2021-04-13,0.08844634374492381
2021-04-14,0.01162984001414158
2021-04-15,-0.01859478376842179
2021-04-16,0.08369407134129166
2021-04-17,-0.03903215913028548
2021-04-18,0.07472189700598901
2021-04-19,0.05237699460124582
2021-04-20,-0.06453504242949147
2021-04-21,-0.03922348096008941
2021-04-22,-0.04809905509295157
2021-04-23,-0.010892481660347434
2021-04-24,0.015557648807278168
2021-04-25,0.04417169026036601
2021-04-26,-0.037598410052675
2021-04-27,-0.008179093572215043
2021-04-28,0.01774558056547045
2021-04-29,-0.02598716582593887
2021-04-30,-0.0030289932932347496
2021-05-01,0.006427747998980289
2021-05-02,-0.030965124785969782
2021-05-03,-0.010507244151123918
2021-05-04,-0.035543537645250776
2021-05-05,0.0316467428627053
2021-05-06,-0.021100226823307238
2021-05-07,-0.012896707417299055
2021-05-08,0.005173063021305047
2021-05-09,-0.02484148776009204
2021-05-10,-0.022486682047432222
2021-05-11,0.02644932053181115
2021-05-12,-0.09024802552623636
2021-05-13,0.0011490237647046226
2021-05-14,-0.002253003608108317
2021-05-15,0.0
2021-05-16,0.0
2021-05-17,0.0
2021-05-18,0.0
2021-05-19,0.0
2021-05-20,0.0
2021-05-21,0.0
2021-05-22,0.0
2021-05-23,0.0
2021-05-24,0.0
2021-05-25,0.0
2021-05-26,0.0
2021-05-27,0.0
2021-05-28,0.0
2021-05-29,0.0
2021-05-30,0.0
2021-05-31,0.0
2021-06-01,0.0
2021-06-02,0.0
2021-06-03,0.0
2021-06-04,0.0
2021-06-05,0.0
2021-06-06,0.0
2021-06-07,0.0
2021-06-08,0.0
2021-06-09,0.0
2021-06-10,0.0
2021-06-11,0.0
2021-06-12,0.0
2021-06-13,0.0
2021-06-14,0.0
2021-06-15,0.0
2021-06-16,0.0
2021-06-17,0.0
2021-06-18,0.0
2021-06-19,0.0
2021-06-20,0.0
2021-06-21,0.0
2021-06-22,0.0
2021-06-23,0.0
2021-06-24,0.0
2021-06-25,0.0
2021-06-26,0.0
2021-06-27,0.0
2021-06-28,0.0
2021-06-29,0.0
2021-06-30,0.0
2021-07-01,0.0
2021-07-02,0.0
2021-07-03,0.0
2021-07-04,0.0
2021-07-05,0.0
2021-07-06,0.0
2021-07-07,0.0
2021-07-08,0.0
2021-07-09,0.0
2021-07-10,0.0
2021-07-11,0.0
2021-07-12,0.0
2021-07-13,0.0
2021-07-14,0.0
2021-07-15,0.0
2021-07-16,0.0
2021-07-17,0.0
2021-07-18,0.0
2021-07-19,0.0
2021-07-20,0.0
2021-07-21,0.0
2021-07-22,0.0
2021-07-23,0.0
2021-07-24,0.0
2021-07-25,0.0
2021-07-26,0.0
2021-07-27,0.0
2021-07-28,0.0
2021-07-29,0.0
2021-07-30,0.0
2021-07-31,0.0
2021-08-01,0.03678177390978395
2021-08-02,0.017161619024375702
2021-08-03,0.059465786309338374
2021-08-04,-0.0033089269579850145
2021-08-05,0.0
2021-08-06,-0.004621005378096954
2021-08-07,0.0032291542667809425
2021-08-08,-0.0420448862877012
2021-08-09,0.020755457598303217
2021-08-10,0.10178130261670626
2021-08-11,0.009039517779096617
2021-08-12,-0.014842505998875433
2021-08-13,0.04120000844994265
2021-08-14,-0.012783960585163456
2021-08-15,0.03599557983832911
2021-08-16,0.04498248916404816
2021-08-17,0.04252716098722148
2021-08-18,0.12012396199938287
2021-08-19,0.0164222373830711
2021-08-20,0.016280645599820676
2021-08-21,-0.02882537592709729
2021-08-22,0.022001290833483216
2021-08-23,0.033150156739365354
2021-08-24,-0.041995311258005596
2021-08-25,-0.06004096632754968
2021-08-26,-0.05192686559941114
2021-08-27,0.09842830662993429
2021-08-28,0.01311292483452553
2021-08-29,-0.026797520666709207
2021-08-30,0.009892096074935353
2021-08-31,-0.019111566154767168
2021-09-01,0.011770882900404955
2021-09-02,0.0897806226012648
2021-09-03,0.08915575154997624
2021-09-04,-0.033074998088335895
2021-09-05,0.013546352264917516
2021-09-06,0.04850780758890958
2021-09-07,-0.023454322211783635
2021-09-08,0.05656665018718746
2021-09-09,-0.005999964895281447
2021-09-10,-0.03474092884160392
2021-09-11,-0.005395491731118973
2021-09-12,-0.015215399899854487
2021-09-13,-0.018801083349992476
2021-09-14,-0.040657708741958586
2021-09-15,-0.000759279317156932
2021-09-16,-0.010737120696116135
2021-09-17,-0.039937270640122424
2021-09-18,0.023128193440459393
2021-09-19,-0.0011747427903788799
2021-09-20,-0.10253779362849447
2021-09-21,-0.0020208639751471136
2021-09-22,0.0
2021-09-23,0.0
2021-09-24,0.0
2021-09-25,0.0
2021-09-26,0.0
2021-09-27,0.0
2021-09-28,0.0
2021-09-29,0.0
2021-09-30,0.0
2021-10-01,0.0
2021-10-02,0.0
2021-10-03,0.004721676788373763
2021-10-04,0.01688335875718522
2021-10-05,-0.0019137362963586961
2021-10-06,-0.01939400463014958
2021-10-07,0.005336671841216667
2021-10-08,0.0005912610496382475
2021-10-09,-0.009050187166974866
2021-10-10,-0.005317186776020018
2021-10-11,0.049602741943306085
2021-10-12,-0.017879677139012395
2021-10-13,0.0006967508888080509
2021-10-14,-0.01800950431322612
2021-10-15,-0.027968720112977647
2021-10-16,-0.014350702931751502
2021-10-17,-0.007219717164328361
2021-10-18,-0.008938157940426017
2021-10-19,-0.001982365020988549
2021-10-20,0.034811046712254066
2021-10-21,-0.024163301148348137
2021-10-22,-0.01485081147934845
2021-10-23,0.0479812144140368
2021-10-24,-0.005015992949367054
2021-10-25,0.03731982930676736
2021-10-26,0.004985626368095593
2021-10-27,0.21265972492286841
2021-10-28,-0.06358486785622058
2021-10-29,0.011792577729471954
2021-10-30,-0.0462353343201386
2021-10-31,0.013727559598695241
2021-11-01,0.005132277471482279
2021-11-02,0.007671010415333135
2021-11-03,-0.0011720930359508015
2021-11-04,-0.021914590735018707
2021-11-05,0.03938550933273873
2021-11-06,-0.013987403489274556
2021-11-07,0.008668862017836268
2021-11-08,0.0033874042128975157
2021-11-09,-0.03984420224488561
2021-11-10,-0.022683440242709612
2021-11-11,0.015999302831527507
2021-11-12,-0.029244173389900485
2021-11-13,0.027597349966923423
2021-11-14,0.06874557692703087
2021-11-15,-0.02789184851238859
2021-11-16,-0.06344943663037854
2021-11-17,0.12643681676611582
2021-11-18,-0.03918626818127643
2021-11-19,-0.0031088643154649764
2021-11-20,0.028361121438738885
2021-11-21,0.09216119508464837
2021-11-22,-0.002993492001484003
2021-11-23,0.0
2021-11-24,0.0
2021-11-25,0.0
2021-11-26,-0.08535705017407945
2021-11-27,-0.002514714512845758
2021-11-28,0.0
2021-11-29,0.0
2021-11-30,0.0
2021-12-01,-0.0016187317203422147
2021-12-02,-0.0022024834456979003
2021-12-03,0.0
2021-12-04,0.0
2021-12-05,0.0
2021-12-06,0.0
2021-12-07,0.0
2021-12-08,0.0
2021-12-09,0.0
2021-12-10,0.0
2021-12-11,0.0
2021-12-12,0.0
2021-12-13,0.0
2021-12-14,0.0
2021-12-15,0.0
2021-12-16,0.0
2021-12-17,0.0
2021-12-18,0.0
2021-12-19,0.0
2021-12-20,0.0
2021-12-21,0.0
2021-12-22,0.0
2021-12-23,0.0
2021-12-24,0.0
2021-12-25,0.0
2021-12-26,0.0
2021-12-27,0.0
2021-12-28,0.0
2021-12-29,0.0
2021-12-30,0.0
2021-12-31,0.0
2022-01-01,0.0
2022-01-02,0.0
2022-01-03,0.0
2022-01-04,0.0
2022-01-05,0.0
2022-01-06,0.0
2022-01-07,0.0
2022-01-08,0.0
2022-01-09,0.0
2022-01-10,0.0
2022-01-11,0.0
2022-01-12,0.0
2022-01-13,0.0
2022-01-14,0.0
2022-01-15,0.0
2022-01-16,0.0
2022-01-17,0.0
2022-01-18,0.0
2022-01-19,0.0
2022-01-20,0.0
2022-01-21,0.0
2022-01-22,0.0
2022-01-23,0.0
2022-01-24,0.0
2022-01-25,0.0
2022-01-26,0.0
2022-01-27,0.0
2022-01-28,0.0
2022-01-29,0.0
2022-01-30,0.0
2022-01-31,0.0
2022-02-01,0.0
2022-02-02,0.0
2022-02-03,0.0
2022-02-04,0.0
2022-02-05,0.0
2022-02-06,0.0
2022-02-07,0.0
2022-02-08,0.0
2022-02-09,0.0
2022-02-10,0.0
2022-02-11,0.0
2022-02-12,0.0
2022-02-13,0.0
2022-02-14,0.0
2022-02-15,0.0
2022-02-16,0.0
2022-02-17,0.0
2022-02-18,0.0
2022-02-19,0.0
2022-02-20,0.0
2022-02-21,0.0
2022-02-22,0.0
2022-02-23,0.0
2022-02-24,0.0
2022-02-25,0.0
2022-02-26,0.0
2022-02-27,0.0
2022-02-28,0.0
2022-03-01,0.0
2022-03-02,0.0
2022-03-03,0.0
2022-03-04,0.0
2022-03-05,0.0
2022-03-06,0.0
2022-03-07,0.0
2022-03-08,0.0
2022-03-09,0.0
2022-03-10,0.0
2022-03-11,0.0
2022-03-12,0.0
2022-03-13,0.0
2022-03-14,0.0
2022-03-15,0.0
2022-03-16,0.0
2022-03-17,0.0
2022-03-18,0.0
2022-03-19,0.0
2022-03-20,0.0
2022-03-21,0.0
2022-03-22,0.0
2022-03-23,0.0
2022-03-24,0.0015858120156563849
2022-03-25,-0.020534237247272213
2022-03-26,0.026212917389678403
2022-03-27,0.029144068398343232
2022-03-28,-0.012185184525776402
2022-03-29,0.016127254088756038
2022-03-30,-0.0005511988840936066
2022-03-31,-0.03682454630761669
2022-04-01,0.028624234002974425
2022-04-02,-0.018360205467686037
2022-04-03,0.016898918867555384
2022-04-04,-0.026762667911274445
2022-04-05,-0.02751865764840994
2022-04-06,-0.11100467433156803
2022-04-07,0.03410593767380073
2022-04-08,-0.009661436453344293
2022-04-09,0.009829418176551289
2022-04-10,-0.013463992599008823
2022-04-11,-0.04702506701080894
2022-04-12,-0.004241386507408888
2022-04-13,0.0
2022-04-14,0.0
2022-04-15,0.0
2022-04-16,0.0
2022-04-17,0.0
2022-04-18,0.0
2022-04-19,0.0
2022-04-20,0.0
2022-04-21,0.0
2022-04-22,0.0
2022-04-23,0.0
2022-04-24,0.0
2022-04-25,0.0
2022-04-26,0.0
2022-04-27,0.0
2022-04-28,0.0
2022-04-29,0.0
2022-04-30,0.0
2022-05-01,0.0
2022-05-02,0.0
2022-05-03,0.0
2022-05-04,0.0
2022-05-05,0.0
2022-05-06,0.0
2022-05-07,0.0
2022-05-08,0.0
2022-05-09,0.0
2022-05-10,0.0
2022-05-11,0.0
2022-05-12,0.0
2022-05-13,0.0
2022-05-14,0.0
2022-05-15,0.0
2022-05-16,0.0
2022-05-17,0.0
2022-05-18,0.0
2022-05-19,0.0
2022-05-20,0.0
2022-05-21,0.0
2022-05-22,0.0
2022-05-23,0.0
2022-05-24,0.0
2022-05-25,0.0
2022-05-26,0.0
2022-05-27,0.0
2022-05-28,0.0
2022-05-29,0.0
2022-05-30,0.0
2022-05-31,0.0
2022-06-01,0.0
2022-06-02,0.0
2022-06-03,0.0
2022-06-04,0.0
2022-06-05,0.0
2022-06-06,0.0
2022-06-07,0.0
2022-06-08,0.0
2022-06-09,0.0
2022-06-10,0.0
2022-06-11,0.0
2022-06-12,0.0
2022-06-13,0.0
2022-06-14,0.0
2022-06-15,0.0
2022-06-16,0.0
2022-06-17,0.0
2022-06-18,0.0
2022-06-19,0.0
2022-06-20,0.0
2022-06-21,0.0
2022-06-22,0.0
2022-06-23,0.0
2022-06-24,0.0
2022-06-25,0.0
2022-06-26,0.0
2022-06-27,0.0
2022-06-28,0.0
2022-06-29,0.0
2022-06-30,0.0
2022-07-01,0.0
2022-07-02,0.0
2022-07-03,0.0
2022-07-04,0.0
2022-07-05,0.0
2022-07-06,0.0
2022-07-07,0.0
2022-07-08,0.0
2022-07-09,0.0
2022-07-10,0.0
2022-07-11,0.0
2022-07-12,0.0
2022-07-13,0.0
2022-07-14,0.0
2022-07-15,0.0
2022-07-16,0.0
2022-07-17,0.0
2022-07-18,0.0
2022-07-19,0.0
2022-07-20,0.0
2022-07-21,0.0
2022-07-22,0.0
2022-07-23,0.0
2022-07-24,0.0
2022-07-25,0.0
2022-07-26,0.0
2022-07-27,0.0
2022-07-28,0.0
2022-07-29,0.0
2022-07-30,0.0
2022-07-31,0.0
2022-08-01,0.0
2022-08-02,0.0
2022-08-03,0.0
2022-08-04,0.0
2022-08-05,0.0
2022-08-06,0.0
2022-08-07,0.0
2022-08-08,0.0
2022-08-09,0.0
2022-08-10,0.0
2022-08-11,0.0
2022-08-12,0.0
2022-08-13,0.0
2022-08-14,0.0
2022-08-15,0.0
2022-08-16,0.0
2022-08-17,0.0
2022-08-18,0.0
2022-08-19,0.0
2022-08-20,0.0
2022-08-21,0.0
2022-08-22,0.0
2022-08-23,0.0
2022-08-24,0.0
2022-08-25,0.0
2022-08-26,0.0
2022-08-27,0.0
2022-08-28,0.0
2022-08-29,0.0
2022-08-30,0.0
2022-08-31,0.0
2022-09-01,0.0
2022-09-02,0.0
2022-09-03,0.0
2022-09-04,0.0
2022-09-05,0.0
2022-09-06,0.0
2022-09-07,0.0
2022-09-08,0.0
2022-09-09,0.0
2022-09-10,0.0
2022-09-11,0.0
2022-09-12,0.0
2022-09-13,0.0
2022-09-14,0.0
2022-09-15,0.0
2022-09-16,0.0
2022-09-17,0.0
2022-09-18,0.0
2022-09-19,0.0
2022-09-20,0.0
2022-09-21,0.0
2022-09-22,0.0
2022-09-23,0.0
2022-09-24,0.0
2022-09-25,0.0
2022-09-26,0.0
2022-09-27,0.0
2022-09-28,0.0
2022-09-29,0.0
2022-09-30,0.0
2022-10-01,0.0
2022-10-02,0.0
2022-10-03,0.0
2022-10-04,0.0
2022-10-05,0.0
2022-10-06,0.0
2022-10-07,0.0
2022-10-08,0.0
2022-10-09,0.0
2022-10-10,0.0
2022-10-11,0.0
2022-10-12,0.0
2022-10-13,0.0
2022-10-14,0.0
2022-10-15,0.0
2022-10-16,0.0
2022-10-17,0.0
2022-10-18,0.0
2022-10-19,0.0
2022-10-20,0.0
2022-10-21,0.0
2022-10-22,0.0
2022-10-23,0.0
2022-10-24,0.0
2022-10-25,0.0
2022-10-26,0.0
2022-10-27,0.0
2022-10-28,0.0
2022-10-29,0.0
2022-10-30,0.0
2022-10-31,0.0
2022-11-01,0.0
2022-11-02,0.0
2022-11-03,0.0
2022-11-04,0.0
2022-11-05,0.0
2022-11-06,-0.03571751212440457
2022-11-07,-0.009109845999889399
2022-11-08,-0.11033226252096
2022-11-09,-0.0050000000000000044
2022-11-10,0.0
2022-11-11,0.0
2022-11-12,0.0
2022-11-13,0.0
2022-11-14,0.0
2022-11-15,0.0
2022-11-16,0.0
2022-11-17,0.0
2022-11-18,0.0
2022-11-19,0.0
2022-11-20,0.0
2022-11-21,0.0
2022-11-22,0.0
2022-11-23,0.0
2022-11-24,0.0
2022-11-25,0.0
2022-11-26,0.0
2022-11-27,0.0
2022-11-28,0.0
2022-11-29,0.0
2022-11-30,0.0
2022-12-01,0.0
2022-12-02,0.0
2022-12-03,0.0
2022-12-04,0.0
2022-12-05,0.0
2022-12-06,0.0
2022-12-07,0.0
2022-12-08,0.0
2022-12-09,0.0
2022-12-10,0.0
2022-12-11,0.0
2022-12-12,0.0
2022-12-13,0.0
2022-12-14,0.0
2022-12-15,0.0
2022-12-16,0.0
2022-12-17,0.0
2022-12-18,0.0
2022-12-19,0.0
2022-12-20,0.0
2022-12-21,0.0
2022-12-22,0.0
2022-12-23,0.0
2022-12-24,0.0
2022-12-25,0.0
2022-12-26,0.0
2022-12-27,0.0
2022-12-28,0.0
2022-12-29,0.0
2022-12-30,0.0
2022-12-31,0.0
2023-01-01,0.0
2023-01-02,0.0
2023-01-03,0.0
2023-01-04,0.0
2023-01-05,0.0
2023-01-06,0.0
2023-01-07,0.0
2023-01-08,0.0
2023-01-09,0.0
2023-01-10,0.0
2023-01-11,0.0
2023-01-12,0.0
2023-01-13,0.02179193059256468
2023-01-14,0.08978613493335057
2023-01-15,-0.021981155455133072
2023-01-16,0.0010764463759479852
2023-01-17,0.004093458353762995
2023-01-18,-0.061548122853875877
2023-01-19,0.023946426545895034
2023-01-20,0.05494206219519907
2023-01-21,-0.025885530627782205
2023-01-22,0.007991679532360463
2023-01-23,0.0012829610687299375
2023-01-24,-0.0676152375797946
2023-01-25,0.03577968296438753
2023-01-26,-0.0015698320447950682
2023-01-27,0.04290802866133473
2023-01-28,-0.006645050049935541
2023-01-29,0.012465961224339258
2023-01-30,-0.033264599230298265
2023-01-31,-0.005549385776391154
2023-02-01,0.0369576683695935
2023-02-02,-0.010879347122265015
2023-02-03,0.0016113464734549
2023-02-04,-0.014517744666373492
2023-02-05,-0.03454104947906859
2023-02-06,-0.024227680654610135
2023-02-07,0.03482524586597102
2023-02-08,-0.030203301810482697
2023-02-09,-0.10525713397199338
2023-02-10,0.01913529871969603
2023-02-11,0.010812287303315404
2023-02-12,-0.013337619857490676
2023-02-13,-0.0407933595026847
2023-02-14,0.05920259833751281
2023-02-15,0.05537257803658221
2023-02-16,0.03069550899126605
2023-02-17,0.10991089712722076
2023-02-18,-0.058388439950350424
2023-02-19,0.015916424792250344
2023-02-20,0.00954525781289802
2023-02-21,-0.03464339819463619
2023-02-22,0.01946577141756854
2023-02-23,0.0003246663843906224
2023-02-24,-0.06660480236451112
2023-02-25,-0.015494452716215154
2023-02-26,0.015620558426969078
2023-02-27,-0.028400265760285426
2023-02-28,-0.023167245357830435
2023-03-01,-0.0040785590117960275
2023-03-02,-0.04455348003737003
2023-03-03,-0.0050000000000000044
2023-03-04,0.0
2023-03-05,0.0
2023-03-06,0.0
2023-03-07,0.0
2023-03-08,0.0
2023-03-09,0.0
2023-03-10,0.0
2023-03-11,0.0
2023-03-12,0.0
2023-03-13,0.0
2023-03-14,0.0
2023-03-15,0.0
2023-03-16,0.0
2023-03-17,0.0
2023-03-18,0.0
2023-03-19,0.0
2023-03-20,-0.033004420160138936
2023-03-21,-0.0050000000000000044
2023-03-22,-0.061933056754852944
2023-03-23,-0.004907233908285624
2023-03-24,0.0
2023-03-25,0.0
2023-03-26,0.0
2023-03-27,0.0
2023-03-28,0.0
2023-03-29,0.0
2023-03-30,0.018765234834819584
2023-03-31,-0.004782994234368232
2023-04-01,-0.04327502962762788
2023-04-02,-0.004623488596204391
2023-04-03,-0.027222725384244213
2023-04-04,-0.007444153809620361
2023-04-05,-0.01220382194727987
2023-04-06,-0.04620075141424668
2023-04-07,-0.013034338698660738
2023-04-08,-0.012948473355594329
2023-04-09,-0.0022324663226063746
2023-04-10,0.025748692765429387
2023-04-11,-0.007083583662820914
2023-04-12,0.0036200197129992637
2023-04-13,0.03603635958769965
2023-04-14,0.027623009539757864
2023-04-15,0.02107164959363465
2023-04-16,0.0021643108257067833
2023-04-17,-0.0419017497912075
2023-04-18,0.021937550823022622
2023-04-19,-0.09293037676922165
2023-04-20,-0.03565765969696185
2023-04-21,-0.07198643500976014
2023-04-22,-0.0048352006857377465
2023-04-23,-0.03362657427958402
2023-04-24,-0.004578325421958962
2023-04-25,0.02266178099664103
2023-04-26,-0.02841200924022084
2023-04-27,-0.0050000000000000044
2023-04-28,-0.025113184750133133
2023-04-29,-0.007289706887927849
2023-04-30,0.025821030503810145
2023-05-01,-0.004787795467118845
2023-05-02,0.0
2023-05-03,0.0
2023-05-04,0.0
2023-05-05,0.0
2023-05-06,0.0
2023-05-07,0.0
2023-05-08,0.0
2023-05-09,0.0
2023-05-10,0.0
2023-05-11,0.0
2023-05-12,0.0
2023-05-13,0.0
2023-05-14,0.0
2023-05-15,0.0
2023-05-16,0.0
2023-05-17,0.0
2023-05-18,0.0
2023-05-19,0.0
2023-05-20,0.0
2023-05-21,0.0
2023-05-22,0.0
2023-05-23,0.0
2023-05-24,0.0
2023-05-25,0.0
2023-05-26,0.0
2023-05-27,0.0
2023-05-28,0.0
2023-05-29,0.0
2023-05-30,0.0
2023-05-31,0.0
2023-06-01,0.0
2023-06-02,0.0
2023-06-03,0.0
2023-06-04,0.0
2023-06-05,0.0
2023-06-06,0.0
2023-06-07,0.0
2023-06-08,0.0
2023-06-09,0.0
2023-06-10,0.0
2023-06-11,0.0
2023-06-12,0.0
2023-06-13,0.0
2023-06-14,0.0
2023-06-15,0.0
2023-06-16,0.0
2023-06-17,0.0
2023-06-18,0.0
2023-06-19,0.0
2023-06-20,0.0
2023-06-21,0.0
2023-06-22,0.0
2023-06-23,0.0
2023-06-24,0.0
2023-06-25,0.0
2023-06-26,0.08291779021196066
2023-06-27,-0.003155982529308876
2023-06-28,-0.014950467310395066
2023-06-29,-0.0028740395830590404
2023-06-30,0.0
2023-07-01,-0.02758158385051951
2023-07-02,0.006728682275174147
2023-07-03,-0.016783571173905165
2023-07-04,-0.026890489376080146
2023-07-05,-0.016573624091035282
2023-07-06,-0.029695046590734648
2023-07-07,0.0035782524931735984
2023-07-08,-0.001053339725244055
2023-07-09,-0.013904343753745404
2023-07-10,-0.002271920218372266
2023-07-11,0.014885020825495754
2023-07-12,0.006497945839009274
2023-07-13,0.04900367803903183
2023-07-14,0.007815015670416314
2023-07-15,0.007599509479842041
2023-07-16,-0.0024892549421071664
2023-07-17,-0.019006892387609813
2023-07-18,-0.04427781684025739
2023-07-19,0.02450374589449474
2023-07-20,-0.02171969970629521
2023-07-21,-0.005274671380872935
2023-07-22,-0.016534655477788523
2023-07-23,0.002128036656379062
2023-07-24,-0.022003969560486687
2023-07-25,-0.004481490390907487
2023-07-26,0.03192134377303646
2023-07-27,0.00938929577306058
2023-07-28,0.0024688195314448067
2023-07-29,-0.0038068201950032985
2023-07-30,-0.005485996154308281
2023-07-31,-0.01831755233666214
2023-08-01,0.008800636645935408
2023-08-02,-0.02725505689809236
2023-08-03,-0.015240130002534083
2023-08-04,-0.0038575836725148007
2023-08-05,0.0
2023-08-06,0.0
2023-08-07,0.0
2023-08-08,0.0
2023-08-09,0.0
2023-08-10,0.0
2023-08-11,0.0
2023-08-12,0.0
2023-08-13,0.0
2023-08-14,0.0
2023-08-15,0.0
2023-08-16,0.0
2023-08-17,0.0
2023-08-18,0.0
2023-08-19,0.0
2023-08-20,0.0
2023-08-21,0.0
2023-08-22,0.0
2023-08-23,0.0
2023-08-24,0.0
2023-08-25,0.0
2023-08-26,0.0
2023-08-27,0.0
2023-08-28,0.0
2023-08-29,0.0
2023-08-30,0.0
2023-08-31,0.0
2023-09-01,0.0
2023-09-02,0.0
2023-09-03,0.0
2023-09-04,0.0
2023-09-05,0.0
2023-09-06,0.0
2023-09-07,0.0
2023-09-08,0.0
2023-09-09,0.0
2023-09-10,0.0
2023-09-11,0.0
2023-09-12,0.0
2023-09-13,0.0
2023-09-14,0.0
2023-09-15,0.0
2023-09-16,0.0
2023-09-17,0.0
2023-09-18,0.0
2023-09-19,0.0
2023-09-20,0.0
2023-09-21,0.0
2023-09-22,0.0
2023-09-23,0.0
2023-09-24,0.0
2023-09-25,0.0
2023-09-26,0.0
2023-09-27,0.0
2023-09-28,0.0
2023-09-29,0.0
2023-09-30,0.0
2023-10-01,0.0
2023-10-02,0.0
2023-10-03,0.0
2023-10-04,0.0
2023-10-05,0.0
2023-10-06,0.0
2023-10-07,0.0
2023-10-08,0.0
2023-10-09,0.0
2023-10-10,0.0
2023-10-11,0.0
2023-10-12,0.0
2023-10-13,0.0
2023-10-14,0.0
2023-10-15,0.0
2023-10-16,0.0
2023-10-17,0.0
2023-10-18,0.0
2023-10-19,0.0
2023-10-20,0.0
2023-10-21,0.0
2023-10-22,-0.01730159462540019
2023-10-23,0.09326583748344423
2023-10-24,-0.05335621349767772
2023-10-25,0.07666384948186833
2023-10-26,0.00962405698423252
2023-10-27,-0.031602778332219805
2023-10-28,-0.0027215281391550494
2023-10-29,0.03694056117696087
2023-10-30,0.065190708314117
2023-10-31,0.10174315341238671
2023-11-01,0.076377583861585
2023-11-02,-0.03024425011826959
2023-11-03,-0.01710645632451413
2023-11-04,-0.011441386796112729
2023-11-05,0.04361004969565796
2023-11-06,0.05990096266906453
2023-11-07,-0.03257220077928624
2023-11-08,0.01928215057448801
2023-11-09,-0.027199194039503605
2023-11-10,0.05283807092648862
2023-11-11,0.05242679419057428
2023-11-12,-0.022991502056088464
2023-11-13,-0.08897660309058114
2023-11-14,0.03855901315378596
2023-11-15,0.04441095698595284
2023-11-16,-0.08587767069192548
2023-11-17,-0.00995714187857825
2023-11-18,0.0014178865086486396
2023-11-19,0.01360154888543715
2023-11-20,-0.059811730751777814
2023-11-21,-0.06972122680848697
2023-11-22,0.05303604386281713
2023-11-23,0.01580334034594033
2023-11-24,-0.0011952563741444155
2023-11-25,0.022261624541520142
2023-11-26,-0.01678327234278465
2023-11-27,-0.0038106143193546993
2023-11-28,-0.005714789776601077
2023-11-29,-0.01563412155431876
2023-11-30,-0.011577488539278721
2023-12-01,0.004697601066651291
2023-12-02,0.012647763672506715
2023-12-03,-0.008413184286360361
2023-12-04,0.0390043672761858
2023-12-05,0.0476119745927055
2023-12-06,0.0368543080760908
2023-12-07,0.005350347282171208
2023-12-08,0.0765892972542264
2023-12-09,0.016768412851612274
2023-12-10,0.0630720822890201
2023-12-11,-0.04075853443105789
2023-12-12,0.00839239017624068
2023-12-13,0.06969174129665434
2023-12-14,-0.007725148795807805
2023-12-15,0.006400078124859321
2023-12-16,0.040779849648548604
2023-12-17,-0.024492937569358702
2023-12-18,0.007057176008441875
2023-12-19,-0.02178064806261872
2023-12-20,0.06475780370668116
2023-12-21,0.04273961954548663
2023-12-22,-0.00837450586808954
2023-12-23,0.04275862115272285
2023-12-24,-0.005558700823345142
2023-12-25,0.009959872497804908
2023-12-26,-0.02236268137961776
2023-12-27,-0.032706622494819905
2023-12-28,-0.04759071904478449
2023-12-29,-0.023054763842871806
2023-12-30,0.008350393064187426
2023-12-31,0.021961964004955165
2024-01-01,-0.0018007914724173697
2024-01-02,0.03696190318058493
2024-01-03,0.015225735338406765
2024-01-04,-0.0181873355408053
2024-01-05,-0.021687224228528756
2024-01-06,-0.04888019090555105
2024-01-07,-0.0024391059013194605
2024-01-08,0.0
2024-01-09,-0.016516162523552258
2024-01-10,0.013691278475777668
2024-01-11,0.011814793172530313
2024-01-12,-0.0335143983774428
2024-01-13,-0.018117829659828204
2024-01-14,-0.060661101080620804
2024-01-15,-0.003990244150555322
2024-01-16,0.012840294138221964
2024-01-17,-0.03442412794224009
2024-01-18,-0.046785134674248795
2024-01-19,-0.004312049060659444
2024-01-20,0.0
2024-01-21,0.0
2024-01-22,0.0
2024-01-23,0.0
2024-01-24,0.0
2024-01-25,0.0
2024-01-26,0.0
2024-01-27,0.0
2024-01-28,0.0
2024-01-29,0.0
2024-01-30,0.0
2024-01-31,0.0
2024-02-01,0.0
2024-02-02,0.0
2024-02-03,0.0
2024-02-04,0.0
2024-02-05,0.0
2024-02-06,0.0
2024-02-07,0.0
2024-02-08,0.0
2024-02-09,0.010119634131235067
2024-02-10,0.005118818008423398
2024-02-11,-0.016689093366477226
2024-02-12,0.05004660392641125
2024-02-13,0.00524551826550701
2024-02-14,0.08055614746641948
2024-02-15,-0.021339970478100767
2024-02-16,-0.009390406231943371
2024-02-17,0.0035472437193176942
2024-02-18,0.04300343438694432
2024-02-19,-0.01586722902364912
2024-02-20,0.0044128120512984354
2024-02-21,-0.0354700377544418
2024-02-22,-0.020806395142025886
2024-02-23,-0.05177989733363573
2024-02-24,-0.009904069211955524
2024-02-25,-0.006937814985427226
2024-02-26,-0.02207949761015665
2024-02-27,0.011873056380201419
2024-02-28,0.0034590259026380243
2024-02-29,0.005131790480887429
2024-03-01,0.1779287277845356
2024-03-02,0.19950293785074494
2024-03-03,0.02332328314340304
2024-03-04,0.4127493061053295
2024-03-05,-0.05621355210568307
2024-03-06,-0.04214462527952286
2024-03-07,-0.029629636134564374
2024-03-08,0.02755705629941126
2024-03-09,-0.011439279285220446
2024-03-10,-0.018379361397031557
2024-03-11,0.014817997689784054
2024-03-12,0.09530272154773074
2024-03-13,0.0034033259043184474
2024-03-14,0.03394497725845771
2024-03-15,-0.07556192060147036
2024-03-16,-0.06651574496764379
2024-03-17,0.1035049859537291
2024-03-18,-0.0469408264527158
2024-03-19,-0.1314952477844468
2024-03-20,0.12316370032314965
2024-03-21,-0.06277916258991732
2024-03-22,-0.026390193640852322
2024-03-23,-0.01321294332485079
2024-03-24,0.01095665443720025
2024-03-25,0.0482023105679272
2024-03-26,0.009388672137351284
2024-03-27,-0.015426236472676177
2024-03-28,-0.002188801275307813
2024-03-29,0.037716434828467794
2024-03-30,-0.01875496107492793
2024-03-31,0.06454493398623262
2024-04-01,-0.022819361720689307
2024-04-02,-0.00738607656269256
2024-04-03,-0.033391043407888434
2024-04-04,0.03505645096021368
2024-04-05,-0.019382940595891185
2024-04-06,0.020881023467090015
2024-04-07,-0.003401284240826271
2024-04-08,0.008117946385820418
2024-04-09,0.005219413252066429
2024-04-10,-0.0183478803135629
2024-04-11,0.0075855331627212585
2024-04-12,-0.05711372697554131
2024-04-13,-0.002786677925945632
2024-04-14,0.0
2024-04-15,0.0
2024-04-16,0.0
2024-04-17,0.0
2024-04-18,0.0
2024-04-19,0.0
2024-04-20,0.0
2024-04-21,0.0
2024-04-22,0.0
2024-04-23,0.0
2024-04-24,0.0
2024-04-25,0.0
2024-04-26,0.0
2024-04-27,0.0
2024-04-28,0.0
2024-04-29,0.0
2024-04-30,0.0
2024-05-01,0.0
2024-05-02,0.0
2024-05-03,0.0
2024-05-04,0.0
2024-05-05,0.0
2024-05-06,0.0
2024-05-07,0.0
2024-05-08,0.0
2024-05-09,0.0
2024-05-10,0.0
2024-05-11,0.0
2024-05-12,0.0
2024-05-13,0.0
2024-05-14,0.0
2024-05-15,0.0
2024-05-16,0.0
2024-05-17,0.0
2024-05-18,0.0
2024-05-19,0.0
2024-05-20,0.0
2024-05-21,-0.040376040080570164
2024-05-22,0.013618841549413063
2024-05-23,-0.024172756221891023
2024-05-24,-0.027444220810307767
2024-05-25,0.019956398491166222
2024-05-26,0.028690686200645632
2024-05-27,0.020734130388755267
2024-05-28,-0.01865208673598236
2024-05-29,-0.04185780456737487
2024-05-30,-0.010917216169335534
2024-05-31,0.03409891078344814
2024-06-01,-0.01812375134763607
2024-06-02,-0.00700495451827247
2024-06-03,0.005887050653759958
2024-06-04,0.059930908445708954
2024-06-05,0.005441127256217593
2024-06-06,0.001301871379313572
2024-06-07,-0.04033129131402746
2024-06-08,-0.004285191563049055
2024-06-09,0.0
2024-06-10,0.0
2024-06-11,0.0
2024-06-12,0.0
2024-06-13,0.0
2024-06-14,0.0
2024-06-15,0.0
2024-06-16,0.0
2024-06-17,0.0
2024-06-18,0.0
2024-06-19,0.0
2024-06-20,0.0
2024-06-21,0.0
2024-06-22,0.0
2024-06-23,0.0
2024-06-24,0.0
2024-06-25,0.0
2024-06-26,0.0
2024-06-27,0.0
2024-06-28,0.0
2024-06-29,0.0
2024-06-30,0.0
2024-07-01,0.0
2024-07-02,0.0
2024-07-03,0.0
2024-07-04,0.0
2024-07-05,0.0
2024-07-06,0.0
2024-07-07,0.0
2024-07-08,0.0
2024-07-09,0.0
2024-07-10,0.0
2024-07-11,0.0
2024-07-12,0.0
2024-07-13,0.0
2024-07-14,0.0
2024-07-15,0.0
2024-07-16,0.0
2024-07-17,0.0
2024-07-18,0.0
2024-07-19,0.0
2024-07-20,0.0
2024-07-21,-0.00028890232662825976
2024-07-22,0.01702202497361527
2024-07-23,-0.016753460454501434
2024-07-24,0.03579573806650016
2024-07-25,-0.0050000000000000044
2024-07-26,0.0
2024-07-27,-0.016979945108450578
2024-07-28,0.008631919001590216
2024-07-29,0.00023186193267044075
2024-07-30,0.01917911870468299
2024-07-31,-0.01675354589630192
2024-08-01,-0.004875171076707596
2024-08-02,0.0
2024-08-03,0.0
2024-08-04,0.0
2024-08-05,0.0
2024-08-06,0.0
2024-08-07,0.0
2024-08-08,0.0
2024-08-09,0.0
2024-08-10,0.0
2024-08-11,0.0
2024-08-12,0.0
2024-08-13,0.0
2024-08-14,0.0
2024-08-15,0.0
2024-08-16,0.0
2024-08-17,0.0
2024-08-18,0.0
2024-08-19,0.0
2024-08-20,0.0
2024-08-21,0.0
2024-08-22,0.0
2024-08-23,0.0
2024-08-24,0.0
2024-08-25,0.04264595759463918
2024-08-26,-0.02971956653018426
2024-08-27,-0.0050000000000000044
2024-08-28,0.0
2024-08-29,0.0
2024-08-30,0.0
2024-08-31,0.0
2024-09-01,0.0
2024-09-02,0.0
2024-09-03,0.0
2024-09-04,0.0
2024-09-05,0.0
2024-09-06,0.0
2024-09-07,0.0
2024-09-08,0.0
2024-09-09,0.0
2024-09-10,0.0
2024-09-11,0.0
2024-09-12,0.0
2024-09-13,0.0
2024-09-14,0.0
2024-09-15,0.0
2024-09-16,0.0
2024-09-17,0.0
2024-09-18,0.0
2024-09-19,0.0
2024-09-20,0.028542215353274836
2024-09-21,0.0061685980371181115
2024-09-22,0.03516949282278836
2024-09-23,-0.01771591466730299
2024-09-24,0.07193065739235249
2024-09-25,-0.014440735454895215
2024-09-26,-0.01757227089044
2024-09-27,0.004444018890535584
2024-09-28,0.009446819523176386
2024-09-29,0.023526043066572133
2024-09-30,0.005856117209320222
2024-10-01,-0.0053874590922458054
2024-10-02,0.029880749274352136
2024-10-03,-0.002860478026542268
2024-10-04,0.0
2024-10-05,0.0
2024-10-06,0.03741983390025042
2024-10-07,0.024845673606193625
2024-10-08,-0.006560964872434942
2024-10-09,-0.03238278362499116
2024-10-10,-0.014183210591918646
2024-10-11,-0.00278482905423146
2024-10-12,0.0
2024-10-13,0.025441487062871526
2024-10-14,-0.02637860428338068
2024-10-15,-0.026665649129919016
2024-10-16,-0.03047568110242525
2024-10-17,-0.011853666022179965
2024-10-18,0.008737168709075408
2024-10-19,-0.02438388212844524
2024-10-20,0.005864417999169869
2024-10-21,0.00785503189657851
2024-10-22,-0.012616680004165048
2024-10-23,-0.016314982482447966
2024-10-24,0.02389379867843755
2024-10-25,-0.08005721271530027
2024-10-26,0.04841260546552221
2024-10-27,0.05062286488008764
2024-10-28,0.11665668323279184
2024-10-29,0.09113211863537903
2024-10-30,-0.04374092630574048
2024-10-31,-0.04244277603633343
2024-11-01,-0.013324650882606833
2024-11-02,4.2763263193042654e-05
2024-11-03,-0.0049997703478260975
2024-11-04,0.0
2024-11-05,0.0
2024-11-06,0.0
2024-11-07,-0.01877364089099076
2024-11-08,0.01767786164655812
2024-11-09,0.02644868301075883
2024-11-10,0.15797088150780406
2024-11-11,0.10780710835180703
2024-11-12,-0.008259236598664973
2024-11-13,0.02311036242436526
2024-11-14,-0.04801962121920176
2024-11-15,0.10476896278765886
2024-11-16,0.16144612816954482
2024-11-17,-0.03704604316146206
2024-11-18,0.05319089416191788
2024-11-19,-0.013221801539044398
2024-11-20,0.017518772754614702
2024-11-21,0.05672155946135863
2024-11-22,0.1524352602707307
2024-11-23,0.28094487890434366
2024-11-24,0.027831780621007923
2024-11-25,-0.06670780436880103
2024-11-26,-0.0412341041548123
2024-11-27,0.03754865343427627
2024-11-28,0.029576312098145412
2024-11-29,0.11439383028319335
2024-11-30,0.05922009129613052
2024-12-01,0.14264118212776866
2024-12-02,0.07806888516437188
2024-12-03,-0.042666447821570176
2024-12-04,-0.0407722683758685
2024-12-05,-0.006973071103536048
2024-12-06,0.03500132277024859
2024-12-07,-0.024658357672970532
2024-12-08,-0.0023489030597947194
2024-12-09,-0.057046138709722215
2024-12-10,-0.025004913070562334
2024-12-11,0.035138863296185686
2024-12-12,-0.005766988398302937
2024-12-13,0.012051221845555756
2024-12-14,-0.017856357608467988
2024-12-15,-0.0014037281400462454
2024-12-16,-0.00910184158685684
2024-12-17,-0.017639174512849187
2024-12-18,-0.05721402779405704
2024-12-19,-0.041371922465584986
2024-12-20,0.0014638434320776161
2024-12-21,-0.009129545680352624
2024-12-22,-0.0092157711350348
2024-12-23,-0.0026376349834373314
2024-12-24,0.013224341584918364
2024-12-25,-0.015015227090959463
2024-12-26,-0.0352048186086405
2024-12-27,-0.0028013486634642093
2024-12-28,0.0
2024-12-29,0.0
2024-12-30,0.0
2024-12-31,0.0
2025-01-01,0.0
2025-01-02,0.0
2025-01-03,0.0
2025-01-04,-0.00472444866818722
2025-01-05,-0.006420092987613146
2025-01-06,0.0283983728931394
2025-01-07,-0.04391443333244083
2025-01-08,-0.0050000000000000044
2025-01-09,0.0
2025-01-10,0.0
2025-01-11,0.0
2025-01-12,0.0
2025-01-13,0.0
2025-01-14,0.0
2025-01-15,0.0
2025-01-16,0.0
2025-01-17,0.006524220547007298
2025-01-18,-0.004333382186558599
2025-01-19,-0.05645529370496433
2025-01-20,-0.002769156430612041
2025-01-21,0.0
2025-01-22,-0.0027079670377405107
2025-01-23,-0.003034089626803571
2025-01-24,0.0
2025-01-25,0.0
2025-01-26,0.0
2025-01-27,0.0
2025-01-28,0.0
2025-01-29,0.0
2025-01-30,0.0
2025-01-31,0.0
2025-02-01,0.0
2025-02-02,0.0
2025-02-03,0.0
2025-02-04,0.0
2025-02-05,0.0
2025-02-06,0.0
2025-02-07,0.0
2025-02-08,0.0
2025-02-09,0.0
2025-02-10,0.0
2025-02-11,0.0
2025-02-12,0.0
2025-02-13,0.0
2025-02-14,0.0
2025-02-15,0.0
2025-02-16,0.0
2025-02-17,0.0
2025-02-18,0.0
2025-02-19,0.0
2025-02-20,0.0
2025-02-21,0.0
2025-02-22,0.0
2025-02-23,0.0
2025-02-24,0.0
2025-02-25,0.0
2025-02-26,0.0
2025-02-27,0.0
2025-02-28,0.0
2025-03-01,0.0
2025-03-02,0.0
2025-03-03,0.0
2025-03-04,0.0
2025-03-05,0.0
2025-03-06,0.0
2025-03-07,0.0
2025-03-08,0.0
2025-03-09,0.0
2025-03-10,0.0
2025-03-11,0.0
2025-03-12,0.0
2025-03-13,0.0
2025-03-14,0.0
2025-03-15,0.0
2025-03-16,0.0
2025-03-17,0.0
2025-03-18,0.0
2025-03-19,0.0
2025-03-20,0.0
2025-03-21,0.0
2025-03-22,0.0
2025-03-23,0.0
2025-03-24,0.0
2025-03-25,0.0
2025-03-26,0.0
2025-03-27,0.0
2025-03-28,0.0
2025-03-29,0.0
2025-03-30,0.0
2025-03-31,0.0
2025-04-01,0.0
2025-04-02,0.0
2025-04-03,0.0
2025-04-04,0.0
2025-04-05,0.0
2025-04-06,0.0
2025-04-07,0.0
2025-04-08,0.0
2025-04-09,0.0
2025-04-10,0.0
2025-04-11,0.0
2025-04-12,0.0
2025-04-13,0.0
2025-04-14,0.0
2025-04-15,0.0
2025-04-16,0.0
2025-04-17,0.0
2025-04-18,0.0
2025-04-19,0.0
2025-04-20,0.0
2025-04-21,0.0
2025-04-22,0.0
2025-04-23,0.0
2025-04-24,0.021770898359604923
2025-04-25,0.02520348302850169
2025-04-26,0.00160293942644818
2025-04-27,0.005839271922150391
2025-04-28,-0.005498286388731492
2025-04-29,0.002825182115748929
2025-04-30,-0.005281215657050957
2025-05-01,0.007951753317362678
2025-05-02,-0.02090437498151772
2025-05-03,-0.015141746829980096
2025-05-04,-0.009592377152944384
2025-05-05,0.011276781543953951
2025-05-06,-0.0035742735617074564
2025-05-07,-0.019429593979245707
2025-05-08,0.05228430161874731
2025-05-09,0.06017103211731212
2025-05-10,0.03177535154039912
2025-05-11,0.018022145690912428
2025-05-12,0.01540720110550109
2025-05-13,0.014192222076382155
2025-05-14,-0.0129415433746314
2025-05-15,-0.015900998966945818
2025-05-16,-0.0039175681178975075
2025-05-17,-0.000999840916894849
2025-05-18,0.004454074980693649
2025-05-19,0.013953202110597104
2025-05-20,0.01718982692788505
2025-05-21,0.12674899587500954
2025-05-22,-0.0293212355418212
2025-05-23,0.0025253975328761724
2025-05-24,0.034059437397203705
2025-05-25,0.04796798286357854
2025-05-26,-0.03463839634138357
2025-05-27,-0.059790745750674446
2025-05-28,-0.020518508862307733
2025-05-29,-0.041690097938041425
2025-05-30,0.006438093672725205
2025-05-31,-0.0033377181040804746
2025-06-01,0.0
2025-06-02,0.008409193643365601
2025-06-03,-0.004682409327450805
2025-06-04,0.0
2025-06-05,0.0
2025-06-06,0.0
2025-06-07,0.0
2025-06-08,0.0
2025-06-09,0.0
2025-06-10,0.011230237936981746
2025-06-11,-0.04305532962427516
2025-06-12,-0.0050000000000000044
2025-06-13,0.0
2025-06-14,0.0
2025-06-15,0.0
2025-06-16,0.0
2025-06-17,0.0
2025-06-18,0.0
2025-06-19,0.0
2025-06-20,0.0
2025-06-21,0.0
2025-06-22,0.0
2025-06-23,0.0
2025-06-24,0.0
2025-06-25,0.0
2025-06-26,0.0
2025-06-27,0.0
2025-06-28,0.0
2025-06-29,0.0
2025-06-30,0.0
2025-07-01,0.0
2025-07-02,0.0
2025-07-03,0.0
2025-07-04,0.0
2025-07-05,0.0
2025-07-06,0.0
2025-07-07,0.0
2025-07-08,0.0
2025-07-09,0.0
2025-07-10,0.0015378486099684174
2025-07-11,0.12608741700423795
2025-07-12,0.08438990960267723
2025-07-13,0.2028642302563182
2025-07-14,-0.01767938490421726
2025-07-15,-0.02503404267763522
2025-07-16,0.003908001272093527
2025-07-17,0.09753002494995629
2025-07-18,-0.07790584532553589
2025-07-19,0.001537078872695848
2025-07-20,0.01164392229481929
2025-07-21,0.008667540383123487
2025-07-22,-0.003734432025193931
2025-07-23,-0.07996819737863829
2025-07-24,-0.010727957741629768
2025-07-25,0.006337273311121179
2025-07-26,0.0006166264121935661
2025-07-27,0.035775513676293835
2025-07-28,-0.022661983987871892
2025-07-29,0.001591906350563388
2025-07-30,0.00388742029734912
2025-07-31,-0.029277308926772605
2025-08-01,-0.056358755452163956
2025-08-02,-0.021992888718925168
2025-08-03,0.0035453083876192393
2025-08-04,-0.04130496189451249
2025-08-05,-0.06592489053506823
2025-08-06,0.03458545203845942
2025-08-07,0.007849165108646675
2025-08-08,0.0023584370537080477
2025-08-09,-0.021244684354755572
2025-08-10,0.021689189919267864
2025-08-11,-0.012309313652972905
2025-08-12,0.060397981633830845
2025-08-13,0.029110113971512197
2025-08-14,-0.04375466333058331
2025-08-15,-0.023784966964306764
2025-08-16,-0.0031099903467964873
2025-08-17,0.010639251302327235
2025-08-18,-0.006915285133489157
2025-08-19,-0.07326974634728228
2025-08-20,0.10056088317224154
2025-08-21,-0.05072561437105766
2025-08-22,0.06624044897764436
2025-08-23,-0.014835096096029676
2025-08-24,-0.014672306947984326
2025-08-25,-0.08354402021934375
2025-08-26,-0.0044069002456901445
2025-08-27,-0.0068613073517355865
2025-08-28,-0.0047825254992008666
2025-08-29,-0.039004565770789625
2025-08-30,-0.004766794400388741
2025-08-31,0.0
2025-09-01,0.0
2025-09-02,0.0
2025-09-03,0.0
2025-09-04,0.0
2025-09-05,0.0
2025-09-06,0.0
2025-09-07,0.0
2025-09-08,0.0
2025-09-09,0.0
2025-09-10,0.0
2025-09-11,0.0
2025-09-12,-0.025887073640970575
2025-09-13,0.003112129834371369
2025-09-14,-0.014238606998327167
2025-09-15,0.0068249749750145155
2025-09-16,0.007110346729219286
2025-09-17,0.04416721092436212
2025-09-18,0.09880275392196425
2025-09-19,-0.03798708738999945
2025-09-20,-0.015661096601451558
2025-09-21,-0.0037779642299686222
2025-09-22,0.01873326304906305
2025-09-23,-0.004551427492579659
2025-09-24,0.0
2025-09-25,0.0
2025-09-26,0.0
2025-09-27,0.0
2025-09-28,0.0
2025-09-29,0.0
2025-09-30,0.0
2025-10-01,0.0
2025-10-02,0.0575302507694988
2025-10-03,0.09101257744252345
2025-10-04,-0.033087464738562944
2025-10-05,0.013019821771194984
2025-10-06,0.04980876033468706
2025-10-07,0.07080313494613932
2025-10-08,-0.0050000000000000044
2025-10-09,-0.04361565806726764
2025-10-10,-0.0050000000000000044
2025-10-11,0.0
2025-10-12,0.0
2025-10-13,0.0
2025-10-14,0.0
2025-10-15,0.0
2025-10-16,0.0
2025-10-17,0.0
2025-10-18,0.0
2025-10-19,0.0
2025-10-20,0.0
2025-10-21,0.0
2025-10-22,0.0
2025-10-23,0.0
2025-10-24,0.0
2025-10-25,0.0
2025-10-26,0.0
2025-10-27,0.0
2025-10-28,0.0
2025-10-29,0.0
2025-10-30,0.0
2025-10-31,0.0
2025-11-01,0.0
2025-11-02,0.0
2025-11-03,0.0
2025-11-04,0.0
2025-11-05,0.0
2025-11-06,0.0
2025-11-07,0.0
2025-11-08,0.0
2025-11-09,0.0
2025-11-10,0.0
2025-11-11,0.0
2025-11-12,0.0
2025-11-13,0.0
2025-11-14,0.0
2025-11-15,0.0
2025-11-16,0.0
2025-11-17,0.0
2025-11-18,0.0
2025-11-19,0.0
2025-11-20,0.0
2025-11-21,0.0
2025-11-22,0.0
2025-11-23,0.0
2025-11-24,0.0
2025-11-25,0.0
2025-11-26,0.0
2025-11-27,0.0
2025-11-28,0.0
2025-11-29,0.0
2025-11-30,0.0
2025-12-01,0.0
2025-12-02,0.0
2025-12-03,0.0
2025-12-04,0.0
2025-12-05,0.0
2025-12-06,0.0
2025-12-07,0.0
2025-12-08,0.0
2025-12-09,0.0
2025-12-10,0.0
2025-12-11,0.0
2025-12-12,0.0
2025-12-13,0.0
2025-12-14,0.0
2025-12-15,0.0
2025-12-16,0.0
2025-12-17,0.0
2025-12-18,0.0
2025-12-19,0.0
2025-12-20,0.0
2025-12-21,0.0
2025-12-22,0.0
2025-12-23,0.0
2025-12-24,0.0
2025-12-25,0.0
2025-12-26,0.0
2025-12-27,0.0
2025-12-28,0.0
2025-12-29,0.0
2025-12-30,0.0
2025-12-31,0.0
2026-01-01,0.0
2026-01-02,0.0
2026-01-03,0.0
2026-01-04,0.0
2026-01-05,0.0
2026-01-06,0.0
2026-01-07,0.0
2026-01-08,0.0
2026-01-09,0.0
2026-01-10,0.0
2026-01-11,0.0
2026-01-12,0.0
2026-01-13,0.0
2026-01-14,0.0
2026-01-15,0.0
2026-01-16,0.0
2026-01-17,0.0
2026-01-18,0.0
2026-01-19,0.0
2026-01-20,0.0
2026-01-21,0.0
2026-01-22,0.0
2026-01-23,0.0
2026-01-24,0.0
2026-01-25,0.0
2026-01-26,0.0
2026-01-27,0.0
2026-01-28,0.0
2026-01-29,0.0
2026-01-30,0.0
2026-01-31,0.0
2026-02-01,0.0
2026-02-02,0.0
2026-02-03,0.0
2026-02-04,0.0
2026-02-05,0.0
2026-02-06,0.0
2026-02-07,0.0
2026-02-08,0.0
2026-02-09,0.0
2026-02-10,0.0
2026-02-11,0.0
2026-02-12,0.0
2026-02-13,0.0
2026-02-14,0.0
2026-02-15,0.0
2026-02-16,0.0
2026-02-17,0.0
2026-02-18,0.0
2026-02-19,0.0
2026-02-20,0.0
2026-02-21,0.0
2026-02-22,0.0
2026-02-23,0.0
2026-02-24,0.0
2026-02-25,0.0
2026-02-26,0.0
2026-02-27,0.0
2026-02-28,0.0
2026-03-01,0.0
2026-03-02,0.0
2026-03-03,0.0
2026-03-04,0.0
2026-03-05,0.0
2026-03-06,0.0
2026-03-07,0.0
2026-03-08,0.0
2026-03-09,0.0
2026-03-10,0.0
2026-03-11,0.0
2026-03-12,0.0
2026-03-13,0.0
2026-03-14,0.0
2026-03-15,0.0
2026-03-16,0.0
2026-03-17,0.0
2026-03-18,0.0
2026-03-19,0.0
2026-03-20,0.0
2026-03-21,0.0
2026-03-22,0.0
2026-03-23,0.0
2026-03-24,0.0
2026-03-25,0.0
2026-03-26,0.0
2026-03-27,0.0
2026-03-28,0.0
2026-03-29,0.0
2026-03-30,0.0
2026-03-31,0.0
2026-04-01,0.0
2026-04-02,0.0
2026-04-03,0.0
2026-04-04,0.0
2026-04-05,0.0
2026-04-06,0.0
2026-04-07,0.0
2026-04-08,0.0
2026-04-09,0.0
2026-04-10,0.0
2026-04-11,0.0
2026-04-12,0.0
2026-04-13,0.0
2026-04-14,0.0
2026-04-15,0.0
2026-04-16,0.0
2026-04-17,0.0
2026-04-18,-0.010739064543234181
2026-04-19,-0.03611036127120415
2026-04-20,0.00751417192201594
2026-04-21,-0.0022383257634576346
2026-04-22,0.004134812634615348
2026-04-23,-0.005689977164623865
2026-04-24,-0.015870357051326
2026-04-25,0.001127158294124797
2026-04-26,0.00842862409285324
2026-04-27,-0.007911914120277993
2026-04-28,-0.017900365711828792
2026-04-29,-0.00813172494732195
2026-04-30,0.02022307515793398
2026-05-01,0.021130745440851067
2026-05-02,0.004714825874144475
2026-05-03,0.009354599773000646
2026-05-04,0.016985909371875163
2026-05-05,0.07519061171407819
2026-05-06,0.08205624665925297
2026-05-07,0.0250181933066409
2026-05-08,-0.02553145254687489
2026-05-09,-0.024529675713817794
2026-05-10,0.01658360824415998
2026-05-11,-0.012847309668012655
2026-05-12,-0.038171375416190235
2026-05-13,-0.01832858768355261
2026-05-14,-0.0015153180846595264
2026-05-15,-0.048909462591897566
2026-05-16,-0.01701463789125618
2026-05-17,-0.0071965603443239585
2026-05-18,0.012642811261092901
2026-05-19,0.004317526497726543
2026-05-20,0.0502571875911982
2026-05-21,0.036051032300290865
2026-05-22,-0.02634669382185704
2026-05-23,-0.004990169053423014
2026-05-24,0.022715075447041027
2026-05-25,-0.004911072036895503
2026-05-26,0.0
2026-05-27,0.0
2026-05-28,0.0
2026-05-29,0.0
2026-05-30,0.0
2026-05-31,0.0
2026-06-01,0.0
2026-06-02,0.0
2026-06-03,0.0
2026-06-04,0.0
2026-06-05,0.0
2026-06-06,0.0
2026-06-07,0.0
2026-06-08,0.0
2026-06-09,0.0
2026-06-10,0.0
2026-06-11,0.0
2026-06-12,0.0
2026-06-13,0.0
2026-06-14,0.0
2026-06-15,0.0
2026-06-16,0.0
2026-06-17,0.0
2026-06-18,0.0
2026-06-19,0.0
2026-06-20,0.0
2026-06-21,0.0
2026-06-22,0.0
2026-06-23,0.0
2026-06-24,0.0
2026-06-25,0.0
2026-06-26,0.0
2026-06-27,0.0
2026-06-28,0.0
2026-06-29,0.0
2026-06-30,0.0
2026-07-01,0.0
2026-07-02,0.0
2026-07-03,0.0
2026-07-04,0.0
2026-07-05,0.0
2026-07-06,0.0
2026-07-07,0.0
2026-07-08,0.0
2026-07-09,0.0
2026-07-10,0.0
2026-07-11,0.0
2026-07-12,0.0
2026-07-13,0.0
2026-07-14,0.0
2026-07-15,0.0
2026-07-16,0.0
2026-07-17,0.0
2026-07-18,0.0
2026-07-19,0.0
2026-07-20,0.0
2026-07-21,0.0
2026-07-22,0.0
2026-07-23,0.0
2026-07-24,0.0
2026-07-25,0.0
2026-07-26,0.0
2026-07-27,0.0
2026-07-28,0.0
2026-07-29,0.0
2026-07-30,0.0
2026-07-31,0.0
2026-08-01,0.0
2026-08-02,0.0
2026-08-03,0.0
2026-08-04,0.0
2026-08-05,0.0
2026-08-06,0.0
2026-08-07,0.0
2026-08-08,0.0
2026-08-09,0.0
2026-08-10,0.0
2026-08-11,0.0
2026-08-12,0.0
2026-08-13,0.0
2026-08-14,0.0
2026-08-15,0.0
2026-08-16,0.0
2026-08-17,0.0
2026-08-18,0.0
2026-08-19,0.0
2026-08-20,0.0
2026-08-21,0.11701404838619012
2026-08-22,-0.028364616618411165
2026-08-23,0.0182830584237292
2026-08-24,-0.025948487038053598
2026-08-25,-0.04492939531809951
2026-08-26,0.026824524235808094
2026-08-27,0.0034595430381442194
2026-08-28,-0.05246246165000915
2026-08-29,0.016270350598167987
2026-08-30,-0.036143391312471074
2026-08-31,0.02264906489175515
2026-09-01,-0.02435802111160934
2026-09-02,-0.00923948492696756
2026-09-03,0.07251186417283102
2026-09-04,-0.02168156593451857
2026-09-05,0.1257854516342681
2026-09-06,0.026255821345965564
2026-09-07,-0.04768993655732175
2026-09-08,-0.01535516453834033
2026-09-09,0.012230988290396335
2026-09-10,-0.07456297834052089
2026-09-11,0.03474388392407731
2026-09-12,-0.012173633184364078
2026-09-13,-0.031825451288311414
2026-09-14,0.045236477303198054
2026-09-15,-0.048827924396158316
2026-09-16,0.07898237749887642
2026-09-17,0.13589400862638135
2026-09-18,0.16873193463923317
2026-09-19,-0.04213432287941016
2026-09-20,0.11083050267118255
2026-09-21,0.0012405877103555858
