,equity
2022-11-21,100000.0
2022-11-22,100000.0
2022-11-23,100000.0
2022-11-24,100000.0
2022-11-25,100000.0
2022-11-26,100000.0
2022-11-27,100000.0
2022-11-28,100000.0
2022-11-29,100000.0
2022-11-30,100000.0
2022-12-01,100000.0
2022-12-02,100000.0
2022-12-03,100000.0
2022-12-04,100000.0
2022-12-05,100000.0
2022-12-06,100000.0
2022-12-07,100000.0
2022-12-08,100000.0
2022-12-09,100000.0
2022-12-10,100000.0
2022-12-11,100000.0
2022-12-12,100000.0
2022-12-13,100000.0
2022-12-14,100000.0
2022-12-15,100000.0
2022-12-16,100000.0
2022-12-17,100000.0
2022-12-18,99575.13025496782
2022-12-19,97787.64414753986
2022-12-20,100512.98855240116
2022-12-21,100037.27648313789
2022-12-22,100006.8271045327
2022-12-23,99798.43916970353
2022-12-24,100132.60920560682
2022-12-25,100084.67522288069
2022-12-26,100601.89835907056
2022-12-27,99320.11035696635
2022-12-28,98368.15097545649
2022-12-29,98907.9732598299
2022-12-30,98719.03248672708
2022-12-31,98313.67513404567
2023-01-01,98804.67136405411
2023-01-02,99138.9603428426
2023-01-03,99139.43529196412
2023-01-04,100190.05344941547
2023-01-05,100065.4612927382
2023-01-06,100780.84031549277
2023-01-07,100760.44169509166
2023-01-08,101789.76916419435
2023-01-09,102165.7460684968
2023-01-10,103732.2768556261
2023-01-11,106679.43146961113
2023-01-12,112097.25747118577
2023-01-13,118538.28540862314
2023-01-14,124619.03683763529
2023-01-15,124169.55353445304
2023-01-16,126013.0416837045
2023-01-17,121519.02163893518
2023-01-18,116177.6991805071
2023-01-19,122221.82722557048
2023-01-20,150263.7701323179
2023-01-21,153848.07862415782
2023-01-22,152864.15080286842
2023-01-23,151809.9424229155
2023-01-24,139862.24745011586
2023-01-25,166709.4208595833
2023-01-26,155323.9703560919
2023-01-27,159611.08443456708
2023-01-28,153426.39527217668
2023-01-29,166358.01806626574
2023-01-30,148858.1589590474
2023-01-31,151729.2509021789
2023-02-01,190467.39768069805
2023-02-02,195791.26595405696
2023-02-03,216876.58635249146
2023-02-04,209801.44562079085
2023-02-05,206368.95160244106
2023-02-06,203707.0174657616
2023-02-07,207271.9211734105
2023-02-08,204661.7545212176
2023-02-09,194337.61241034264
2023-02-10,192792.09662372447
2023-02-11,194826.62151672295
2023-02-12,194181.79893043634
2023-02-13,194160.58824994363
2023-02-14,197908.73963292295
2023-02-15,216833.53704160647
2023-02-16,209713.37887921438
2023-02-17,219026.37715101943
2023-02-18,219560.97494093157
2023-02-19,216435.37352679946
2023-02-20,221341.66056153912
2023-02-21,217887.67227362367
2023-02-22,215538.7927026111
2023-02-23,213348.18045529982
2023-02-24,206652.8310384505
2023-02-25,206464.79947707118
2023-02-26,209927.87744236135
2023-02-27,209353.7128215239
2023-02-28,206184.55677078728
2023-03-01,210689.88122218137
2023-03-02,209125.31090762303
2023-03-03,199266.56633452378
2023-03-04,199198.03785175935
2023-03-05,199918.61172904586
2023-03-06,199710.97666423293
2023-03-07,197845.38006257665
2023-03-08,193419.09951783027
2023-03-09,181529.0067462713
2023-03-10,180069.59067054527
2023-03-11,183695.54052126373
2023-03-12,197687.381363043
2023-03-13,215718.5707961705
2023-03-14,220623.92684108918
2023-03-15,217189.03694872768
2023-03-16,223228.45471458894
2023-03-17,244540.72341033127
2023-03-18,240370.64499515275
2023-03-19,249877.56828966053
2023-03-20,247799.07894345635
2023-03-21,251194.84789502792
2023-03-22,243424.7517895752
2023-03-23,252599.191644249
2023-03-24,245000.55041369318
2023-03-25,244998.94636600706
2023-03-26,249475.39788923945
2023-03-27,241908.30292984453
2023-03-28,258315.71592954677
2023-03-29,272584.17147959804
2023-03-30,267391.0586822296
2023-03-31,270012.82436633797
2023-04-01,255946.0430996797
2023-04-02,260332.45876347634
2023-04-03,249290.7917477123
2023-04-04,252517.58028199954
2023-04-05,254080.5559782949
2023-04-06,252416.74314030306
2023-04-07,257710.693079368
2023-04-08,253727.62598235722
2023-04-09,253778.04455320546
2023-04-10,259878.69162584224
2023-04-11,253418.611975622
2023-04-12,248606.04361218054
2023-04-13,285641.8958004045
2023-04-14,354691.7897106524
2023-04-15,345275.8950865277
2023-04-16,353854.82129961904
2023-04-17,335650.7583596446
2023-04-18,349042.2529361776
2023-04-19,310541.7060286454
2023-04-20,300707.327199004
2023-04-21,306984.5902817538
2023-04-22,312030.500395348
2023-04-23,309509.41600783716
2023-04-24,308654.4904821099
2023-04-25,317479.89099297655
2023-04-26,318879.7802228092
2023-04-27,330667.58325930615
2023-04-28,329053.1460326246
2023-04-29,328057.3427581747
2023-04-30,327895.9551118256
2023-05-01,314997.95310992934
2023-05-02,321816.0484431463
2023-05-03,325707.1842249955
2023-05-04,323734.0828613963
2023-05-05,331391.7528440705
2023-05-06,324611.7894078367
2023-05-07,320449.0199363019
2023-05-08,311595.80283056916
2023-05-09,309507.3928387765
2023-05-10,307693.5586685145
2023-05-11,300569.68731596647
2023-05-12,298506.3576230003
2023-05-13,298302.7417680774
2023-05-14,299896.782200686
2023-05-15,302634.35879380855
2023-05-16,301072.2975674097
2023-05-17,305205.442246909
2023-05-18,298687.72221206385
2023-05-19,299415.75232266384
2023-05-20,301988.84845307836
2023-05-21,297925.8120333465
2023-05-22,299046.5378509697
2023-05-23,303156.3432055995
2023-05-24,293150.8215728838
2023-05-25,294866.1238469354
2023-05-26,297532.9489677651
2023-05-27,299235.44549256214
2023-05-28,312653.4209157419
2023-05-29,308962.0245002129
2023-05-30,308488.6571951628
2023-05-31,303105.89968897105
2023-06-01,298713.63904902764
2023-06-02,303450.76408411114
2023-06-03,301526.1156483343
2023-06-04,302048.8129265996
2023-06-05,286628.68644606805
2023-06-06,297024.7233694189
2023-06-07,290555.1848137176
2023-06-08,293536.79823504086
2023-06-09,292081.4602656204
2023-06-10,285131.6743364822
2023-06-11,286033.0215866644
2023-06-12,285679.3479850573
2023-06-13,285937.35033062537
2023-06-14,277043.35616823175
2023-06-15,282011.06399193243
2023-06-16,290384.845699614
2023-06-17,292376.2251771664
2023-06-18,290466.8970893419
2023-06-19,296048.716933867
2023-06-20,312339.3393790241
2023-06-21,330881.75179583725
2023-06-22,329693.4580093827
2023-06-23,338655.6240108424
2023-06-24,336921.9327142692
2023-06-25,336099.5901792956
2023-06-26,333874.6550990888
2023-06-27,338562.9781243915
2023-06-28,331745.89527243574
2023-06-29,335807.6453442533
2023-06-30,336071.13465702854
2023-07-01,337391.33853895357
2023-07-02,337688.0259610404
2023-07-03,343672.2884694359
2023-07-04,319319.0936552196
2023-07-05,318965.96940772556
2023-07-06,322355.96218366816
2023-07-07,325805.75706909376
2023-07-08,325209.3959846065
2023-07-09,323885.0712701488
2023-07-10,326574.78586681944
2023-07-11,328790.58040412073
2023-07-12,326188.7086203648
2023-07-13,337943.04703168577
2023-07-14,325605.28144698153
2023-07-15,325253.4790649525
2023-07-16,324711.54818969464
2023-07-17,323628.44091732666
2023-07-18,320578.34933048184
2023-07-19,321166.72212887555
2023-07-20,319996.7394378168
2023-07-21,321090.07586395077
2023-07-22,319803.51355985506
2023-07-23,322960.28766720125
2023-07-24,313249.1844316803
2023-07-25,313738.5826414736
2023-07-26,315085.0449677375
2023-07-27,313635.7435353139
2023-07-28,314706.75163777225
2023-07-29,315156.9679334233
2023-07-30,314347.3515047633
2023-07-31,313790.5389331033
2023-08-01,318817.26326065604
2023-08-02,313062.93689954275
2023-08-03,313213.8665304303
2023-08-04,312148.556674863
2023-08-05,311846.160678981
2023-08-06,311801.28970763605
2023-08-07,313261.2064786675
2023-08-08,319576.95671569934
2023-08-09,317386.6521718667
2023-08-10,315901.29420416354
2023-08-11,315637.8651044495
2023-08-12,315782.99800698145
2023-08-13,314328.12653655576
2023-08-14,315698.62340536155
2023-08-15,325658.7988971973
2023-08-16,301188.2867276027
2023-08-17,277249.742213869
2023-08-18,270123.9864729604
2023-08-19,270604.05196432705
2023-08-20,271595.3127631346
2023-08-21,270920.3475537375
2023-08-22,270054.438924005
2023-08-23,274077.2648882027
2023-08-24,271337.2163950803
2023-08-25,270140.64456851844
2023-08-26,269714.4055484241
2023-08-27,270557.4092967641
2023-08-28,270710.2473235102
2023-08-29,287490.29313995206
2023-08-30,283145.4071509629
2023-08-31,268958.472976128
2023-09-01,267522.275578813
2023-09-02,268245.75562083663
2023-09-03,269311.85078081343
2023-09-04,267703.21988725057
2023-09-05,267379.3783169162
2023-09-06,267034.07174336084
2023-09-07,272354.0742808037
2023-09-08,268645.70981128805
2023-09-09,268555.2871890237
2023-09-10,267883.9614361115
2023-09-11,260867.91255720574
2023-09-12,267953.1263111759
2023-09-13,271967.70401623147
2023-09-14,275142.5542188838
2023-09-15,275887.40018699475
2023-09-16,275510.36274580704
2023-09-17,275136.95465292555
2023-09-18,277570.6919314392
2023-09-19,282249.4403765408
2023-09-20,281289.0111190379
2023-09-21,275493.1492652688
2023-09-22,275655.84776505525
2023-09-23,275679.1792898812
2023-09-24,272319.75080193894
2023-09-25,272698.1362867833
2023-09-26,266425.9336355537
2023-09-27,266852.3912467104
2023-09-28,273631.80898966955
2023-09-29,272434.48453671514
2023-09-30,272992.185663486
2023-10-01,283463.5909640951
2023-10-02,278510.7536747899
2023-10-03,277712.26633163117
2023-10-04,281382.9093956376
2023-10-05,277569.2582242197
2023-10-06,282976.7332281315
2023-10-07,283251.97555568675
2023-10-08,282844.19408665
2023-10-09,279441.2719572006
2023-10-10,277747.8160330347
2023-10-11,282546.5739660818
2023-10-12,275175.6817809214
2023-10-13,275165.3992585296
2023-10-14,275079.21476193477
2023-10-15,278399.9918628283
2023-10-16,292191.1568453742
2023-10-17,291071.0669260261
2023-10-18,290234.00771625893
2023-10-19,294406.5509278899
2023-10-20,304182.93763648544
2023-10-21,306648.2461900337
2023-10-22,307443.85867888475
2023-10-23,339147.4119704038
2023-10-24,319375.3188893983
2023-10-25,343387.6356517139
2023-10-26,346893.8588957689
2023-10-27,335950.19240674895
2023-10-28,334993.9497038249
2023-10-29,347637.6032202655
2023-10-30,370056.18214437424
2023-10-31,407030.8999907716
2023-11-01,436143.1778353488
2023-11-02,426368.2524276805
2023-11-03,418187.06485821895
2023-11-04,449636.82486549945
2023-11-05,436461.9254029901
2023-11-06,446768.0967567273
2023-11-07,455029.15335635014
2023-11-08,456936.1549550272
2023-11-09,480032.06320567144
2023-11-10,600914.775655144
2023-11-11,596888.8833912703
2023-11-12,596465.1052582309
2023-11-13,546777.119159368
2023-11-14,602080.1655210023
2023-11-15,693934.0758572798
2023-11-16,612144.8961806867
2023-11-17,620196.6807084342
2023-11-18,620620.4588414736
2023-11-19,647636.3148227318
2023-11-20,599643.4412560262
2023-11-21,544849.9390580514
2023-11-22,595730.5186852406
2023-11-23,590843.6833538157
2023-11-24,598605.127703726
2023-11-25,612115.7900906068
2023-11-26,603491.963035151
2023-11-27,583369.6999057542
2023-11-28,592568.448764907
2023-11-29,604641.806642545
2023-11-30,612690.7118943038
2023-12-01,626201.3742811845
2023-12-02,637699.8103551257
2023-12-03,628501.0614959729
2023-12-04,649485.7073309154
2023-12-05,703342.15599724
2023-12-06,750613.9432533497
2023-12-07,752905.9086960703
2023-12-08,872374.6073978753
2023-12-09,914202.9767275242
2023-12-10,1064326.7132257153
2023-12-11,1089251.8374153005
2023-12-12,1074067.5663572773
2023-12-13,1116182.4313672662
2023-12-14,1125923.2844988282
2023-12-15,1138242.5987534507
2023-12-16,1208147.5447564253
2023-12-17,1177853.5808356733
2023-12-18,1215057.5924009832
2023-12-19,1204160.0588932254
2023-12-20,1244096.5982106896
2023-12-21,1249939.663499642
2023-12-22,1253729.5366122178
2023-12-23,1245886.8382046327
2023-12-24,1225670.288126626
2023-12-25,1241928.0261492801
2023-12-26,1211260.6224847338
2023-12-27,1238382.5874598108
2023-12-28,1213300.9946738842
2023-12-29,1198619.2604141985
2023-12-30,1200682.9934689607
2023-12-31,1204503.585904935
2024-01-01,1259129.694686401
2024-01-02,1281143.7195914376
2024-01-03,1220854.3553548413
2024-01-04,1259037.6763486278
2024-01-05,1258596.38735199
2024-01-06,1253167.5925683028
2024-01-07,1252099.5535441611
2024-01-08,1338628.0925685791
2024-01-09,1313981.4326233696
2024-01-10,1329492.9260313357
2024-01-11,1320538.0925701875
2024-01-12,1218641.927757753
2024-01-13,1220430.159540772
2024-01-14,1188101.2535775625
2024-01-15,1210518.1078560362
2024-01-16,1228740.0102460068
2024-01-17,1217583.574870414
2024-01-18,1176201.264760274
2024-01-19,1185852.9302971526
2024-01-20,1187323.228884355
2024-01-21,1184277.5086371584
2024-01-22,1125974.3722168289
2024-01-23,1136025.4484530406
2024-01-24,1141785.2812056192
2024-01-25,1137885.7564891637
2024-01-26,1191296.539172228
2024-01-27,1200055.94057907
2024-01-28,1197346.6711420822
2024-01-29,1233622.9627328601
2024-01-30,1223405.7977393651
2024-01-31,1212336.2527084919
2024-02-01,1227096.7856284939
2024-02-02,1230188.0876958712
2024-02-03,1224997.7428091746
2024-02-04,1212767.2857955752
2024-02-05,1215455.1887543534
2024-02-06,1227618.4125831865
2024-02-07,1263158.842664423
2024-02-08,1290666.6164843226
2024-02-09,1343359.7703859175
2024-02-10,1360848.660130108
2024-02-11,1376319.129899424
2024-02-12,1422807.1736425504
2024-02-13,1524810.6776452952
2024-02-14,1622309.353462005
2024-02-15,1764163.8758591174
2024-02-16,1742222.7275506617
2024-02-17,1721596.9958074617
2024-02-18,1672268.8746103947
2024-02-19,1676267.7409687703
2024-02-20,1634411.1858623526
2024-02-21,1647381.193195768
2024-02-22,1536360.0350882355
2024-02-23,1524337.127681804
2024-02-24,1468905.473621953
2024-02-25,1485216.6390311166
2024-02-26,1564930.8828855767
2024-02-27,1590947.514572998
2024-02-28,1605683.2102687191
2024-02-29,1633681.0320905892
2024-03-01,1699991.6627213338
2024-03-02,1853242.8979568328
2024-03-03,1856190.0370959775
2024-03-04,1816403.6587175303
2024-03-05,1938709.9329920155
2024-03-06,2264368.8078674516
2024-03-07,2190690.329388846
2024-03-08,2147956.811871255
2024-03-09,2086066.8899492263
2024-03-10,2091961.1682275145
2024-03-11,2121432.5596189564
2024-03-12,2552891.73823404
2024-03-13,2455540.498203693
2024-03-14,2798648.125932798
2024-03-15,2361043.2033208157
2024-03-16,2122263.1259825383
2024-03-17,2600457.490691864
2024-03-18,2216760.4208654156
2024-03-19,2006202.6899854476
2024-03-20,2179342.0289319274
2024-03-21,2094982.4626855154
2024-03-22,2041147.746462551
2024-03-23,2047167.3504916343
2024-03-24,2150065.8701780248
2024-03-25,2236264.428796055
2024-03-26,2239381.8546822313
2024-03-27,2221599.8238973105
2024-03-28,2264957.7621025685
2024-03-29,2236614.210981901
2024-03-30,2227855.978495294
2024-03-31,2281702.486427781
2024-04-01,2229659.9062620522
2024-04-02,2094651.366930649
2024-04-03,2111266.8278969103
2024-04-04,2192462.135011992
2024-04-05,2171240.5470272386
2024-04-06,2204940.5285741757
2024-04-07,2219131.518935665
2024-04-08,2291826.8833691357
2024-04-09,2211841.6343888645
2024-04-10,2259805.0115261627
2024-04-11,2240540.1195217473
2024-04-12,2148772.477887123
2024-04-13,2048404.089512356
2024-04-14,2104213.4363517403
2024-04-15,2030035.7152106257
2024-04-16,2042111.827863175
2024-04-17,1960812.1982480893
2024-04-18,2032081.1961789574
2024-04-19,2042865.645032171
2024-04-20,2079051.1088384418
2024-04-21,2078302.7309274566
2024-04-22,2139043.8850006694
2024-04-23,2124992.0418651653
2024-04-24,2056165.9106958662
2024-04-25,2063350.210658562
2024-04-26,2039741.9111552457
2024-04-27,2029625.2112122301
2024-04-28,2019287.4214289086
2024-04-29,2042842.608177535
2024-04-30,1940022.394268565
2024-05-01,1864623.7196845654
2024-05-02,1890425.3199914906
2024-05-03,2013083.7876898441
2024-05-04,2044665.3995237176
2024-05-05,2048920.4990696283
2024-05-06,2021114.372207689
2024-05-07,1994075.5006815714
2024-05-08,1957486.8918709357
2024-05-09,2018194.4505251576
2024-05-10,1945040.9096740496
2024-05-11,1946076.608390503
2024-05-12,1966426.7923455802
2024-05-13,2013558.602918518
2024-05-14,1969282.722757401
2024-05-15,2119555.983418269
2024-05-16,2087732.1646247553
2024-05-17,2145350.5446854164
2024-05-18,2141389.8049847744
2024-05-19,2120294.7626386243
2024-05-20,2285455.5924303466
2024-05-21,2197808.2135164924
2024-05-22,2270700.052188542
2024-05-23,2155956.4401162723
2024-05-24,2216990.2763249264
2024-05-25,2215943.9819899206
2024-05-26,2191879.212284794
2024-05-27,2221872.983221619
2024-05-28,2244542.693813405
2024-05-29,2256051.9314984656
2024-05-30,2244193.92903507
2024-05-31,2198505.7430731626
2024-06-01,2183160.0928264153
2024-06-02,2174960.1316781766
2024-06-03,2209159.371153851
2024-06-04,2265299.0284046712
2024-06-05,2283575.111976082
2024-06-06,2272486.5445187055
2024-06-07,2226188.9737813105
2024-06-08,2225324.249831387
2024-06-09,2236108.092807339
2024-06-10,2231810.161106734
2024-06-11,2161612.429566991
2024-06-12,2191397.401297766
2024-06-13,2143089.0985238235
2024-06-14,2119442.9283060986
2024-06-15,2125308.70862021
2024-06-16,2139526.281136511
2024-06-17,2134714.3081086124
2024-06-18,2092210.2595304882
2024-06-19,2085557.1112950242
2024-06-20,2082252.0507357756
2024-06-21,2058858.4641192341
2024-06-22,2063059.7088833663
2024-06-23,2028729.2071100608
2024-06-24,1935287.474071561
2024-06-25,1984274.4889340438
2024-06-26,1953059.5999661782
2024-06-27,1978929.4934935253
2024-06-28,1937000.5313030374
2024-06-29,1955656.3185849132
2024-06-30,2012830.3662929381
2024-07-01,2017819.9063716482
2024-07-02,1992235.1477694332
2024-07-03,1931634.9856005735
2024-07-04,1831577.9938808703
2024-07-05,1818898.8015852822
2024-07-06,1870576.6167458224
2024-07-07,1793864.7258607848
2024-07-08,1820938.4153685928
2024-07-09,1863883.3312746158
2024-07-10,1853562.6029649242
2024-07-11,1841456.2493011728
2024-07-12,1859596.0322767005
2024-07-13,1901896.8258197953
2024-07-14,1952877.8585638076
2024-07-15,2079608.1307252315
2024-07-16,2085700.7021198717
2024-07-17,2018570.3155507671
2024-07-18,2066799.913668376
2024-07-19,2197150.178851103
2024-07-20,2255547.0976529648
2024-07-21,2396586.0845806752
2024-07-22,2324632.7381998096
2024-07-23,2245770.82776426
2024-07-24,2312249.463007451
2024-07-25,2231432.2985941605
2024-07-26,2378076.3469247282
2024-07-27,2387070.515222336
2024-07-28,2401930.445453167
2024-07-29,2370776.7320744954
2024-07-30,2462098.9619536484
2024-07-31,2443586.5003474844
2024-08-01,2459493.782424419
2024-08-02,2312846.81941804
2024-08-03,2284748.7907239753
2024-08-04,2188568.0079722363
2024-08-05,2033368.5831620703
2024-08-06,2109978.084157832
2024-08-07,2074914.352137549
2024-08-08,2323670.887078536
2024-08-09,2291918.7003366295
2024-08-10,2294639.1818637094
2024-08-11,2210845.7793430747
2024-08-12,2234892.5822101156
2024-08-13,2281890.2514226087
2024-08-14,2209916.9462454217
2024-08-15,2166803.6684177765
2024-08-16,2217281.891193719
2024-08-17,2240032.199362146
2024-08-18,2200172.192636548
2024-08-19,2238769.820238762
2024-08-20,2222322.371868896
2024-08-21,2303013.3365249857
2024-08-22,2273515.0462930007
2024-08-23,2412835.1800326626
2024-08-24,2416335.398336025
2024-08-25,2419492.2586644855
2024-08-26,2366243.535879061
2024-08-27,2304243.559658287
2024-08-28,2307173.892210459
2024-08-29,2333546.8851800086
2024-08-30,2332081.7189039225
2024-08-31,2299848.060830028
2024-09-01,2225559.2725256286
2024-09-02,2297076.6254374287
2024-09-03,2232124.7897797916
2024-09-04,2251372.204019907
2024-09-05,2180877.886575739
2024-09-06,2094595.52749218
2024-09-07,2102918.997080014
2024-09-08,2130659.0872314977
2024-09-09,2215534.382670741
2024-09-10,2238275.715157055
2024-09-11,2227086.27111992
2024-09-12,2257620.3751737806
2024-09-13,2351105.586215708
2024-09-14,2330336.617456332
2024-09-15,2296396.675893806
2024-09-16,2260315.22323103
2024-09-17,2342309.275979269
2024-09-18,2398772.5556848384
2024-09-19,2444892.899820825
2024-09-20,2454525.2342456295
2024-09-21,2460415.845921203
2024-09-22,2469124.7871644306
2024-09-23,2459592.6358518414
2024-09-24,2784899.7588324808
2024-09-25,2709589.756301512
2024-09-26,2616654.0084973383
2024-09-27,2643893.796646838
2024-09-28,2691964.0110283075
2024-09-29,2805730.185064452
2024-09-30,2832969.9732139506
2024-10-01,2805730.1850644513
2024-10-02,2962759.5520439176
2024-10-03,2955973.644898444
2024-10-04,3021818.3374353587
2024-10-05,3020114.703546197
2024-10-06,3057371.3738891315
2024-10-07,3027474.968685349
2024-10-08,3023525.363298373
2024-10-09,2948388.2149324273
2024-10-10,2933553.014111238
2024-10-11,3042419.7561563533
2024-10-12,3075493.3384621143
2024-10-13,3058822.9604234765
2024-10-14,3215222.787687329
2024-10-15,3263715.070544781
2024-10-16,3290482.086538976
2024-10-17,3280464.773400826
2024-10-18,3329945.939871605
2024-10-19,3327240.62293928
2024-10-20,3358917.0178169603
2024-10-21,3277995.9709547595
2024-10-22,3173940.0972296274
2024-10-23,3180788.2782274433
2024-10-24,3224160.0912136137
2024-10-25,2986756.4832893135
2024-10-26,3121437.376246369
2024-10-27,3276662.8121968727
2024-10-28,3671574.5830709487
2024-10-29,4000287.2709661336
2024-10-30,3829082.7460207245
2024-10-31,3671574.583070948
2024-11-01,3619071.8620876893
2024-11-02,3628202.770084778
2024-11-03,3441019.156144464
2024-11-04,3598527.3190942407
2024-11-05,3866910.9376494586
2024-11-06,4474247.722856894
2024-11-07,4399183.625808783
2024-11-08,4597079.88166289
2024-11-09,4983773.714941032
2024-11-10,6321279.4441619
2024-11-11,8004534.953725578
2024-11-12,8652815.791868346
2024-11-13,9091827.026119413
2024-11-14,8247924.601730055
2024-11-15,8680111.827158567
2024-11-16,8286593.98505787
2024-11-17,8350284.734068387
2024-11-18,8450370.1967992
2024-11-19,8416568.661221739
2024-11-20,8996210.102676041
2024-11-21,9528459.476590054
2024-11-22,12375629.072664332
2024-11-23,19006872.98464783
2024-11-24,19524540.18393406
2024-11-25,17515845.6289572
2024-11-26,15955552.943784613
2024-11-27,17614275.307694722
2024-11-28,18186625.661835138
2024-11-29,19954714.335453607
2024-11-30,19123530.381670076
2024-12-01,20344787.506746754
2024-12-02,19626615.40632853
2024-12-03,19742518.00453019
2024-12-04,20242150.013689283
2024-12-05,19892683.190708842
2024-12-06,20478022.883049957
2024-12-07,20483869.797122497
2024-12-08,20743889.742446948
2024-12-09,19951238.769445866
2024-12-10,19811196.842314586
2024-12-11,20746618.713957053
2024-12-12,20507660.830800276
2024-12-13,20793276.71780729
2024-12-14,20787754.97530232
2024-12-15,21409612.669510074
2024-12-16,21752207.67056577
2024-12-17,22379938.518133786
2024-12-18,20121560.41793018
2024-12-19,19491315.366710566
2024-12-20,19858958.313255336
2024-12-21,19482561.9632214
2024-12-22,19176192.841100756
2024-12-23,19683890.24347211
2024-12-24,20398363.44137935
2024-12-25,20553956.324420016
2024-12-26,19790485.08313653
2024-12-27,19476840.17146604
2024-12-28,19678319.797328614
2024-12-29,19351132.96906922
2024-12-30,19160333.179878455
2024-12-31,19314401.70550842
2025-01-01,19521323.15600773
2025-01-02,20040100.316617604
2025-01-03,20295479.849399798
2025-01-04,20311588.423634846
2025-01-05,20339152.3056999
2025-01-06,21152997.49548333
2025-01-07,20048687.09587148
2025-01-08,19657524.29682923
2025-01-09,19139890.882479724
2025-01-10,19587049.590880804
2025-01-11,19558025.85397024
2025-01-12,19544732.097317748
2025-01-13,19547211.751055513
2025-01-14,20587932.2663516
2025-01-15,21351738.67673832
2025-01-16,21238395.800442196
2025-01-17,22119633.944234543
2025-01-18,22187968.985232107
2025-01-19,21501406.472140204
2025-01-20,21701081.551515646
2025-01-21,22555695.071668904
2025-01-22,22025350.399576552
2025-01-23,22081828.812935755
2025-01-24,22278244.86604183
2025-01-25,22252302.76099319
2025-01-26,21792408.937528774
2025-01-27,21683374.45983483
2025-01-28,21603538.336983293
2025-01-29,21688710.34795482
2025-01-30,21809299.812013295
2025-01-31,21322777.052346304
2025-02-01,20948025.097133115
2025-02-02,20330286.678585425
2025-02-03,21118256.608978838
2025-02-04,20357128.113162834
2025-02-05,20115415.06877856
2025-02-06,20100960.205320112
2025-02-07,20094394.73306378
2025-02-08,20082500.278887287
2025-02-09,20084583.994083416
2025-02-10,20287124.858087353
2025-02-11,19937925.28150411
2025-02-12,20373723.84085016
2025-02-13,20115222.66345247
2025-02-14,20297557.553347193
2025-02-15,20315771.68331853
2025-02-16,20011123.186225474
2025-02-17,19939852.856858794
2025-02-18,19906621.957331672
2025-02-19,20116931.669247504
2025-02-20,20471778.308541544
2025-02-21,20014782.665138572
2025-02-22,20104331.65453705
2025-02-23,20040563.465103704
2025-02-24,19054471.284604393
2025-02-25,18445034.83299187
2025-02-26,17512288.21389624
2025-02-27,17622397.31113536
2025-02-28,17552711.091983177
2025-03-01,17912416.213580593
2025-03-02,19624581.86774964
2025-03-03,17934974.67332765
2025-03-04,18163217.492916614
2025-03-05,18861678.36461617
2025-03-06,18720359.61646004
2025-03-07,18061466.079158574
2025-03-08,17948723.73917884
2025-03-09,16802597.030271307
2025-03-10,16353503.205300432
2025-03-11,17260639.717290685
2025-03-12,17415859.489172887
2025-03-13,16878030.587903198
2025-03-14,17484621.471344426
2025-03-15,17559653.277337614
2025-03-16,17188386.867075026
2025-03-17,17490793.45926979
2025-03-18,17218439.14015378
2025-03-19,18084757.267245498
2025-03-20,17522681.716615047
2025-03-21,17498154.04925431
2025-03-22,17451715.30435482
2025-03-23,17920969.56878629
2025-03-24,18218392.775114838
2025-03-25,17941921.717496417
2025-03-26,17597131.97286663
2025-03-27,18150911.189573005
2025-03-28,17638872.688219815
2025-03-29,17160283.938211307
2025-03-30,17141986.638330456
2025-03-31,17106436.88773797
2025-04-01,17654833.901341494
2025-04-02,17096253.180332087
2025-04-03,17235300.11459359
2025-04-04,17381253.408658963
2025-04-05,17307000.156703204
2025-04-06,16237898.156091476
2025-04-07,16399682.599716296
2025-04-08,15801119.35228929
2025-04-09,17113194.501312103
2025-04-10,16484902.069605246
2025-04-11,17278753.609169386
2025-04-12,17669587.238106363
2025-04-13,17350226.43979148
2025-04-14,17525288.458504405
2025-04-15,17331007.18593493
2025-04-16,17412076.17446642
2025-04-17,17601475.445732817
2025-04-18,17501294.955495786
2025-04-19,17625951.76126419
2025-04-20,17647833.736544527
2025-04-21,18134465.24419222
2025-04-22,18062646.14676139
2025-04-23,18205292.573936783
2025-04-24,18056147.38368243
2025-04-25,18009230.13294587
2025-04-26,17739971.522738475
2025-04-27,18470300.119745374
2025-04-28,18002896.532904506
2025-04-29,18205848.986368433
2025-04-30,17865851.11284758
2025-05-01,18100806.666416667
2025-05-02,17944991.694020446
2025-05-03,18188847.64111899
2025-05-04,18011205.668992586
2025-05-05,18097564.042307835
2025-05-06,18875569.076594267
2025-05-07,18369442.904569462
2025-05-08,18299025.490565483
2025-05-09,22062434.508432772
2025-05-10,21652402.360966187
2025-05-11,22638151.749790836
2025-05-12,22046234.43188172
2025-05-13,21802350.64346686
2025-05-14,22449132.682175882
2025-05-15,21532580.84130642
2025-05-16,21094884.876807828
2025-05-17,20844901.49518642
2025-05-18,20883354.207298186
2025-05-19,21354219.615660526
2025-05-20,21657591.504461452
2025-05-21,22140257.64710021
2025-05-22,25159730.674190566
2025-05-23,24700572.286016513
2025-05-24,24819051.994086854
2025-05-25,25486724.755927958
2025-05-26,26370461.168121878
2025-05-27,25403990.281112544
2025-05-28,23507663.793243397
2025-05-29,21948523.163477797
2025-05-30,21407550.561838195
2025-05-31,20558562.902020913
2025-06-01,20609351.144440718
2025-06-02,20811455.884985786
2025-06-03,20845690.675102443
2025-06-04,20757045.576061916
2025-06-05,20634677.287126105
2025-06-06,20012129.23373371
2025-06-07,20555304.249601196
2025-06-08,20805668.73411638
2025-06-09,20807793.54462543
2025-06-10,21707371.175500035
2025-06-11,21697755.433246702
2025-06-12,21395996.93336377
2025-06-13,20864292.503301878
2025-06-14,20877352.155644964
2025-06-15,20766579.87712385
2025-06-16,20780673.571901564
2025-06-17,20957007.54969923
2025-06-18,20837450.751903538
2025-06-19,20587546.36499886
2025-06-20,22394621.14994408
2025-06-21,22006481.14031026
2025-06-22,21630522.35231345
2025-06-23,21485065.016899284
2025-06-24,22481691.501731507
2025-06-25,22581041.997674085
2025-06-26,22851098.00755343
2025-06-27,22796653.48721785
2025-06-28,22816954.42401258
2025-06-29,22871003.627039324
2025-06-30,23098826.855881963
2025-07-01,21785150.572634753
2025-07-02,21587446.91203116
2025-07-03,21379093.136260778
2025-07-04,21456020.50134977
2025-07-05,22015711.281094965
2025-07-06,22147117.147654172
2025-07-07,22059988.393458758
2025-07-08,22077769.066724192
2025-07-09,22030028.1464994
2025-07-10,22936398.90492596
2025-07-11,22890359.748496726
2025-07-12,22876359.94587959
2025-07-13,22590730.940816678
2025-07-14,22661989.634816803
2025-07-15,21901033.41215076
2025-07-16,21564087.758569054
2025-07-17,21702080.147652943
2025-07-18,24055346.754446115
2025-07-19,21880719.421755858
2025-07-20,22086043.643714577
2025-07-21,22097851.56927602
2025-07-22,22623397.8845284
2025-07-23,22568916.299782667
2025-07-24,20415088.85908442
2025-07-25,20294782.4234849
2025-07-26,20624314.900210313
2025-07-27,20614820.083285112
2025-07-28,20870888.950561695
2025-07-29,19350795.731627528
2025-07-30,18850692.278939873
2025-07-31,18771936.74382121
2025-08-01,18430724.2503349
2025-08-02,18036382.790079534
2025-08-03,17927664.005104076
2025-08-04,18190655.744037274
2025-08-05,18340941.442384534
2025-08-06,18179338.356359523
2025-08-07,18322292.758998916
2025-08-08,18712792.43890097
2025-08-09,18588813.56853507
2025-08-10,18560297.166732796
2025-08-11,19001255.22117137
2025-08-12,18922541.44283098
2025-08-13,19150163.333999205
2025-08-14,19685223.09471937
2025-08-15,18863880.296294726
2025-08-16,18694079.558856577
2025-08-17,18719797.2557268
2025-08-18,18726428.086314674
2025-08-19,18521478.786169317
2025-08-20,17967363.247799102
2025-08-21,18202202.713284846
2025-08-22,17909380.789111644
2025-08-23,18613532.31337093
2025-08-24,18378658.56121774
2025-08-25,18066330.44794197
2025-08-26,17554258.81808351
2025-08-27,17818301.607532445
2025-08-28,17718470.36467436
2025-08-29,17927096.305993233
2025-08-30,17282617.908536114
2025-08-31,17330675.59240865
2025-09-01,17246461.88469264
2025-09-02,17391331.594864838
2025-09-03,17714343.65777891
2025-09-04,17797400.944222517
2025-09-05,17640190.83870854
2025-09-06,17630224.803969726
2025-09-07,17558056.01035824
2025-09-08,17705073.122112464
2025-09-09,17847363.787745066
2025-09-10,17771260.38734571
2025-09-11,18158060.681145355
2025-09-12,18401469.883985315
2025-09-13,18506136.616596125
2025-09-14,18475936.958329804
2025-09-15,18380820.80286373
2025-09-16,18384596.13425497
2025-09-17,18602157.193835557
2025-09-18,18553262.689611632
2025-09-19,18663118.620839916
2025-09-20,18425788.445703756
2025-09-21,18435300.375237443
2025-09-22,18369815.979685172
2025-09-23,18614742.61409121
2025-09-24,18628958.587427538
2025-09-25,18769348.477702625
2025-09-26,18044785.6421551
2025-09-27,18168956.11152733
2025-09-28,18159743.49701156
2025-09-29,18573451.27799247
2025-09-30,18933746.661168363
2025-10-01,18886364.870059475
2025-10-02,19631212.24582119
2025-10-03,19981845.405499004
2025-10-04,20254311.980801683
2025-10-05,20276061.179787565
2025-10-06,20463186.65073793
2025-10-07,21414625.686803445
2025-10-08,22944586.678350594
2025-10-09,22852730.018223528
2025-10-10,21964261.97515689
2025-10-11,19417253.607044414
2025-10-12,19896765.096644737
2025-10-13,20592225.685056243
2025-10-14,20598097.005539183
2025-10-15,20227326.93463771
2025-10-16,19787959.153523702
2025-10-17,19315558.25778453
2025-10-18,19022433.9889024
2025-10-19,19150299.449994653
2025-10-20,19413272.452433117
2025-10-21,19768307.543726295
2025-10-22,19388970.074793648
2025-10-23,19233895.00814937
2025-10-24,19668212.237515472
2025-10-25,19837873.046964392
2025-10-26,19949130.02489556
2025-10-27,20459514.47771437
2025-10-28,20407109.22564671
2025-10-29,20186840.803283278
2025-10-30,19667881.773069967
2025-10-31,19345122.248782035
2025-11-01,19583387.253967594
2025-11-02,19662066.184071265
2025-11-03,19775747.245368984
2025-11-04,20196354.512343325
2025-11-05,20975280.34900822
2025-11-06,21352202.9477674
2025-11-07,20824841.354297146
2025-11-08,21252754.477533426
2025-11-09,21024511.37931456
2025-11-10,21523851.408035167
2025-11-11,21771379.915021885
2025-11-12,21162916.38341545
2025-11-13,20865924.663612798
2025-11-14,20496249.07277933
2025-11-15,19407799.39694678
2025-11-16,19624891.779983167
2025-11-17,19398499.137184307
2025-11-18,18910426.693517264
2025-11-19,19071314.998357024
2025-11-20,18772054.917550996
2025-11-21,17803621.794572547
2025-11-22,17475249.001366816
2025-11-23,17399394.84135535
2025-11-24,17831128.83019134
2025-11-25,18128134.704145335
2025-11-26,17939304.386456534
2025-11-27,18589383.336371332
2025-11-28,18754750.85855681
2025-11-29,18687216.921558462
2025-11-30,18664836.45675161
2025-12-01,18575423.374800723
2025-12-02,17727918.83794191
2025-12-03,18768242.325880803
2025-12-04,19235616.957502622
2025-12-05,18931787.44551808
2025-12-06,18349576.20870084
2025-12-07,18336769.619160417
2025-12-08,18525417.269941557
2025-12-09,18618934.404965285
2025-12-10,19051473.375932954
2025-12-11,18903933.012218922
2025-12-12,19004414.086202394
2025-12-13,18555076.94294293
2025-12-14,18544838.36431441
2025-12-15,18128429.506812397
2025-12-16,17755127.45349098
2025-12-17,18044417.536961548
2025-12-18,17683425.58096646
2025-12-19,17557142.861117646
2025-12-20,18102353.123629805
2025-12-21,18152503.762038495
2025-12-22,18199653.554145735
2025-12-23,18181921.797082428
2025-12-24,17959056.082237538
2025-12-25,18007581.518086966
2025-12-26,17922759.33012216
2025-12-27,17938410.892045658
2025-12-28,18041358.97323957
2025-12-29,18044626.927356645
2025-12-30,17907715.516297296
2025-12-31,18166205.35973484
2026-01-01,17982426.638410304
2026-01-02,18230524.759549208
2026-01-03,18476798.27056828
2026-01-04,18613962.3128947
2026-01-05,18774094.63904432
2026-01-06,19298768.61227338
2026-01-07,19245361.45455845
2026-01-08,18750248.15758895
2026-01-09,18694024.495060902
2026-01-10,18595684.292937428
2026-01-11,18582765.301105622
2026-01-12,18660297.284001436
2026-01-13,18173784.367721897
2026-01-14,18970313.001708142
2026-01-15,17140010.1482686
2026-01-16,16902489.862657033
2026-01-17,15865093.601222727
2026-01-18,15095772.265026007
2026-01-19,15052586.874549925
2026-01-20,14809133.21230303
2026-01-21,15848225.292721065
2026-01-22,18526166.460067023
2026-01-23,18470305.64516595
2026-01-24,18463878.519923177
2026-01-25,18413802.27892125
2026-01-26,17870058.978001695
2026-01-27,18233208.018001214
2026-01-28,18418284.134153605
2026-01-29,18409586.299014393
2026-01-30,17461517.83818589
2026-01-31,17373016.38631155
2026-02-01,16254764.6630673
2026-02-02,15885423.44495634
2026-02-03,16263395.235676717
2026-02-04,15617396.814427141
2026-02-05,15108092.393067831
2026-02-06,12977559.813432008
2026-02-07,14561277.011525253
2026-02-08,14307901.83549918
2026-02-09,14565080.098969312
2026-02-10,14472999.87982978
2026-02-11,14201179.058355238
2026-02-12,13820788.387081388
2026-02-13,13665313.606159257
2026-02-14,14213353.745056596
2026-02-15,14404696.50829168
2026-02-16,14188103.872530615
2026-02-17,14227581.50182939
2026-02-18,13934735.345618445
2026-02-19,13721427.975266147
2026-02-20,13816886.621996203
2026-02-21,14034015.435214313
2026-02-22,14035587.727653844
2026-02-23,13954486.900898628
2026-02-24,13333506.808412334
2026-02-25,13229559.695612866
2026-02-26,14029286.757125715
2026-02-27,13930524.333282735
2026-02-28,13603250.642415034
2026-03-01,13835421.723418174
2026-03-02,13568048.691064794
2026-03-03,14218549.009837613
2026-03-04,14106554.237430697
2026-03-05,15004329.325662408
2026-03-06,14633755.43299037
2026-03-07,14070765.392263558
2026-03-08,13889669.642003372
2026-03-09,13634668.956989262
2026-03-10,15364955.433872681
2026-03-11,15062255.999456035
2026-03-12,16010953.234450102
2026-03-13,16498364.721143972
2026-03-14,16090324.700524803
2026-03-15,16732106.392865676
2026-03-16,16464308.539122313
2026-03-17,18008861.358797986
2026-03-18,18209740.340522166
2026-03-19,18627670.23883662
2026-03-20,17299024.345708705
2026-03-21,17466918.05671206
2026-03-22,17412031.79396635
2026-03-23,16955932.551174987
2026-03-24,17645643.05822226
2026-03-25,17553598.064053923
2026-03-26,17749713.42347369
2026-03-27,17120408.46505442
2026-03-28,16503113.655165534
2026-03-29,16503125.939907294
2026-03-30,16415499.326536302
2026-03-31,16597643.139616158
2026-04-01,16980640.170055587
2026-04-02,16944959.62428461
2026-04-03,16645722.863849327
2026-04-04,16657725.076110434
2026-04-05,16748830.883156696
2026-04-06,17168994.323935434
2026-04-07,17138665.671791337
2026-04-08,17913022.14407391
2026-04-09,17699349.10682244
2026-04-10,17862033.255568814
2026-04-11,18161175.253527153
2026-04-12,18181379.14909027
2026-04-13,17609671.79728283
2026-04-14,18544925.998577647
2026-04-15,18461919.641694453
2026-04-16,18624287.36745668
2026-04-17,18702854.891014062
2026-04-18,19195447.169138674
2026-04-19,18847021.027473155
2026-04-20,18381021.01865342
2026-04-21,22402414.365193304
