coin_id,symbol,name,current_price,current_market_cap,current_volume,current_rank,circulating_supply,categories,category_list,asset_platform_id,sector,metadata_available,validation_passed,latest_price_gap,median_price_gap,direct_market_cap_days,direct_price_days,history_days
bitcoin,BTC,Bitcoin,75699.0,1515152852412.0,43262328379.0,1.0,20018928.0,Smart Contract Platform | Layer 1 (L1) | FTX Holdings | Proof of Work (PoW) | Bitcoin Ecosystem | GMCI 30 Index | GMCI Index | Coinbase 50 Index,"['Smart Contract Platform', 'Layer 1 (L1)', 'FTX Holdings', 'Proof of Work (PoW)', 'Bitcoin Ecosystem', 'GMCI 30 Index', 'GMCI Index', 'Coinbase 50 Index']",,Store of Value,True,True,0.0013862347255157027,0.01186910285928868,365,365,5758
ethereum,ETH,Ethereum,2302.51,277796098715.0,15962843539.0,2.0,120690001.6228962,Smart Contract Platform | Layer 1 (L1) | Ethereum Ecosystem | FTX Holdings | Multicoin Capital Portfolio | Proof of Stake (PoS) | Alameda Research Portfolio | Andreessen Horowitz (a16z) Portfolio | GMCI Layer 1 Index | GMCI 30 Index | Delphi Ventures Portfolio | Galaxy Digital Portfolio | GMCI Index | World Liberty Financial Portfolio | Coinbase 50 Index,"['Smart Contract Platform', 'Layer 1 (L1)', 'Ethereum Ecosystem', 'FTX Holdings', 'Multicoin Capital Portfolio', 'Proof of Stake (PoS)', 'Alameda Research Portfolio', 'Andreessen Horowitz (a16z) Portfolio', 'GMCI Layer 1 Index', 'GMCI 30 Index', 'Delphi Ventures Portfolio', 'Galaxy Digital Portfolio', 'GMCI Index', 'World Liberty Financial Portfolio', 'Coinbase 50 Index']",,Smart Contract Platform / L1,True,True,0.0024057873788314653,0.01850274340612555,365,365,5758
ripple,XRP,XRP,1.43,87944651031.0,2434622317.0,4.0,61569680267.0,Smart Contract Platform | Layer 1 (L1) | FTX Holdings | Pantera Capital Portfolio | Andreessen Horowitz (a16z) Portfolio | XRP Ledger Ecosystem | GMCI 30 Index | Blockchain Capital Portfolio | GMCI Index | Made in USA | Coinbase 50 Index,"['Smart Contract Platform', 'Layer 1 (L1)', 'FTX Holdings', 'Pantera Capital Portfolio', 'Andreessen Horowitz (a16z) Portfolio', 'XRP Ledger Ecosystem', 'GMCI 30 Index', 'Blockchain Capital Portfolio', 'GMCI Index', 'Made in USA', 'Coinbase 50 Index']",,Payments,True,True,0.0019775801696516344,0.017233100865141158,365,365,5758
binancecoin,BNB,BNB,631.08,85130812268.0,1084490902.0,5.0,134786540.55,Smart Contract Platform | Exchange-based Tokens | BNB Chain Ecosystem | Centralized Exchange (CEX) Token | Layer 1 (L1) | Ethereum Ecosystem | Alleged SEC Securities | FTX Holdings | Proof of Stake (PoS) | GMCI Layer 1 Index | GMCI 30 Index | GMCI Index | Made in China,"['Smart Contract Platform', 'Exchange-based Tokens', 'BNB Chain Ecosystem', 'Centralized Exchange (CEX) Token', 'Layer 1 (L1)', 'Ethereum Ecosystem', 'Alleged SEC Securities', 'FTX Holdings', 'Proof of Stake (PoS)', 'GMCI Layer 1 Index', 'GMCI 30 Index', 'GMCI Index', 'Made in China']",,Exchange / Trading Infrastructure,True,True,0.002444423724554976,0.01379610702817558,365,365,5758
solana,SOL,Solana,85.7,49354817048.0,3184392521.0,7.0,575498999.4426552,Smart Contract Platform | Solana Ecosystem | Layer 1 (L1) | FTX Holdings | Multicoin Capital Portfolio | Proof of Stake (PoS) | Alameda Research Portfolio | Andreessen Horowitz (a16z) Portfolio | GMCI Layer 1 Index | GMCI 30 Index | Delphi Ventures Portfolio | GMCI Index | Polychain Capital Portfolio | Made in USA | Coinbase 50 Index | CoinList Launchpad,"['Smart Contract Platform', 'Solana Ecosystem', 'Layer 1 (L1)', 'FTX Holdings', 'Multicoin Capital Portfolio', 'Proof of Stake (PoS)', 'Alameda Research Portfolio', 'Andreessen Horowitz (a16z) Portfolio', 'GMCI Layer 1 Index', 'GMCI 30 Index', 'Delphi Ventures Portfolio', 'GMCI Index', 'Polychain Capital Portfolio', 'Made in USA', 'Coinbase 50 Index', 'CoinList Launchpad']",,Smart Contract Platform / L1,True,True,0.003949610751095564,0.022754203454883524,365,365,5758
tron,TRX,TRON,0.331479,31410698540.0,473762928.0,8.0,94778749337.0878,Smart Contract Platform | Layer 1 (L1) | Alleged SEC Securities | FTX Holdings | DWF Labs Portfolio | Tron Ecosystem | Proof of Stake (PoS) | GMCI Layer 1 Index | GMCI 30 Index | GMCI Index | World Liberty Financial Portfolio | Made in China,"['Smart Contract Platform', 'Layer 1 (L1)', 'Alleged SEC Securities', 'FTX Holdings', 'DWF Labs Portfolio', 'Tron Ecosystem', 'Proof of Stake (PoS)', 'GMCI Layer 1 Index', 'GMCI 30 Index', 'GMCI Index', 'World Liberty Financial Portfolio', 'Made in China']",,Smart Contract Platform / L1,True,True,0.0013783987308337929,0.008352031203737936,365,365,5758
dogecoin,DOGE,Dogecoin,0.094887,14599392802.0,1064278082.0,10.0,153922106383.7052,Smart Contract Platform | Meme | Dog-Themed | Elon Musk-Inspired | Proof of Work (PoW) | GMCI Meme Index | GMCI 30 Index | GMCI Index | Coinbase 50 Index | 4chan-Themed,"['Smart Contract Platform', 'Meme', 'Dog-Themed', 'Elon Musk-Inspired', 'Proof of Work (PoW)', 'GMCI Meme Index', 'GMCI 30 Index', 'GMCI Index', 'Coinbase 50 Index', '4chan-Themed']",,Meme,True,True,0.0017802113648784953,0.024914308383238343,365,365,5758
whitebit,WBT,WhiteBIT Coin,54.72,11678412208.0,76839511.0,11.0,213418274.0,Exchange-based Tokens | Centralized Exchange (CEX) Token | Ethereum Ecosystem | Tron Ecosystem,"['Exchange-based Tokens', 'Centralized Exchange (CEX) Token', 'Ethereum Ecosystem', 'Tron Ecosystem']",ethereum,Exchange / Trading Infrastructure,True,True,0.0017233616232391216,0.009964596932931832,365,365,5758
leo-token,LEO,LEO Token,10.36,9536017417.0,532121.0,14.0,920790382.9,Exchange-based Tokens | Centralized Exchange (CEX) Token | Ethereum Ecosystem | Sora Ecosystem,"['Exchange-based Tokens', 'Centralized Exchange (CEX) Token', 'Ethereum Ecosystem', 'Sora Ecosystem']",ethereum,Exchange / Trading Infrastructure,True,True,0.0003552385009429439,0.007249401178106704,365,365,5758
hyperliquid,HYPE,Hyperliquid,39.93,9523290439.0,344376010.0,13.0,238385315.9541414,Decentralized Exchange (DEX) | Smart Contract Platform | Exchange-based Tokens | Decentralized Finance (DeFi) | Derivatives | Perpetuals | Layer 1 (L1) | Proof of Stake (PoS) | Hyperliquid Ecosystem | Governance,"['Decentralized Exchange (DEX)', 'Smart Contract Platform', 'Exchange-based Tokens', 'Decentralized Finance (DeFi)', 'Derivatives', 'Perpetuals', 'Layer 1 (L1)', 'Proof of Stake (PoS)', 'Hyperliquid Ecosystem', 'Governance']",hyperliquid,Exchange / Trading Infrastructure,True,True,0.004078079001159645,0.028663901908777357,365,365,365
cardano,ADA,Cardano,0.248492,9185710657.0,388528418.0,15.0,36961467409.57048,Smart Contract Platform | Layer 1 (L1) | Cardano Ecosystem | Proof of Stake (PoS) | GMCI Layer 1 Index | GMCI 30 Index | GMCI Index | Made in USA | Coinbase 50 Index,"['Smart Contract Platform', 'Layer 1 (L1)', 'Cardano Ecosystem', 'Proof of Stake (PoS)', 'GMCI Layer 1 Index', 'GMCI 30 Index', 'GMCI Index', 'Made in USA', 'Coinbase 50 Index']",,Smart Contract Platform / L1,True,True,0.003193484972017741,0.02476050905839073,365,365,5758
bitcoin-cash,BCH,Bitcoin Cash,445.44,8931526249.0,167615626.0,16.0,20024171.77165078,Smart Contract Platform | Layer 1 (L1) | Bitcoin Fork | Proof of Work (PoW) | Coinbase 50 Index,"['Smart Contract Platform', 'Layer 1 (L1)', 'Bitcoin Fork', 'Proof of Work (PoW)', 'Coinbase 50 Index']",,Payments,True,True,0.0016176701503874903,0.019111749148378498,365,365,5758
memecore,M,MemeCore,4.21,7422769784.0,23441729.0,17.0,1760051900.920793,Smart Contract Platform | BNB Chain Ecosystem | Layer 1 (L1) | Meme | Binance Alpha Spotlight | MemeCore Ecosystem,"['Smart Contract Platform', 'BNB Chain Ecosystem', 'Layer 1 (L1)', 'Meme', 'Binance Alpha Spotlight', 'MemeCore Ecosystem']",,Smart Contract Platform / L1,True,True,0.0013091772661312266,0.03206278970034625,293,293,293
monero,XMR,Monero,370.79,6838727045.0,137801635.0,18.0,18446744.07370955,Smart Contract Platform | Privacy Coins | Layer 1 (L1) | Proof of Work (PoW) | Galaxy Digital Portfolio | Privacy,"['Smart Contract Platform', 'Privacy Coins', 'Layer 1 (L1)', 'Proof of Work (PoW)', 'Galaxy Digital Portfolio', 'Privacy']",,Privacy,True,True,0.0036181908044085435,0.019263748430550665,365,365,5758
chainlink,LINK,Chainlink,9.4,6830639644.0,299021134.0,19.0,727099970.4523476,Artificial Intelligence (AI) | Infrastructure | Decentralized Finance (DeFi) | Oracle | BNB Chain Ecosystem | Solana Ecosystem | Avalanche Ecosystem | Polygon Ecosystem | Near Protocol Ecosystem | Gnosis Chain Ecosystem | Fantom Ecosystem | Harmony Ecosystem | Arbitrum Ecosystem | Celo Ecosystem | Moonriver Ecosystem | Moonbeam Ecosystem | Ethereum Ecosystem | XDC Ecosystem | Cronos Ecosystem | Metis Ecosystem | Optimism Ecosystem | Kaia Ecosystem | ZkSync Ecosystem | Real World Assets (RWA) | Mantle Ecosystem | Linea Ecosystem | Base Ecosystem | Shibarium Ecosystem | Ronin Ecosystem | Starknet Ecosystem | Osmosis Ecosystem | Hedera Ecosystem | Scroll Ecosystem | Berachain Ecosystem | Merlin Chain Ecosystem | Blast Ecosystem | WEMIX Ecosystem | Cross-chain Communication | Mode Ecosystem | Zora Ecosystem | Bitlayer Ecosystem | Core Ecosystem | Energi Ecosystem | Sora Ecosystem | Polygon zkEVM Ecosystem | Huobi ECO Chain Ecosystem | Milkomeda (Cardano) Ecosystem | Astar Ecosystem | opBNB Ecosystem | Rootstock Ecosystem | NEO Ecosystem | Fraxtal Ecosystem | X Layer Ecosystem | GMCI DeFi Index | GMCI 30 Index | Sonic Ecosystem | Etherlink Ecosystem | RWA Protocol | GMCI Index | Optimism Superchain Ecosystem | Zircuit Ecosystem | Cronos zkEVM Ecosystem | Sei Network Ecosystem | Mint Ecosystem | World Chain Ecosystem | ApeChain Ecosystem | Bittensor Ecosystem | Kroma Ecosystem | BSquared Network Ecosystem | World Liberty Financial Portfolio | Abstract Ecosystem | Ink Ecosystem | Soneium Ecosystem | Lisk Ecosystem | Made in USA | Unichain Ecosystem | HyperEVM Ecosystem | Coinbase 50 Index | Corn Ecosystem | Chain Abstraction | Superseed Ecosystem | Lens Ecosystem | Plume Network Ecosystem | Hydration Ecosystem | Hemi Ecosystem | Katana Ecosystem | Botanix Ecosystem | TAC Ecosystem | HashKey Chain Ecosystem | Plasma Ecosystem | x402 Ecosystem | Monad Ecosystem | BOB Network Ecosystem | Henesys Ecosystem | Bittensor EVM Ecosystem | Privacy Infrastructure | Base Native | Privacy,"['Artificial Intelligence (AI)', 'Infrastructure', 'Decentralized Finance (DeFi)', 'Oracle', 'BNB Chain Ecosystem', 'Solana Ecosystem', 'Avalanche Ecosystem', 'Polygon Ecosystem', 'Near Protocol Ecosystem', 'Gnosis Chain Ecosystem', 'Fantom Ecosystem', 'Harmony Ecosystem', 'Arbitrum Ecosystem', 'Celo Ecosystem', 'Moonriver Ecosystem', 'Moonbeam Ecosystem', 'Ethereum Ecosystem', 'XDC Ecosystem', 'Cronos Ecosystem', 'Metis Ecosystem', 'Optimism Ecosystem', 'Kaia Ecosystem', 'ZkSync Ecosystem', 'Real World Assets (RWA)', 'Mantle Ecosystem', 'Linea Ecosystem', 'Base Ecosystem', 'Shibarium Ecosystem', 'Ronin Ecosystem', 'Starknet Ecosystem', 'Osmosis Ecosystem', 'Hedera Ecosystem', 'Scroll Ecosystem', 'Berachain Ecosystem', 'Merlin Chain Ecosystem', 'Blast Ecosystem', 'WEMIX Ecosystem', 'Cross-chain Communication', 'Mode Ecosystem', 'Zora Ecosystem', 'Bitlayer Ecosystem', 'Core Ecosystem', 'Energi Ecosystem', 'Sora Ecosystem', 'Polygon zkEVM Ecosystem', 'Huobi ECO Chain Ecosystem', 'Milkomeda (Cardano) Ecosystem', 'Astar Ecosystem', 'opBNB Ecosystem', 'Rootstock Ecosystem', 'NEO Ecosystem', 'Fraxtal Ecosystem', 'X Layer Ecosystem', 'GMCI DeFi Index', 'GMCI 30 Index', 'Sonic Ecosystem', 'Etherlink Ecosystem', 'RWA Protocol', 'GMCI Index', 'Optimism Superchain Ecosystem', 'Zircuit Ecosystem', 'Cronos zkEVM Ecosystem', 'Sei Network Ecosystem', 'Mint Ecosystem', 'World Chain Ecosystem', 'ApeChain Ecosystem', 'Bittensor Ecosystem', 'Kroma Ecosystem', 'BSquared Network Ecosystem', 'World Liberty Financial Portfolio', 'Abstract Ecosystem', 'Ink Ecosystem', 'Soneium Ecosystem', 'Lisk Ecosystem', 'Made in USA', 'Unichain Ecosystem', 'HyperEVM Ecosystem', 'Coinbase 50 Index', 'Corn Ecosystem', 'Chain Abstraction', 'Superseed Ecosystem', 'Lens Ecosystem', 'Plume Network Ecosystem', 'Hydration Ecosystem', 'Hemi Ecosystem', 'Katana Ecosystem', 'Botanix Ecosystem', 'TAC Ecosystem', 'HashKey Chain Ecosystem', 'Plasma Ecosystem', 'x402 Ecosystem', 'Monad Ecosystem', 'BOB Network Ecosystem', 'Henesys Ecosystem', 'Bittensor EVM Ecosystem', 'Privacy Infrastructure', 'Base Native', 'Privacy']",ethereum,Oracle / Middleware,True,True,0.003707992106530641,0.024711338544006704,365,365,5758
stellar,XLM,Stellar,0.176995,5872983271.0,165336023.0,20.0,33181207882.75406,Smart Contract Platform | Real World Assets (RWA) | Stellar Ecosystem | GMCI 30 Index | GMCI Index | Made in USA | Coinbase 50 Index,"['Smart Contract Platform', 'Real World Assets (RWA)', 'Stellar Ecosystem', 'GMCI 30 Index', 'GMCI Index', 'Made in USA', 'Coinbase 50 Index']",stellar,Payments,True,True,0.0021197480095870185,0.0210429065062533,365,365,5758
canton-network,CC,Canton,0.148821,5709386010.0,21966462.0,21.0,38355001075.0309,Smart Contract Platform | Layer 1 (L1) | Privacy Blockchain,"['Smart Contract Platform', 'Layer 1 (L1)', 'Privacy Blockchain']",,Smart Contract Platform / L1,True,True,0.0062903444441321996,0.02646337786081033,163,163,163
zcash,ZEC,Zcash,319.83,5349411156.0,350905768.0,22.0,16668787.6655448,Privacy Coins | Layer 1 (L1) | Near Protocol Ecosystem | Zero Knowledge (ZK) | Proof of Work (PoW) | Pantera Capital Portfolio | Made in USA | Coinbase 50 Index | Quantum-Resistant | Privacy,"['Privacy Coins', 'Layer 1 (L1)', 'Near Protocol Ecosystem', 'Zero Knowledge (ZK)', 'Proof of Work (PoW)', 'Pantera Capital Portfolio', 'Made in USA', 'Coinbase 50 Index', 'Quantum-Resistant', 'Privacy']",,Store of Value,True,True,0.007007793291555449,0.03208531199324432,365,365,5758
litecoin,LTC,Litecoin,55.45,4278871853.0,312187132.0,25.0,77084745.73347135,Infrastructure | Smart Contract Platform | Layer 1 (L1) | Proof of Work (PoW) | GMCI 30 Index | GMCI Index | Made in USA | Coinbase 50 Index,"['Infrastructure', 'Smart Contract Platform', 'Layer 1 (L1)', 'Proof of Work (PoW)', 'GMCI 30 Index', 'GMCI Index', 'Made in USA', 'Coinbase 50 Index']",,Payments,True,True,0.0005348860967039854,0.018264283189701944,365,365,5758
avalanche-2,AVAX,Avalanche,9.36,4039334038.0,299779613.0,27.0,431771961.1772119,Smart Contract Platform | Layer 1 (L1) | Avalanche Ecosystem | Proof of Stake (PoS) | DragonFly Capital Portfolio | DeFiance Capital Portfolio | Andreessen Horowitz (a16z) Portfolio | GMCI Layer 1 Index | GMCI 30 Index | Galaxy Digital Portfolio | GMCI Index | Polychain Capital Portfolio | World Liberty Financial Portfolio | Made in USA | Coinbase 50 Index,"['Smart Contract Platform', 'Layer 1 (L1)', 'Avalanche Ecosystem', 'Proof of Stake (PoS)', 'DragonFly Capital Portfolio', 'DeFiance Capital Portfolio', 'Andreessen Horowitz (a16z) Portfolio', 'GMCI Layer 1 Index', 'GMCI 30 Index', 'Galaxy Digital Portfolio', 'GMCI Index', 'Polychain Capital Portfolio', 'World Liberty Financial Portfolio', 'Made in USA', 'Coinbase 50 Index']",,Smart Contract Platform / L1,True,True,0.0063092202011357755,0.0246269317970592,365,365,5758
hedera-hashgraph,HBAR,Hedera,0.090085,3900574966.0,96515518.0,28.0,43323141652.06722,Smart Contract Platform | Layer 1 (L1) | Hedera Ecosystem | GMCI Layer 1 Index | GMCI 30 Index | GMCI Index | Outlier Ventures Portfolio | Made in USA | Directed Acyclic Graph (DAG),"['Smart Contract Platform', 'Layer 1 (L1)', 'Hedera Ecosystem', 'GMCI Layer 1 Index', 'GMCI 30 Index', 'GMCI Index', 'Outlier Ventures Portfolio', 'Made in USA', 'Directed Acyclic Graph (DAG)']",,Payments,True,True,0.004668250492363221,0.023448894772965342,365,365,5758
sui,SUI,Sui,0.944875,3736312381.0,343192369.0,29.0,3953388932.071221,Smart Contract Platform | Binance Launchpool | Layer 1 (L1) | Sui Ecosystem | Coinbase Ventures Portfolio | Proof of Stake (PoS) | Andreessen Horowitz (a16z) Portfolio | YZi Labs (Prev. Binance Labs) Portfolio | GMCI Layer 1 Index | Circle Ventures Portfolio | GMCI Index | Made in USA,"['Smart Contract Platform', 'Binance Launchpool', 'Layer 1 (L1)', 'Sui Ecosystem', 'Coinbase Ventures Portfolio', 'Proof of Stake (PoS)', 'Andreessen Horowitz (a16z) Portfolio', 'YZi Labs (Prev. Binance Labs) Portfolio', 'GMCI Layer 1 Index', 'Circle Ventures Portfolio', 'GMCI Index', 'Made in USA']",sui,Smart Contract Platform / L1,True,True,0.006426000804762262,0.027321698510200863,365,365,5758
rain,RAIN,Rain,0.00774441,3687562851.0,12065655.0,31.0,478368169431.06085,Gambling (GambleFi) | Decentralized Finance (DeFi) | Options | Prediction Markets | Arbitrum Ecosystem,"['Gambling (GambleFi)', 'Decentralized Finance (DeFi)', 'Options', 'Prediction Markets', 'Arbitrum Ecosystem']",arbitrum-one,DeFi,True,True,0.0021451979389403492,0.01900965475373216,223,223,223
shiba-inu,SHIB,Shiba Inu,6.07e-06,3580883262.0,96467011.0,32.0,589243464750655.8,Meme | Ethereum Ecosystem | Animoca Brands Portfolio | Dog-Themed | GMCI Meme Index | GMCI 30 Index | GMCI Index | Coinbase 50 Index,"['Meme', 'Ethereum Ecosystem', 'Animoca Brands Portfolio', 'Dog-Themed', 'GMCI Meme Index', 'GMCI 30 Index', 'GMCI Index', 'Coinbase 50 Index']",ethereum,Meme,True,True,0.004732024858263071,0.021685490413517645,365,365,5758
the-open-network,TON,Toncoin,1.38,3432102503.0,186659475.0,33.0,2490418716.445241,Smart Contract Platform | BNB Chain Ecosystem | Layer 1 (L1) | Ethereum Ecosystem | Animoca Brands Portfolio | Alleged SEC Securities | DWF Labs Portfolio | TON Ecosystem | Proof of Stake (PoS) | Pantera Capital Portfolio | GMCI Layer 1 Index | GMCI 30 Index | GMCI Index,"['Smart Contract Platform', 'BNB Chain Ecosystem', 'Layer 1 (L1)', 'Ethereum Ecosystem', 'Animoca Brands Portfolio', 'Alleged SEC Securities', 'DWF Labs Portfolio', 'TON Ecosystem', 'Proof of Stake (PoS)', 'Pantera Capital Portfolio', 'GMCI Layer 1 Index', 'GMCI 30 Index', 'GMCI Index']",the-open-network,Smart Contract Platform / L1,True,True,0.002719206910566424,0.01630860494926068,365,365,5758
crypto-com-chain,CRO,Cronos,0.070055,3050555428.0,9162689.0,34.0,43536939312.12652,Smart Contract Platform | Exchange-based Tokens | Centralized Exchange (CEX) Token | Layer 1 (L1) | Ethereum Ecosystem | GMCI Layer 1 Index | GMCI 30 Index | GMCI Index | Crypto Card Issuer,"['Smart Contract Platform', 'Exchange-based Tokens', 'Centralized Exchange (CEX) Token', 'Layer 1 (L1)', 'Ethereum Ecosystem', 'GMCI Layer 1 Index', 'GMCI 30 Index', 'GMCI Index', 'Crypto Card Issuer']",ethereum,Smart Contract Platform / L1,True,True,0.0019495830583476175,0.019082158034122835,365,365,5758
world-liberty-financial,WLFI,World Liberty Financial,0.079158,2514622744.0,46280015.0,37.0,31765768421.0,BNB Chain Ecosystem | Solana Ecosystem | Ethereum Ecosystem | Stablecoin Issuer | Made in USA | Trump-Affiliated,"['BNB Chain Ecosystem', 'Solana Ecosystem', 'Ethereum Ecosystem', 'Stablecoin Issuer', 'Made in USA', 'Trump-Affiliated']",ethereum,Other,True,True,0.0004703702018555192,0.024975236000005736,233,233,5758
bittensor,TAO,Bittensor,243.12,2335646118.0,167787947.0,39.0,9597491.0,Artificial Intelligence (AI) | Smart Contract Platform | Layer 1 (L1) | DePIN | Bittensor Ecosystem | Polychain Capital Portfolio,"['Artificial Intelligence (AI)', 'Smart Contract Platform', 'Layer 1 (L1)', 'DePIN', 'Bittensor Ecosystem', 'Polychain Capital Portfolio']",,Smart Contract Platform / L1,True,True,0.00470082109991695,0.029949559831630505,365,365,5758
polkadot,DOT,Polkadot,1.27,2141346104.0,168415714.0,42.0,1680246860.426158,Smart Contract Platform | Polkadot Ecosystem | BNB Chain Ecosystem | Arbitrum Ecosystem | Ethereum Ecosystem | Optimism Ecosystem | Base Ecosystem | Proof of Stake (PoS) | Layer 0 (L0) | Pantera Capital Portfolio | GMCI 30 Index | GMCI Index | Made in USA | Coinbase 50 Index | Governance | Base Native,"['Smart Contract Platform', 'Polkadot Ecosystem', 'BNB Chain Ecosystem', 'Arbitrum Ecosystem', 'Ethereum Ecosystem', 'Optimism Ecosystem', 'Base Ecosystem', 'Proof of Stake (PoS)', 'Layer 0 (L0)', 'Pantera Capital Portfolio', 'GMCI 30 Index', 'GMCI Index', 'Made in USA', 'Coinbase 50 Index', 'Governance', 'Base Native']",ethereum,Smart Contract Platform / L1,True,True,0.003681446873462943,0.025119846046977284,365,365,5758
uniswap,UNI,Uniswap,3.25,2058061102.0,168426281.0,44.0,633561603.6037512,Decentralized Exchange (DEX) | Exchange-based Tokens | Decentralized Finance (DeFi) | Yield Farming | Automated Market Maker (AMM) | BNB Chain Ecosystem | Avalanche Ecosystem | Polygon Ecosystem | Near Protocol Ecosystem | Gnosis Chain Ecosystem | Harmony Ecosystem | Arbitrum Ecosystem | Ethereum Ecosystem | Optimism Ecosystem | Paradigm Portfolio | Coinbase Ventures Portfolio | Index Coop Defi Index | Andreessen Horowitz (a16z) Portfolio | Energi Ecosystem | Sora Ecosystem | Huobi ECO Chain Ecosystem | GMCI DeFi Index | GMCI 30 Index | Blockchain Capital Portfolio | GMCI Index | Polychain Capital Portfolio | Made in USA | Unichain Ecosystem | Coinbase 50 Index | Governance,"['Decentralized Exchange (DEX)', 'Exchange-based Tokens', 'Decentralized Finance (DeFi)', 'Yield Farming', 'Automated Market Maker (AMM)', 'BNB Chain Ecosystem', 'Avalanche Ecosystem', 'Polygon Ecosystem', 'Near Protocol Ecosystem', 'Gnosis Chain Ecosystem', 'Harmony Ecosystem', 'Arbitrum Ecosystem', 'Ethereum Ecosystem', 'Optimism Ecosystem', 'Paradigm Portfolio', 'Coinbase Ventures Portfolio', 'Index Coop Defi Index', 'Andreessen Horowitz (a16z) Portfolio', 'Energi Ecosystem', 'Sora Ecosystem', 'Huobi ECO Chain Ecosystem', 'GMCI DeFi Index', 'GMCI 30 Index', 'Blockchain Capital Portfolio', 'GMCI Index', 'Polychain Capital Portfolio', 'Made in USA', 'Unichain Ecosystem', 'Coinbase 50 Index', 'Governance']",ethereum,DeFi,True,True,0.002118024115732283,0.026831858526413538,365,365,5758
sky,SKY,Sky,0.079351,1842792529.0,10855135.0,45.0,23201104761.08285,Decentralized Finance (DeFi) | Ethereum Ecosystem | Stablecoin Issuer | Hydration Ecosystem | Governance,"['Decentralized Finance (DeFi)', 'Ethereum Ecosystem', 'Stablecoin Issuer', 'Hydration Ecosystem', 'Governance']",ethereum,DeFi,True,True,0.00585815255964514,0.02563012582542155,365,365,5758
near,NEAR,NEAR Protocol,1.37,1776627837.0,163922112.0,47.0,1293473965.0,Artificial Intelligence (AI) | Smart Contract Platform | Layer 1 (L1) | Near Protocol Ecosystem | Alleged SEC Securities | FTX Holdings | Data Availability | Coinbase Ventures Portfolio | Multicoin Capital Portfolio | Proof of Stake (PoS) | Alameda Research Portfolio | DragonFly Capital Portfolio | Pantera Capital Portfolio | Andreessen Horowitz (a16z) Portfolio | GMCI Layer 1 Index | GMCI 30 Index | Circle Ventures Portfolio | GMCI Index | Made in USA | Coinbase 50 Index | Chain Abstraction | CoinList Launchpad | Privacy Infrastructure | Privacy,"['Artificial Intelligence (AI)', 'Smart Contract Platform', 'Layer 1 (L1)', 'Near Protocol Ecosystem', 'Alleged SEC Securities', 'FTX Holdings', 'Data Availability', 'Coinbase Ventures Portfolio', 'Multicoin Capital Portfolio', 'Proof of Stake (PoS)', 'Alameda Research Portfolio', 'DragonFly Capital Portfolio', 'Pantera Capital Portfolio', 'Andreessen Horowitz (a16z) Portfolio', 'GMCI Layer 1 Index', 'GMCI 30 Index', 'Circle Ventures Portfolio', 'GMCI Index', 'Made in USA', 'Coinbase 50 Index', 'Chain Abstraction', 'CoinList Launchpad', 'Privacy Infrastructure', 'Privacy']",,Smart Contract Platform / L1,True,True,0.0050952494159177955,0.027558286087213977,365,365,5758
okb,OKB,OKB,83.58,1755418075.0,13037835.0,48.0,21000000.0,Exchange-based Tokens | Centralized Exchange (CEX) Token | Ethereum Ecosystem | Sora Ecosystem | OKT Chain Ecosystem | GMCI 30 Index | GMCI Index | Made in China,"['Exchange-based Tokens', 'Centralized Exchange (CEX) Token', 'Ethereum Ecosystem', 'Sora Ecosystem', 'OKT Chain Ecosystem', 'GMCI 30 Index', 'GMCI Index', 'Made in China']",ethereum,Exchange / Trading Infrastructure,True,True,0.0019920906700556357,0.013380284640331488,365,365,5758
pi-network,PI,Pi Network,0.168609,1721241679.0,23192790.0,49.0,10202271341.24115,Layer 1 (L1) | Made in USA | Mobile Mining,"['Layer 1 (L1)', 'Made in USA', 'Mobile Mining']",,Smart Contract Platform / L1,True,True,0.0002789041109339353,0.01839858379646789,365,365,400
aster-2,ASTER,Aster,0.677375,1666102901.0,133730181.0,50.0,2458559719.12999,Decentralized Exchange (DEX) | Exchange-based Tokens | Decentralized Finance (DeFi) | BNB Chain Ecosystem | Perpetuals | Made in China,"['Decentralized Exchange (DEX)', 'Exchange-based Tokens', 'Decentralized Finance (DeFi)', 'BNB Chain Ecosystem', 'Perpetuals', 'Made in China']",binance-smart-chain,DeFi,True,True,1.5440531182822623e-05,0.02300039752344544,215,215,5758
htx-dao,HTX,HTX DAO,1.82e-06,1644315922.0,5324538.0,51.0,905707664073577.8,Exchange-based Tokens | BNB Chain Ecosystem | Centralized Exchange (CEX) Token | Ethereum Ecosystem | Tron Ecosystem,"['Exchange-based Tokens', 'BNB Chain Ecosystem', 'Centralized Exchange (CEX) Token', 'Ethereum Ecosystem', 'Tron Ecosystem']",tron,Exchange / Trading Infrastructure,True,True,0.0031426263694166383,0.008321616444654097,365,365,4121
pepe,PEPE,Pepe,3.78e-06,1590073814.0,370205595.0,52.0,420690000000000.0,BNB Chain Ecosystem | Avalanche Ecosystem | Meme | Arbitrum Ecosystem | Ethereum Ecosystem | Frog-Themed | GMCI Meme Index | GMCI Index | The Boy’s Club | 4chan-Themed,"['BNB Chain Ecosystem', 'Avalanche Ecosystem', 'Meme', 'Arbitrum Ecosystem', 'Ethereum Ecosystem', 'Frog-Themed', 'GMCI Meme Index', 'GMCI Index', 'The Boy’s Club', '4chan-Themed']",ethereum,Meme,True,True,0.012624722527608727,0.02872035065609803,365,365,5758
aave,AAVE,Aave,92.19,1402388194.0,596346621.0,55.0,15174755.407230124,Decentralized Finance (DeFi) | Yield Farming | BNB Chain Ecosystem | Lending/Borrowing Protocols | Avalanche Ecosystem | Polygon Ecosystem | Near Protocol Ecosystem | Fantom Ecosystem | Harmony Ecosystem | Arbitrum Ecosystem | Ethereum Ecosystem | Optimism Ecosystem | Base Ecosystem | Index Coop Defi Index | Stablecoin Issuer | Energi Ecosystem | Sora Ecosystem | Huobi ECO Chain Ecosystem | GMCI DeFi Index | Blockchain Capital Portfolio | GMCI Index | World Liberty Financial Portfolio | Coinbase 50 Index | Hydration Ecosystem | Governance | Base Native,"['Decentralized Finance (DeFi)', 'Yield Farming', 'BNB Chain Ecosystem', 'Lending/Borrowing Protocols', 'Avalanche Ecosystem', 'Polygon Ecosystem', 'Near Protocol Ecosystem', 'Fantom Ecosystem', 'Harmony Ecosystem', 'Arbitrum Ecosystem', 'Ethereum Ecosystem', 'Optimism Ecosystem', 'Base Ecosystem', 'Index Coop Defi Index', 'Stablecoin Issuer', 'Energi Ecosystem', 'Sora Ecosystem', 'Huobi ECO Chain Ecosystem', 'GMCI DeFi Index', 'Blockchain Capital Portfolio', 'GMCI Index', 'World Liberty Financial Portfolio', 'Coinbase 50 Index', 'Hydration Ecosystem', 'Governance', 'Base Native']",ethereum,DeFi,True,True,0.004325170663215772,0.02949777122247699,365,365,5758
internet-computer,ICP,Internet Computer,2.47,1361733923.0,35461003.0,56.0,551896472.1523736,Artificial Intelligence (AI) | Infrastructure | Smart Contract Platform | Layer 1 (L1) | Ethereum Ecosystem | Internet Computer Ecosystem | Base Ecosystem | Alleged SEC Securities | Multicoin Capital Portfolio | Layer 0 (L0) | Andreessen Horowitz (a16z) Portfolio | GMCI Layer 1 Index | GMCI 30 Index | Blockchain Capital Portfolio | GMCI Index | Polychain Capital Portfolio | Coinbase 50 Index | Governance | Base Native,"['Artificial Intelligence (AI)', 'Infrastructure', 'Smart Contract Platform', 'Layer 1 (L1)', 'Ethereum Ecosystem', 'Internet Computer Ecosystem', 'Base Ecosystem', 'Alleged SEC Securities', 'Multicoin Capital Portfolio', 'Layer 0 (L0)', 'Andreessen Horowitz (a16z) Portfolio', 'GMCI Layer 1 Index', 'GMCI 30 Index', 'Blockchain Capital Portfolio', 'GMCI Index', 'Polychain Capital Portfolio', 'Coinbase 50 Index', 'Governance', 'Base Native']",internet-computer,Smart Contract Platform / L1,True,True,0.0031132649727997116,0.025354026440390424,365,365,5758
bitget-token,BGB,Bitget Token,1.9,1329292631.0,152121581.0,58.0,699992035.9787906,Exchange-based Tokens | Centralized Exchange (CEX) Token | Ethereum Ecosystem | DragonFly Capital Portfolio | Morph L2 Ecosystem | Made in China,"['Exchange-based Tokens', 'Centralized Exchange (CEX) Token', 'Ethereum Ecosystem', 'DragonFly Capital Portfolio', 'Morph L2 Ecosystem', 'Made in China']",ethereum,Exchange / Trading Infrastructure,True,True,0.002754468826919391,0.012221724607566141,365,365,5758
ethereum-classic,ETC,Ethereum Classic,8.48,1326777625.0,33928489.0,59.0,156392711.0162441,Smart Contract Platform | Layer 1 (L1) | Proof of Work (PoW) | Coinbase 50 Index,"['Smart Contract Platform', 'Layer 1 (L1)', 'Proof of Work (PoW)', 'Coinbase 50 Index']",,Store of Value,True,True,0.002081932825580113,0.022846455379612416,365,365,5758
render-token,RENDER,Render,1.79,928908961.0,80930450.0,73.0,518743261.0140742,Artificial Intelligence (AI) | NFT | Metaverse | Solana Ecosystem | Ethereum Ecosystem | DePIN | Multicoin Capital Portfolio | Alameda Research Portfolio | GMCI DePIN Index | GMCI 30 Index | GMCI Index | Made in USA | Coinbase 50 Index,"['Artificial Intelligence (AI)', 'NFT', 'Metaverse', 'Solana Ecosystem', 'Ethereum Ecosystem', 'DePIN', 'Multicoin Capital Portfolio', 'Alameda Research Portfolio', 'GMCI DePIN Index', 'GMCI 30 Index', 'GMCI Index', 'Made in USA', 'Coinbase 50 Index']",ethereum,Oracle / Middleware,True,True,0.002641160271008775,0.03153824390365814,365,365,5758
algorand,ALGO,Algorand,0.104089,926994774.0,29557112.0,74.0,8904767006.378256,Smart Contract Platform | Layer 1 (L1) | Algorand Ecosystem | Real World Assets (RWA) | DWF Labs Portfolio | Multicoin Capital Portfolio | Proof of Stake (PoS) | GMCI Layer 1 Index | GMCI Index | Made in USA | Coinbase 50 Index | CoinList Launchpad,"['Smart Contract Platform', 'Layer 1 (L1)', 'Algorand Ecosystem', 'Real World Assets (RWA)', 'DWF Labs Portfolio', 'Multicoin Capital Portfolio', 'Proof of Stake (PoS)', 'GMCI Layer 1 Index', 'GMCI Index', 'Made in USA', 'Coinbase 50 Index', 'CoinList Launchpad']",,Smart Contract Platform / L1,True,True,0.001281875050370341,0.024534527930360622,365,365,5758
arbitrum,ARB,Arbitrum,0.127215,768404106.0,65100819.0,80.0,6040824145.0,Smart Contract Platform | Arbitrum Ecosystem | Ethereum Ecosystem | Arbitrum Nova Ecosystem | Layer 2 (L2) | eGirl Capital Portfolio | Rollup | Alameda Research Portfolio | Pantera Capital Portfolio | GMCI Layer 2 Index | GMCI 30 Index | GMCI Index | Polychain Capital Portfolio | Made in USA | Governance,"['Smart Contract Platform', 'Arbitrum Ecosystem', 'Ethereum Ecosystem', 'Arbitrum Nova Ecosystem', 'Layer 2 (L2)', 'eGirl Capital Portfolio', 'Rollup', 'Alameda Research Portfolio', 'Pantera Capital Portfolio', 'GMCI Layer 2 Index', 'GMCI 30 Index', 'GMCI Index', 'Polychain Capital Portfolio', 'Made in USA', 'Governance']",arbitrum-one,Smart Contract Platform / L1,True,True,0.005726586441581302,0.029035081444487906,365,365,5758
filecoin,FIL,Filecoin,0.928802,718746194.0,74386871.0,83.0,772906829.0,Infrastructure | Smart Contract Platform | Storage | Layer 1 (L1) | DePIN | Alleged SEC Securities | Pantera Capital Portfolio | GMCI DePIN Index | GMCI 30 Index | Sequoia Capital Portfolio | Blockchain Capital Portfolio | GMCI Index | Made in USA | CoinList Launchpad,"['Infrastructure', 'Smart Contract Platform', 'Storage', 'Layer 1 (L1)', 'DePIN', 'Alleged SEC Securities', 'Pantera Capital Portfolio', 'GMCI DePIN Index', 'GMCI 30 Index', 'Sequoia Capital Portfolio', 'Blockchain Capital Portfolio', 'GMCI Index', 'Made in USA', 'CoinList Launchpad']",,Oracle / Middleware,True,True,0.002100625762320765,0.026072630084901745,365,365,5758
vechain,VET,VeChain,0.00714469,614386926.0,14096076.0,89.0,85985041177.0,Internet of Things (IOT) | Smart Contract Platform | Layer 1 (L1) | VeChain Ecosystem | Made in China,"['Internet of Things (IOT)', 'Smart Contract Platform', 'Layer 1 (L1)', 'VeChain Ecosystem', 'Made in China']",vechain,Payments,True,True,0.003164075323901519,0.024875416455057548,365,365,5758
tezos,XTZ,Tezos,0.366814,397157142.0,10037800.0,118.0,1082265533.327062,Smart Contract Platform | Layer 1 (L1) | Tezos Ecosystem | Proof of Stake (PoS) | GMCI Layer 1 Index | GMCI Index | Privacy Blockchain | Polychain Capital Portfolio | Made in USA | Coinbase 50 Index | Governance,"['Smart Contract Platform', 'Layer 1 (L1)', 'Tezos Ecosystem', 'Proof of Stake (PoS)', 'GMCI Layer 1 Index', 'GMCI Index', 'Privacy Blockchain', 'Polychain Capital Portfolio', 'Made in USA', 'Coinbase 50 Index', 'Governance']",,Smart Contract Platform / L1,True,True,0.0009060880824483311,0.022633439721603185,365,365,5758
injective-protocol,INJ,Injective,3.27,327154015.0,43251210.0,133.0,100000000.0,Smart Contract Platform | Decentralized Finance (DeFi) | BNB Chain Ecosystem | Cosmos Ecosystem | Layer 1 (L1) | Terra Ecosystem | Ethereum Ecosystem | Real World Assets (RWA) | Binance Launchpad | Osmosis Ecosystem | Proof of Stake (PoS) | Pantera Capital Portfolio | Secret Ecosystem | YZi Labs (Prev. Binance Labs) Portfolio | GMCI Layer 1 Index | GMCI Index | Made in USA | Coinbase 50 Index,"['Smart Contract Platform', 'Decentralized Finance (DeFi)', 'BNB Chain Ecosystem', 'Cosmos Ecosystem', 'Layer 1 (L1)', 'Terra Ecosystem', 'Ethereum Ecosystem', 'Real World Assets (RWA)', 'Binance Launchpad', 'Osmosis Ecosystem', 'Proof of Stake (PoS)', 'Pantera Capital Portfolio', 'Secret Ecosystem', 'YZi Labs (Prev. Binance Labs) Portfolio', 'GMCI Layer 1 Index', 'GMCI Index', 'Made in USA', 'Coinbase 50 Index']",ethereum,Smart Contract Platform / L1,True,True,0.006562954414857705,0.03169698673619659,365,365,5758
the-graph,GRT,The Graph,0.02482651,268195477.0,20317272.0,149.0,10796960507.18072,Artificial Intelligence (AI) | Infrastructure | Analytics | Avalanche Ecosystem | Polygon Ecosystem | Near Protocol Ecosystem | Harmony Ecosystem | Arbitrum Ecosystem | Ethereum Ecosystem | DePIN | Coinbase Ventures Portfolio | Multicoin Capital Portfolio | Proof of Stake (PoS) | Energi Ecosystem | Sora Ecosystem | Made in USA | Coinbase 50 Index,"['Artificial Intelligence (AI)', 'Infrastructure', 'Analytics', 'Avalanche Ecosystem', 'Polygon Ecosystem', 'Near Protocol Ecosystem', 'Harmony Ecosystem', 'Arbitrum Ecosystem', 'Ethereum Ecosystem', 'DePIN', 'Coinbase Ventures Portfolio', 'Multicoin Capital Portfolio', 'Proof of Stake (PoS)', 'Energi Ecosystem', 'Sora Ecosystem', 'Made in USA', 'Coinbase 50 Index']",ethereum,Oracle / Middleware,True,True,0.000664561810183089,0.02764416874862724,365,365,5758
optimism,OP,Optimism,0.123644,263455782.0,50548542.0,152.0,2130010053.0,Smart Contract Platform | Optimism Ecosystem | Layer 2 (L2) | Paradigm Portfolio | Rollup | Andreessen Horowitz (a16z) Portfolio | GMCI Layer 2 Index | GMCI Index | Optimism Superchain Ecosystem | Made in USA | Governance,"['Smart Contract Platform', 'Optimism Ecosystem', 'Layer 2 (L2)', 'Paradigm Portfolio', 'Rollup', 'Andreessen Horowitz (a16z) Portfolio', 'GMCI Layer 2 Index', 'GMCI Index', 'Optimism Superchain Ecosystem', 'Made in USA', 'Governance']",optimistic-ethereum,Smart Contract Platform / L1,True,True,0.004865700169839839,0.03011980490724381,365,365,5758
theta-token,THETA,Theta Network,0.219427,220108300.0,32285770.0,166.0,1000000000.0,Artificial Intelligence (AI) | Smart Contract Platform | Layer 1 (L1) | DePIN | Theta Ecosystem | Blockchain Capital Portfolio | Made in USA,"['Artificial Intelligence (AI)', 'Smart Contract Platform', 'Layer 1 (L1)', 'DePIN', 'Theta Ecosystem', 'Blockchain Capital Portfolio', 'Made in USA']",,Smart Contract Platform / L1,True,True,0.0027350868490108485,0.028654308043307666,365,365,5758
neo,NEO,NEO,2.84,200841493.0,6547337.0,175.0,70530000.0,Smart Contract Platform | Proof of Stake (PoS) | Made in China,"['Smart Contract Platform', 'Proof of Stake (PoS)', 'Made in China']",,Smart Contract Platform / L1,True,True,0.000862419079210198,0.02545747030568838,365,365,5758
axie-infinity,AXS,Axie Infinity,1.1,187570793.0,19265955.0,186.0,169945176.2030289,Gaming (GameFi) | NFT | BNB Chain Ecosystem | Axie Infinity Ecosystem | Metaverse | Play To Earn | Harmony Ecosystem | Ethereum Ecosystem | Animoca Brands Portfolio | Alleged SEC Securities | Binance Launchpad | Ronin Ecosystem | Card Games | Breeding | Paradigm Portfolio | Gaming Governance Token | Gaming Utility Token | Andreessen Horowitz (a16z) Portfolio | Energi Ecosystem | YZi Labs (Prev. Binance Labs) Portfolio | Consensys Portfolio | Coinbase 50 Index,"['Gaming (GameFi)', 'NFT', 'BNB Chain Ecosystem', 'Axie Infinity Ecosystem', 'Metaverse', 'Play To Earn', 'Harmony Ecosystem', 'Ethereum Ecosystem', 'Animoca Brands Portfolio', 'Alleged SEC Securities', 'Binance Launchpad', 'Ronin Ecosystem', 'Card Games', 'Breeding', 'Paradigm Portfolio', 'Gaming Governance Token', 'Gaming Utility Token', 'Andreessen Horowitz (a16z) Portfolio', 'Energi Ecosystem', 'YZi Labs (Prev. Binance Labs) Portfolio', 'Consensys Portfolio', 'Coinbase 50 Index']",ethereum,Other,True,True,0.005892974132926007,0.027307665616287342,365,365,5758
decentraland,MANA,Decentraland,0.091103,176437837.0,12804801.0,191.0,1935162021.5557714,Entertainment | Gaming (GameFi) | NFT | Metaverse | Polygon Ecosystem | Play To Earn | Ethereum Ecosystem | Animoca Brands Portfolio | Alleged SEC Securities | Simulation Games | Coinbase 50 Index,"['Entertainment', 'Gaming (GameFi)', 'NFT', 'Metaverse', 'Polygon Ecosystem', 'Play To Earn', 'Ethereum Ecosystem', 'Animoca Brands Portfolio', 'Alleged SEC Securities', 'Simulation Games', 'Coinbase 50 Index']",ethereum,Other,True,True,0.004122573510850668,0.02657397995907973,365,365,5758
immutable-x,IMX,Immutable,0.175042,147508128.0,20205012.0,218.0,842444578.3296283,Smart Contract Platform | Gaming (GameFi) | NFT | Play To Earn | Ethereum Ecosystem | Layer 2 (L2) | Zero Knowledge (ZK) | Animoca Brands Portfolio | Immutable zkEVM Ecosystem | Coinbase Ventures Portfolio | Rollup | Gaming Blockchains | GMCI 30 Index | GMCI Index | Gaming Marketplace | Coinbase 50 Index | CoinList Launchpad,"['Smart Contract Platform', 'Gaming (GameFi)', 'NFT', 'Play To Earn', 'Ethereum Ecosystem', 'Layer 2 (L2)', 'Zero Knowledge (ZK)', 'Animoca Brands Portfolio', 'Immutable zkEVM Ecosystem', 'Coinbase Ventures Portfolio', 'Rollup', 'Gaming Blockchains', 'GMCI 30 Index', 'GMCI Index', 'Gaming Marketplace', 'Coinbase 50 Index', 'CoinList Launchpad']",ethereum,Smart Contract Platform / L1,True,True,0.0005958335640955781,0.03221924268642858,365,365,5758
eos,EOS,EOS,0.082323,0.0,18167.51,,0.0,Smart Contract Platform | DWF Labs Portfolio | GMCI Layer 1 Index | GMCI Index | Made in USA | Coinbase 50 Index,"['Smart Contract Platform', 'DWF Labs Portfolio', 'GMCI Layer 1 Index', 'GMCI Index', 'Made in USA', 'Coinbase 50 Index']",,Smart Contract Platform / L1,True,True,0.005792614999667608,0.022770062171862455,365,365,5758
maker,MKR,Maker,1865.48,0.0,181319.0,,0.0,Decentralized Finance (DeFi) | Avalanche Ecosystem | Polygon Ecosystem | Ethereum Ecosystem | Real World Assets (RWA) | Paradigm Portfolio | Index Coop Defi Index | Stablecoin Issuer | DragonFly Capital Portfolio | Andreessen Horowitz (a16z) Portfolio | Energi Ecosystem | Sora Ecosystem | GMCI DeFi Index | RWA Protocol | GMCI Index | Polychain Capital Portfolio | Made in USA | Coinbase 50 Index | Governance,"['Decentralized Finance (DeFi)', 'Avalanche Ecosystem', 'Polygon Ecosystem', 'Ethereum Ecosystem', 'Real World Assets (RWA)', 'Paradigm Portfolio', 'Index Coop Defi Index', 'Stablecoin Issuer', 'DragonFly Capital Portfolio', 'Andreessen Horowitz (a16z) Portfolio', 'Energi Ecosystem', 'Sora Ecosystem', 'GMCI DeFi Index', 'RWA Protocol', 'GMCI Index', 'Polychain Capital Portfolio', 'Made in USA', 'Coinbase 50 Index', 'Governance']",ethereum,DeFi,True,True,0.03488079285230376,0.03339275670414581,365,365,5758
fantom,FTM,Fantom,0.04380057,0.0,2944.78,,0.0,Infrastructure | Smart Contract Platform | Layer 1 (L1) | Alameda Research Portfolio | GMCI Layer 1 Index | GMCI Index,"['Infrastructure', 'Smart Contract Platform', 'Layer 1 (L1)', 'Alameda Research Portfolio', 'GMCI Layer 1 Index', 'GMCI Index']",,Smart Contract Platform / L1,True,True,0.031034730721396696,0.0357908110013117,365,365,5758
