,btc_above_ma,tracked_total_mcap_above_ma,bull,tracked_total_market_cap,tracked_alt_market_cap
2022-11-21,False,False,False,60210283030198.55,59894789471047.29
2022-11-22,False,False,False,60943820624903.87,60619557811795.53
2022-11-23,False,False,False,59706805234892.96,59374680601242.77
2022-11-24,False,False,False,66981286341043.875,66649212153725.17
2022-11-25,False,False,False,68324131141427.36,67993661027339.68
2022-11-26,False,False,False,66139372170230.44,65810039100439.8
2022-11-27,False,False,False,62775993740473.18,62447274434382.31
2022-11-28,False,False,False,58560542041126.42,58236103866961.01
2022-11-29,False,False,False,61768172551542.95,61439234644682.305
2022-11-30,False,False,False,84662390491794.84,84318827953215.06
2022-12-01,False,False,False,83728088988714.27,83388204027736.77
2022-12-02,False,False,False,74908884178286.47,74566680087347.48
2022-12-03,False,False,False,73507393062480.48,73169316362266.22
2022-12-04,False,False,False,73477342062764.06,73134792254307.3
2022-12-05,False,False,False,73681393184583.05,73341744440554.58
2022-12-06,False,False,False,61875375400659.586,61533330856253.125
2022-12-07,False,False,False,62238527922377.56,61901461349896.2
2022-12-08,False,False,False,66290740890143.72,65945903780958.44
2022-12-09,False,False,False,65444110275367.125,65101258389473.0
2022-12-10,False,False,False,68512811283987.07,68169912555070.84
2022-12-11,False,False,False,76116424134184.22,75774213236994.16
2022-12-12,False,False,False,83725866400004.66,83381376809991.84
2022-12-13,False,False,False,81896446980296.52,81540613771949.88
2022-12-14,False,False,False,82187115034927.67,81830760347638.47
2022-12-15,False,False,False,75401930992969.67,75054427635018.14
2022-12-16,False,False,False,73384396651009.12,73050921577072.34
2022-12-17,False,False,False,73981918536937.16,73645999017945.6
2022-12-18,False,False,False,73686962718270.73,73351800094435.34
2022-12-19,False,False,False,72074328396248.88,71745170287147.61
2022-12-20,False,False,False,74112731726292.45,73774398590559.8
2022-12-21,False,False,False,73940887327860.89,73604155462785.28
2022-12-22,False,False,False,73773959538654.06,73437330167712.27
2022-12-23,False,False,False,73731428719449.42,73395500792735.94
2022-12-24,False,False,False,73521952868587.58,73184900108792.22
2022-12-25,False,False,False,72806343192911.31,72469451781303.17
2022-12-26,False,False,False,65288041194384.8,64949408783788.74
2022-12-27,False,False,False,63683109761483.69,63348791913516.88
2022-12-28,False,False,False,57073409712987.07,56742296207989.055
2022-12-29,False,False,False,61237167906233.75,60904237332382.875
2022-12-30,False,False,False,71112829336965.98,70780534747222.8
2022-12-31,False,False,False,71279552659652.69,70948622523065.95
2023-01-01,False,False,False,71787240413193.78,71454657558699.23
2023-01-02,False,False,False,67674217791365.08,67340509703420.945
2023-01-03,False,False,False,66498209322309.46,66164499632894.484
2023-01-04,False,False,False,72816698628666.36,72479452491266.95
2023-01-05,False,False,False,70795954647076.77,70459127894853.83
2023-01-06,False,False,False,71895928799872.39,71556694036056.3
2023-01-07,False,False,False,62732946179449.625,62393780078695.836
2023-01-08,False,False,False,62955676777680.586,62613045894762.5
2023-01-09,False,False,False,63258487013839.164,62914590568589.055
2023-01-10,False,False,False,73858995243969.42,73509825755791.78
2023-01-11,False,False,False,75562337591109.28,75203247791807.67
2023-01-12,False,False,False,72014345335547.22,71637018787044.81
2023-01-13,False,False,False,80201528744701.61,79802521283771.2
2023-01-14,False,False,False,80077185631279.34,79657709971715.2
2023-01-15,False,False,False,72593093904818.67,72175131234831.47
2023-01-16,False,False,False,74534478868594.77,74110310899466.77
2023-01-17,False,False,False,77221610656974.3,76798499658601.3
2023-01-18,False,False,False,70304097668541.04,69890148084297.28
2023-01-19,False,False,False,81165925267256.38,80743892058759.31
2023-01-20,False,False,False,85217802859900.27,84763861946369.03
2023-01-21,False,False,False,68485495916067.09,68029278511735.516
2023-01-22,False,False,False,71429188441841.73,70974471015136.52
2023-01-23,False,False,False,68284648734346.36,67825877984942.81
2023-01-24,False,False,False,65445281584946.34,64992109377418.74
2023-01-25,False,False,False,57567121939709.37,57105372254357.89
2023-01-26,False,False,False,54454492555040.74,53993886520053.52
2023-01-27,False,False,False,50425408812673.46,49963429516440.164
2023-01-28,False,False,False,55840508667027.21,55379464829948.86
2023-01-29,False,False,False,52676596145215.3,52201214339698.336
2023-01-30,False,False,False,50073179652741.875,49616093050111.4
2023-01-31,False,False,False,51430917134690.15,50967897883329.54
2023-02-01,False,False,False,55953460328470.99,55478413630727.49
2023-02-02,False,False,False,59184330676199.27,58714483153540.766
2023-02-03,False,False,False,58014967785451.94,57545792680362.75
2023-02-04,False,False,False,50994668954101.234,50527597981513.14
2023-02-05,False,False,False,50052544272763.01,49593306694609.34
2023-02-06,False,False,False,49664227306901.22,49208580026189.0
2023-02-07,False,False,False,58181478531607.58,57715995417358.24
2023-02-08,False,False,False,46610641830746.29,46150997078631.32
2023-02-09,False,False,False,53365703607901.1,52929151664944.26
2023-02-10,False,False,False,41742115969190.06,41309021001227.164
2023-02-11,False,False,False,42182331344628.31,41744685597087.125
2023-02-12,False,False,False,43950059477607.82,43513856054742.73
2023-02-13,False,False,False,39375640001693.1,38939484022401.664
2023-02-14,False,False,False,55270403186665.12,54825823670934.38
2023-02-15,False,False,False,60133581662436.555,59646490102314.76
2023-02-16,False,False,False,55268253841229.13,54797156770947.01
2023-02-17,False,False,False,62494557942893.484,62002540458648.92
2023-02-18,False,False,False,63673670597306.89,63180452210115.51
2023-02-19,False,False,False,59210620582554.02,58724423443896.875
2023-02-20,False,False,False,61709027780508.516,61211809319524.266
2023-02-21,False,False,False,68330786360272.61,67841326825328.69
2023-02-22,False,False,False,54789622786697.64,54305439697806.78
2023-02-23,False,False,False,51505105636154.18,51025843466789.71
2023-02-24,False,False,False,49795380024742.27,49331158068780.15
2023-02-25,False,False,False,49749028541902.27,49285228973874.44
2023-02-26,False,False,False,888733587648.1462,417154674826.7649
2023-02-27,False,False,False,49847667394737.5,49377378266494.61
2023-02-28,False,False,False,41904519465912.05,41441349476108.54
2023-03-01,False,False,False,74104388195093.83,73631097510127.38
2023-03-02,False,False,False,70101542086175.984,69631766029153.75
2023-03-03,False,False,False,51485541287670.6,51037911770723.37
2023-03-04,False,False,False,51397539039172.17,50950063463609.52
2023-03-05,False,False,False,51567163146583.48,51118068884368.38
2023-03-06,False,False,False,61695572898219.51,61246945064386.83
2023-03-07,False,False,False,75391037316126.4,74946600331300.52
2023-03-08,False,False,False,72975957931741.75,72541464078999.31
2023-03-09,False,False,False,72844613182186.62,72436829060496.5
2023-03-10,False,False,False,72715306722574.67,72310801011879.72
2023-03-11,False,False,False,67390507416902.266,66977856425326.63
2023-03-12,False,False,False,832303090252.0917,388221031401.31537
2023-03-13,False,False,False,92639781885993.28,92155194826082.81
2023-03-14,False,False,False,99844178477064.69,99348572096665.66
2023-03-15,False,False,False,94103615852238.53,93615725558534.84
2023-03-16,False,False,False,95638621618763.62,95137164464831.22
2023-03-17,False,False,False,84239349265488.19,83690016541134.67
2023-03-18,False,False,False,74973573510557.75,74433608389704.25
2023-03-19,False,False,False,75590718172762.9,75029396837694.39
2023-03-20,True,True,True,94696483476973.95,94139831230142.1
2023-03-21,True,True,True,83335319053481.39,82771038600666.6
2023-03-22,True,True,True,105196091923429.75,104649266101493.81
2023-03-23,True,True,True,108679841388762.0,108112406238574.48
2023-03-24,True,True,True,110748482728019.5,110198117054973.61
2023-03-25,True,True,True,110620598885148.55,110070236815412.05
2023-03-26,True,True,True,112529428232428.03,111969010327097.64
2023-03-27,True,True,True,103631626656598.95,103088207363325.47
2023-03-28,True,True,True,104108944017270.4,103563121116448.6
2023-03-29,True,True,True,102290155702892.81,101722520368850.17
2023-03-30,True,True,True,99970153628912.75,99408823886122.31
2023-03-31,True,True,True,84772644772832.22,84202628852384.58
2023-04-01,True,True,True,81997519389577.66,81427626181833.2
2023-04-02,True,False,False,66729570782304.67,66165295534270.11
2023-04-03,True,True,True,81518983393937.58,80962291310518.55
2023-04-04,True,True,True,90201074126925.73,89637011474145.3
2023-04-05,True,True,True,70411339971755.75,69847220666944.32
2023-04-06,True,False,False,62288970900986.3,61727585507084.14
2023-04-07,True,False,False,59679004358321.75,59119934891439.4
2023-04-08,True,True,True,97333993752439.53,96774401205143.77
2023-04-09,True,True,True,84399824852820.84,83832490194928.6
2023-04-10,True,True,True,82335844218969.84,81742183982843.25
2023-04-11,True,True,True,74991535094126.05,74386450365388.16
2023-04-12,True,True,True,72591579563402.1,71992918534390.92
2023-04-13,True,True,True,71232656436681.66,70623942174466.72
2023-04-14,True,False,False,58769208699582.01,58158813893903.39
2023-04-15,True,True,True,70408038499410.27,69801050022210.25
2023-04-16,True,False,False,67768381169551.88,67161376277275.75
2023-04-17,True,False,False,60595715788099.766,60006247602083.09
2023-04-18,True,False,False,58984973439584.56,58376504002224.42
2023-04-19,True,True,True,68875614567162.49,68298646461610.63
2023-04-20,True,False,False,63227540049329.01,62662058493383.53
2023-04-21,True,False,False,57010999807975.695,56465275197426.734
2023-04-22,True,False,False,59594796357767.18,59037870259421.52
2023-04-23,True,False,False,57610077660276.31,57057633278078.92
2023-04-24,True,False,False,59412581519847.52,58861656933478.15
2023-04-25,True,False,False,65740108560909.25,65173426702568.516
2023-04-26,True,False,False,63048882731695.96,62479702178475.71
2023-04-27,True,False,False,58666691037581.73,58076470160269.83
2023-04-28,True,False,False,62068219159001.65,61480879928284.1
2023-04-29,True,False,False,47145943229783.83,46560381431515.83
2023-04-30,True,False,False,45374662904609.09,44789389170908.6
2023-05-01,True,False,False,42201201653231.41,41638949863604.32
2023-05-02,True,False,False,35028380404934.484,34453958838203.52
2023-05-03,True,False,False,35330925421022.78,34749558475438.67
2023-05-04,True,False,False,39116472450293.03,38538627339271.92
2023-05-05,True,False,False,45393645394281.97,44802131929817.6
2023-05-06,True,False,False,40193673749660.92,39614261999789.7
2023-05-07,True,False,False,41959619715047.97,41387638189326.98
2023-05-08,True,False,False,25271497003712.773,24715317791330.543
2023-05-09,True,False,False,28437626284364.67,27883513169551.062
2023-05-10,True,False,False,22112497205516.08,21559414637188.59
2023-05-11,True,False,False,27845990697082.168,27305662042347.78
2023-05-12,True,False,False,962206204340.0107,425571542284.02203
2023-05-13,True,False,False,959312212484.292,423042085228.4639
2023-05-14,True,False,False,964409098598.1835,425285150303.86523
2023-05-15,True,False,False,972303561614.6295,428278511995.5808
2023-05-16,True,False,False,971047967879.5627,429819486716.44196
2023-05-17,True,False,False,981899003055.7675,433270925872.2515
2023-05-18,True,False,False,964511585345.351,427552225076.369
2023-05-19,True,False,False,967736522008.0238,429473764658.4015
2023-05-20,True,False,False,973653051522.213,430783663298.7314
2023-05-21,True,False,False,960648511623.2316,425053204142.9893
2023-05-22,True,False,False,965714376224.7725,428112625964.73303
2023-05-23,True,False,False,980197795921.628,435203255892.2673
2023-05-24,True,False,False,949302304128.233,422294884032.3365
2023-05-25,True,False,False,952668441986.2975,422577389786.24097
2023-05-26,True,False,False,962291837270.7793,427406581924.6227
2023-05-27,True,False,False,968280626389.3026,430334760082.32404
2023-05-28,True,False,False,1007084881219.6223,445017260739.24316
2023-05-29,True,False,False,997128190859.4243,441696665176.03955
2023-05-30,True,False,False,998793974665.3569,444213430550.05725
2023-05-31,True,False,False,982208967592.4408,437305110849.4462
2023-06-01,True,False,False,970649400109.104,433641595347.18475
2023-06-02,True,False,False,990067343972.7682,444543517830.48883
2023-06-03,True,False,False,984162114089.8308,442098265699.3237
2023-06-04,True,False,False,985798647360.4973,442795135954.08997
2023-06-05,False,False,False,933788782868.4723,418506331350.3965
2023-06-06,True,False,False,978951730273.7982,433069975398.57684
2023-06-07,False,False,False,943522783925.2324,416060145742.80896
2023-06-08,True,False,False,949490223875.1389,418821040701.5162
2023-06-09,False,False,False,946489394919.3112,416326276531.41394
2023-06-10,False,False,False,905406876357.3656,387807897267.92267
2023-06-11,False,False,False,907119993993.6376,387891518323.5752
2023-06-12,False,False,False,905320905609.5762,386731817172.74457
2023-06-13,False,False,False,907801474640.0773,388745957820.8325
2023-06-14,False,False,False,874251304091.3428,371274754698.6255
2023-06-15,False,False,False,885194621968.1149,373237224283.46515
2023-06-16,False,False,False,908387085988.0808,381291184628.2243
2023-06-17,False,False,False,915682447817.8157,384986440007.6078
2023-06-18,False,False,False,910846983748.044,383602746151.5487
2023-06-19,True,False,False,924190393788.2783,386855088239.3943
2023-06-20,True,False,False,965049618391.249,398141952661.949
2023-06-21,True,False,False,1016446953133.0491,415884377682.1593
2023-06-22,True,False,False,1010090973110.3855,411685178514.48267
2023-06-23,True,False,False,1035438081725.3489,420765747430.67773
2023-06-24,True,False,False,1027100468332.9316,415574824056.781
2023-06-25,True,False,False,1030668843343.7659,420635769891.3374
2023-06-26,True,False,False,1018728533482.6255,412733768939.3906
2023-06-27,True,False,False,1033635024756.7399,419130844900.3635
2023-06-28,True,False,False,1005308708540.422,403177692584.72217
2023-06-29,True,False,False,1020129608248.9359,410626421460.99146
2023-06-30,True,False,False,1039013043363.0308,429031617345.22144
2023-07-01,True,False,False,1043086753199.0117,430709126435.50037
2023-07-02,True,False,False,1046488208998.1477,433572087664.38257
2023-07-03,True,False,False,1060766515890.6498,436988818946.1659
2023-07-04,True,False,False,1047586645611.6907,431533042716.74023
2023-07-05,True,False,False,1035253044215.6838,424630829677.65796
2023-07-06,True,False,False,1010238175084.9409,411528701580.8318
2023-07-07,True,False,False,1026623517223.115,419071722654.81165
2023-07-08,True,False,False,1025939893078.3508,419495715780.3873
2023-07-09,True,False,False,1021232359852.313,417247841582.12244
2023-07-10,True,False,False,1030900280664.4773,421920174289.943
2023-07-11,True,False,False,1035948164965.5493,422852678897.6029
2023-07-12,True,False,False,1028920337762.773,420657289957.2532
2023-07-13,True,False,False,1104128074480.5464,474033776171.8285
2023-07-14,True,False,False,1062639100072.577,455459647474.7837
2023-07-15,True,False,False,1062248035035.6952,455721982540.9906
2023-07-16,True,False,False,1058657644154.5978,453138116083.4011
2023-07-17,True,False,False,1055431151819.9729,451923271308.8063
2023-07-18,True,False,False,1047562905836.4042,449738044788.0392
2023-07-19,True,False,False,1052644978413.0464,453722909654.80725
2023-07-20,True,False,False,1050723001138.2117,453982736216.84863
2023-07-21,True,False,False,1052038967054.4921,453259829568.8036
2023-07-22,True,False,False,1041725274537.4661,445345340555.3063
2023-07-23,True,False,False,1052385402301.0543,450118661691.588
2023-07-24,True,False,False,1021873173780.0471,437715865439.5189
2023-07-25,True,False,False,1024704992781.1963,439635046245.2081
2023-07-26,True,False,False,1031442628570.1927,443861775939.5228
2023-07-27,True,False,False,1027542583080.9231,442664412678.1332
2023-07-28,True,False,False,1031557134832.9677,444681730107.7158
2023-07-29,True,False,False,1034737289632.9333,447022313819.33777
2023-07-30,True,False,False,1028725915846.4976,442520726668.16394
2023-07-31,True,False,False,1024626630756.9287,439459795235.0659
2023-08-01,True,False,False,1038876407255.929,444335562350.6919
2023-08-02,True,False,False,1016932913003.4271,433122923651.5199
2023-08-03,True,False,False,1013528582122.804,429437134270.6079
2023-08-04,True,False,False,1009309910838.75,427205087564.69495
2023-08-05,True,False,False,1010586216105.3014,429045310751.0995
2023-08-06,True,False,False,1009123574353.359,427666345850.59436
2023-08-07,True,False,False,1011474858650.1321,427295129717.8313
2023-08-08,True,False,False,1031107941288.95,435150395241.0786
2023-08-09,True,False,False,1026906951043.1783,435033956375.0316
2023-08-10,True,False,False,1022149037293.1091,433045986628.1604
2023-08-11,True,False,False,1021068263330.7472,432456463846.2456
2023-08-12,True,False,False,1022037777948.0251,433155329891.41077
2023-08-13,True,False,False,1016265982795.6874,430096626527.41895
2023-08-14,True,False,False,1021226410919.7859,432501307373.2903
2023-08-15,True,False,False,1007826579174.9863,423865651196.324
2023-08-16,True,False,False,987877054740.8018,413293339087.19543
2023-08-17,False,False,False,915402312809.539,382319312710.96423
2023-08-18,False,False,False,902691138603.1764,381218401733.44275
2023-08-19,False,False,False,907616924327.7234,385221139702.0639
2023-08-20,False,False,False,913037980726.9089,388736245616.71906
2023-08-21,False,False,False,905520902121.2438,382516958943.7511
2023-08-22,False,False,False,898469406681.0352,377130392626.51697
2023-08-23,False,False,False,916697044500.2659,387623126468.0382
2023-08-24,False,False,False,906507938644.1532,382702459310.78827
2023-08-25,False,False,False,902484835832.7493,380980069546.1975
2023-08-26,False,False,False,900403638676.7511,379718425093.0318
2023-08-27,False,False,False,904538146521.031,382232044262.4621
2023-08-28,False,False,False,904135341838.258,381535369680.38336
2023-08-29,False,False,False,952812581597.3826,397814654144.1725
2023-08-30,False,False,False,937028118380.1271,390417894456.14966
2023-08-31,False,False,False,896363570048.7885,377140899710.52435
2023-09-01,False,False,False,889146859949.1523,372696736004.20264
2023-09-02,False,False,False,891927843856.466,374081037154.3931
2023-09-03,False,False,False,894248462759.2959,374343565842.8069
2023-09-04,False,False,False,890685976329.0438,373886531556.922
2023-09-05,False,False,False,890868105900.2646,374693835307.66064
2023-09-06,False,False,False,890225727313.9817,374718068958.9038
2023-09-07,False,False,False,903572967204.4232,377795076346.6304
2023-09-08,False,False,False,893659766091.352,375040850260.1086
2023-09-09,False,False,False,892880245604.8678,374435890095.2829
2023-09-10,False,False,False,885568936787.2352,368420571555.6516
2023-09-11,False,False,False,858168322555.6575,354564396961.0162
2023-09-12,False,False,False,879712319617.5939,362430431754.64984
2023-09-13,False,False,False,891284144499.2362,366252138685.5942
2023-09-14,False,False,False,903124123384.232,371963088478.5968
2023-09-15,False,False,False,909467913530.7776,376868957993.86597
2023-09-16,False,False,False,908585945343.1781,376714858303.45715
2023-09-17,False,False,False,903842608973.4229,372692383995.96375
2023-09-18,False,False,False,913148543718.7146,377300003661.75446
2023-09-19,False,False,False,926112675383.6434,381231839783.9868
2023-09-20,False,False,False,921033090750.1167,378006358016.51624
2023-09-21,False,False,False,900787031150.0529,368949174630.2807
2023-09-22,False,False,False,902958199754.8539,370806254766.4095
2023-09-23,False,False,False,903177279647.6207,370980293291.77594
2023-09-24,False,False,False,892499546372.6775,366787916370.92706
2023-09-25,False,False,False,895746910910.1469,369304810021.08923
2023-09-26,False,False,False,894049388649.5802,369315656780.0565
2023-09-27,False,False,False,897840096984.319,370151451229.47296
2023-09-28,False,False,False,922142019563.1674,381101110672.2874
2023-09-29,False,False,False,923008077956.0195,384325334878.3702
2023-09-30,False,False,False,925235765864.4031,385454613973.74896
2023-10-01,False,False,False,959121887622.7188,398716994242.90784
2023-10-02,False,False,False,935769279342.7545,385119145038.74255
2023-10-03,False,False,False,934406910240.6741,385329420302.42957
2023-10-04,False,False,False,939543412914.9254,383236483233.1317
2023-10-05,False,False,False,925802777075.569,377006945821.4684
2023-10-06,False,False,False,943263738903.665,383817726189.8451
2023-10-07,False,False,False,941337329738.4043,381349219144.9385
2023-10-08,False,False,False,939177071409.7888,379992098443.03613
2023-10-09,False,False,False,919935891996.699,367453074499.12805
2023-10-10,False,False,False,914153633051.4596,365741954615.32074
2023-10-11,False,False,False,901912719614.9414,363994478679.96844
2023-10-12,False,False,False,894216032821.8795,358599505852.9953
2023-10-13,False,False,False,899372832723.2646,361620944571.8905
2023-10-14,False,False,False,900258480220.9487,362674346140.15924
2023-10-15,False,False,False,907979553516.7806,363931682938.249
2023-10-16,True,False,False,944027590939.5585,373135866125.8004
2023-10-17,True,False,False,934961658501.1437,366250136053.4208
2023-10-18,True,False,False,931681449947.489,364599223896.5304
2023-10-19,True,False,False,943865377306.545,368661492069.7988
2023-10-20,True,True,True,970550432910.311,376317270590.3827
2023-10-21,True,True,True,983952202688.9689,384920433178.1278
2023-10-22,True,True,True,992641291318.7562,392060899504.7615
2023-10-23,True,True,True,1077450807976.8708,415160940250.3367
2023-10-24,True,True,True,1094846236360.5237,415752135100.38794
2023-10-25,True,True,True,1109544511048.2275,418842148397.80176
2023-10-26,True,True,True,1105484574542.5388,421715379530.0951
2023-10-27,True,True,True,1094674920479.1229,415897510077.7759
2023-10-28,True,True,True,1099711898045.2588,417284135045.9269
2023-10-29,True,True,True,1114859920258.582,423517369639.5051
2023-10-30,True,True,True,1120023998192.1174,429498598069.6116
2023-10-31,True,True,True,1126321273706.9468,432529473620.56274
2023-11-01,True,True,True,1152623083304.9802,443176305197.198
2023-11-02,True,True,True,1135760277735.8306,436174756514.76746
2023-11-03,True,True,True,1136203556628.3762,440919385902.12524
2023-11-04,True,True,True,1150903274175.7217,448536398471.71936
2023-11-05,True,True,True,1160379938497.9866,458946319926.52075
2023-11-06,True,True,True,1173006236190.2485,471269939629.85205
2023-11-07,True,True,True,1173497592094.4106,464409343271.13574
2023-11-08,True,True,True,1182577801657.1697,469155972738.40955
2023-11-09,True,True,True,1233416371799.5308,498658747418.97705
2023-11-10,True,True,True,1252263131388.8752,505146756345.21313
2023-11-11,True,True,True,1248638690161.023,505111411455.6809
2023-11-12,True,True,True,1247542430278.179,505265499931.87244
2023-11-13,True,True,True,1225414744638.9038,495093795039.2184
2023-11-14,True,True,True,1195546589615.135,483868762442.119
2023-11-15,True,True,True,1268958228914.7634,510577908711.6057
2023-11-16,True,True,True,1210178553702.858,486265289121.48315
2023-11-17,True,True,True,1221331742024.9749,488131948404.91016
2023-11-18,True,True,True,1219574494632.4304,487077946895.37744
2023-11-19,True,True,True,1247742910257.3408,499282700994.30554
2023-11-20,True,True,True,1244796894603.182,494574667047.44226
2023-11-21,True,True,True,1180693098954.2012,464861256603.7362
2023-11-22,True,True,True,1245883719336.872,496711656285.0552
2023-11-23,True,True,True,1243633809509.0906,496964445013.89575
2023-11-24,True,True,True,1257180839619.7463,501746024660.7206
2023-11-25,True,True,True,1262819350505.1355,506085942877.99207
2023-11-26,True,True,True,1250226393356.012,500333468241.9332
2023-11-27,True,True,True,1235469920956.8394,489859328871.3369
2023-11-28,True,True,True,1254080063337.5815,496651817549.34106
2023-11-29,True,True,True,1251466064469.992,493531954079.881
2023-11-30,True,True,True,1252465827178.0837,497180549558.8274
2023-12-01,True,True,True,1279410677165.5647,504702360820.119
2023-12-02,True,True,True,1310978231553.6018,520865567373.35925
2023-12-03,True,True,True,1323217479714.4695,522863809874.3585
2023-12-04,True,True,True,1373053721889.9543,532593617045.67334
2023-12-05,True,True,True,1423974205743.1975,541382405832.5691
2023-12-06,True,True,True,1411877044392.627,535652091993.86584
2023-12-07,True,True,True,1425935270997.8394,559439053773.7128
2023-12-08,True,True,True,1462003656860.0896,577467671348.6041
2023-12-09,True,True,True,1449837544787.5984,574573675077.2346
2023-12-10,True,True,True,1459409149599.1843,582770617355.76
2023-12-11,True,True,True,1378447510252.1667,552977773030.3091
2023-12-12,True,True,True,1383963036513.0835,553741735306.2648
2023-12-13,True,True,True,1427636390977.6577,569096881442.7056
2023-12-14,True,True,True,1441883352331.3164,580480212748.9735
2023-12-15,True,True,True,1396851386162.8623,557297113262.9674
2023-12-16,True,True,True,1411831422291.5305,566189558357.6508
2023-12-17,True,True,True,1381255810837.699,553507180609.2355
2023-12-18,True,True,True,1415402273128.2388,561612726107.4069
2023-12-19,True,True,True,1399385781456.5688,553247061194.2988
2023-12-20,True,True,True,1443884456370.4644,569683362746.8953
2023-12-21,True,True,True,1471368703047.9766,593061838556.0408
2023-12-22,True,True,True,1490826114350.122,609856204033.6187
2023-12-23,True,True,True,1491042504438.112,615583455469.0132
2023-12-24,True,True,True,1471059327990.4714,609805925931.7529
2023-12-25,True,True,True,1496592858343.3484,623915564224.899
2023-12-26,True,True,True,1462511287999.9563,611383185332.8511
2023-12-27,True,True,True,1506080615673.3914,635894609631.8229
2023-12-28,True,True,True,1476386785200.9146,623824965763.4902
2023-12-29,True,True,True,1459330163628.9875,617084819164.8094
2023-12-30,True,True,True,1457991107399.499,614295631088.8826
2023-12-31,True,True,True,1458096980317.8982,611716838326.3619
2024-01-01,True,True,True,1520635233538.6548,635870437880.7751
2024-01-02,True,True,True,1531102207642.0977,630868604948.075
2024-01-03,True,True,True,1450990455811.1306,593120961639.2416
2024-01-04,True,True,True,1495276599118.8074,610576462846.1293
2024-01-05,True,True,True,1483506918931.1985,599116867450.0903
2024-01-06,True,True,True,1464033002240.1038,583457654302.028
2024-01-07,True,True,True,1450397516747.2607,570572658082.0035
2024-01-08,True,True,True,1543226919866.8176,602600218888.1031
2024-01-09,True,True,True,1521444112070.019,598136117132.5466
2024-01-10,True,True,True,1581118498071.6628,646910892591.0002
2024-01-11,True,True,True,1582659890901.008,654744664538.111
2024-01-12,True,True,True,1482262443916.3386,625947577563.2568
2024-01-13,True,True,True,1495741693431.542,638170273019.9161
2024-01-14,True,True,True,1452398330072.2998,617543773538.8918
2024-01-15,True,True,True,1479016095438.7747,628409671898.0938
2024-01-16,True,True,True,1503705295769.035,640294712487.6194
2024-01-17,True,True,True,1487403898416.9846,631832715085.6475
2024-01-18,True,True,True,1436766865330.0378,610274188608.553
2024-01-19,True,True,True,1446331869903.9177,613057164355.0612
2024-01-20,True,True,True,1447861359127.6777,613553504702.5833
2024-01-21,True,True,True,1439368033100.0078,607200344269.9259
2024-01-22,True,True,True,1364471069227.9578,573271807082.1621
2024-01-23,True,True,True,1360826663438.167,562564714700.1312
2024-01-24,True,True,True,1368745004397.7217,566435738477.0122
2024-01-25,True,True,True,1360420563084.013,560851413772.0896
2024-01-26,True,True,True,1420397913879.85,583298095227.4952
2024-01-27,True,True,True,1429355556078.2244,586100684432.7117
2024-01-28,True,True,True,1426492851121.3682,585141727937.9796
2024-01-29,True,True,True,1470774304671.9138,603932570113.8623
2024-01-30,True,True,True,1462188558100.706,602526217322.4254
2024-01-31,True,True,True,1437976493628.4004,586092496724.3885
2024-02-01,True,True,True,1455001781799.4365,592745858994.3125
2024-02-02,True,True,True,1463002009098.3535,598573891281.3988
2024-02-03,True,True,True,1455321472541.5408,594540504380.889
2024-02-04,True,True,True,1441701232931.611,589514357854.8135
2024-02-05,True,True,True,1446341614173.2266,592266004423.4382
2024-02-06,True,True,True,1465010564297.307,602388104853.471
2024-02-07,True,True,True,1503730364350.0828,616134368429.3407
2024-02-08,True,True,True,1526000127608.1367,619074979189.2532
2024-02-09,True,True,True,1582581305162.0518,638629750533.7662
2024-02-10,True,True,True,1599372817933.7505,643132176623.9359
2024-02-11,True,True,True,1610253671881.906,643142246504.0376
2024-02-12,True,True,True,1671601803968.4177,671824176929.3627
2024-02-13,True,True,True,1662203263364.0989,666626694708.4442
2024-02-14,True,True,True,1733421946084.7424,695584964143.9025
2024-02-15,True,True,True,1745929102975.9639,706282859352.6132
2024-02-16,True,True,True,1744385589775.8762,700160941202.2372
2024-02-17,True,True,True,1730191889201.1892,695866332262.8856
2024-02-18,True,True,True,1756783597497.44,713038389256.7963
2024-02-19,True,True,True,1761604166068.0908,725027741862.8971
2024-02-20,True,True,True,1774878397670.7705,728525594533.4257
2024-02-21,True,True,True,1755336563851.672,717295994930.1824
2024-02-22,True,True,True,1740004614564.91,713788705781.0872
2024-02-23,True,True,True,1721790359709.8203,705976004037.6666
2024-02-24,True,True,True,1755633521400.7656,723193095826.0607
2024-02-25,True,True,True,1775681110138.1587,740177471212.5154
2024-02-26,True,True,True,1852387706944.4956,761013754976.1027
2024-02-27,True,True,True,1914878383114.8948,772397092568.4548
2024-02-28,True,True,True,2055324766345.4673,804033541352.3818
2024-02-29,True,True,True,2028959121282.7705,804242703423.6396
2024-03-01,True,True,True,2086440310239.5012,836667479787.4475
2024-03-02,True,True,True,2098249291804.6824,856340884284.5962
2024-03-03,True,True,True,2127527997542.972,863378362984.416
2024-03-04,True,True,True,2266908579207.1387,898879338369.5142
2024-03-05,True,True,True,2140788645755.5808,863533374570.4902
2024-03-06,True,True,True,2244177534498.521,920650565939.4917
2024-03-07,True,True,True,2284497074813.8916,944703566556.0942
2024-03-08,True,True,True,2319199625240.6006,952556657599.6333
2024-03-09,True,True,True,2330252664053.3247,960067843463.8438
2024-03-10,True,True,True,2336231249719.2544,954491616828.7991
2024-03-11,True,True,True,2445290621636.335,1002047902387.9617
2024-03-12,True,True,True,2422055974129.8403,991752338540.5479
2024-03-13,True,True,True,2481209072223.223,1017502958753.6384
2024-03-14,True,True,True,2430536085842.5537,1001884767793.3635
2024-03-15,True,True,True,2367173588263.7295,975948043214.8916
2024-03-16,True,True,True,2220331077321.9434,913920228742.7817
2024-03-17,True,True,True,2325033137965.539,956487222597.8682
2024-03-18,True,True,True,2281337988989.0933,927906154866.3054
2024-03-19,True,True,True,2075657565040.9407,836038660271.7812
2024-03-20,True,True,True,2283550695960.6963,925157104805.0786
2024-03-21,True,True,True,2223361681239.3125,912293154903.2378
2024-03-22,True,True,True,2162558879221.9375,885045771231.4614
2024-03-23,True,True,True,2168102756748.4863,886837602761.6282
2024-03-24,True,True,True,2269307579052.116,923905319541.7639
2024-03-25,True,True,True,2354924635286.1245,955794430350.4417
2024-03-26,True,True,True,2359434283168.242,958343077187.8726
2024-03-27,True,True,True,2329170458534.24,939204670485.6282
2024-03-28,True,True,True,2376052473020.629,958959570581.8054
2024-03-29,True,True,True,2357255334932.737,957895719299.0942
2024-03-30,True,True,True,2344897627423.2153,951017644455.5796
2024-03-31,True,True,True,2411905152311.302,984335827998.9971
2024-04-01,True,True,True,2337952616991.7295,942943997448.9673
2024-04-02,True,True,True,2195384575374.539,884844734599.8179
2024-04-03,True,True,True,2208460410776.6206,887525022405.8838
2024-04-04,True,True,True,2271553129116.3267,899817484201.2861
2024-04-05,True,True,True,2246205746780.331,887747496239.512
2024-04-06,True,True,True,2282086124866.9937,902543309602.5479
2024-04-07,True,True,True,2308526293381.701,920104723591.4304
2024-04-08,True,True,True,2396104734294.9966,962200591887.6426
2024-04-09,True,True,True,2304897707048.6074,921037126213.2302
2024-04-10,True,True,True,2344527778273.417,930658436453.4775
2024-04-11,True,True,True,2322978647915.633,921162576195.8994
2024-04-12,True,True,True,2183847250070.4187,839446510387.1965
2024-04-13,True,True,True,2048347613533.4568,766743348096.0374
2024-04-14,True,True,True,2128381907605.298,811859972688.2366
2024-04-15,True,True,True,2057893303237.326,787781392738.0859
2024-04-16,True,True,True,2059610994597.9587,781943544855.1907
2024-04-17,True,True,True,1986091831122.6807,759290298228.6934
2024-04-18,True,True,True,2056972245491.6924,785580559606.7153
2024-04-19,True,True,True,2063935343330.8086,785796260425.3943
2024-04-20,True,True,True,2123904041445.9055,823125165446.492
2024-04-21,True,True,True,2118286374011.0977,817975728048.7932
2024-04-22,True,True,True,2180033633934.5725,841719684549.9148
2024-04-23,True,True,True,2169914355919.9883,840392081084.1814
2024-04-24,True,True,True,2101198141457.1128,814737615878.5083
2024-04-25,True,True,True,2106367341706.9038,815411887845.593
2024-04-26,True,True,True,2079122460062.4792,802937772134.5327
2024-04-27,True,True,True,2089473170896.3535,819618096283.2234
2024-04-28,True,True,True,2080606328735.7979,817219194481.3674
2024-04-29,True,True,True,2086888510373.9055,808763840706.0593
2024-04-30,True,True,True,1978257365795.7388,764463179255.4258
2024-05-01,True,True,True,1930624049692.1685,764003789160.7881
2024-05-02,True,True,True,1954514717427.8105,771751430636.2666
2024-05-03,True,True,True,2064401186750.7327,804895417263.0872
2024-05-04,True,True,True,2089969419391.1326,810704302300.7078
2024-05-05,True,True,True,2097875958652.9038,815948596473.332
2024-05-06,True,True,True,2071702205987.9502,807172021920.8247
2024-05-07,True,True,True,2036655915856.472,789042869017.2317
2024-05-08,True,True,True,2004090101052.2136,779369078964.4153
2024-05-09,True,True,True,2065377868613.0493,802674562407.6846
2024-05-10,True,True,True,1991128041476.4514,774193971168.6919
2024-05-11,True,True,True,1991732217139.978,774150151693.2178
2024-05-12,True,True,True,2004693541728.6372,774379182545.1277
2024-05-13,True,True,True,2040896158042.762,781093315714.1289
2024-05-14,True,True,True,1992541133906.0828,760439933631.835
2024-05-15,True,True,True,2132340811227.395,806219660089.957
2024-05-16,True,True,True,2098665258092.2996,792454993735.9612
2024-05-17,True,True,True,2167237489061.7886,824977715708.9993
2024-05-18,True,True,True,2168724340690.826,828942643280.4802
2024-05-19,True,True,True,2139805393019.5156,813222017360.6218
2024-05-20,True,True,True,2350799191579.5845,920881310279.0947
2024-05-21,True,True,True,2338152446866.4277,934039465593.1282
2024-05-22,True,True,True,2304915001039.7793,921172929046.6289
2024-05-23,True,True,True,2278917723028.726,918741494643.3276
2024-05-24,True,True,True,2281610927987.9214,909384031892.4333
2024-05-25,True,True,True,2304421583943.7715,917368671170.9082
2024-05-26,True,True,True,2289077643915.9937,918052651686.604
2024-05-27,True,True,True,2325612557656.363,936600245309.6538
2024-05-28,True,True,True,2292591180709.8164,924718083279.1802
2024-05-29,True,True,True,2263485009071.548,910706374867.9937
2024-05-30,True,True,True,2272534313248.2056,904353933599.9707
2024-05-31,True,True,True,2254151823926.943,903266128257.3367
2024-06-01,True,True,True,2267555613871.297,911878517629.562
2024-06-02,True,True,True,2260092143735.459,904071932366.0605
2024-06-03,True,True,True,2285023567385.9624,907766651563.0513
2024-06-04,True,True,True,2344152866763.7266,931885596336.2561
2024-06-05,True,True,True,2368703746361.974,945042611453.0398
2024-06-06,True,True,True,2351312998870.98,934564813030.6609
2024-06-07,True,True,True,2283694678708.89,895809801834.1772
2024-06-08,True,True,True,2274842073071.265,887496291318.3713
2024-06-09,True,True,True,2289282878310.387,895214121967.3801
2024-06-10,True,True,True,2270513164310.8135,879123868868.4932
2024-06-11,True,True,True,2187441558294.6865,839815656521.7395
2024-06-12,True,True,True,2229944815420.4756,863750059431.1062
2024-06-13,True,True,True,2171733639364.7097,835655743641.6638
2024-06-14,True,False,False,2151904504314.0564,830568347865.3833
2024-06-15,True,True,True,2170903223825.8381,845910108711.9617
2024-06-16,True,True,True,2192184087087.3237,858327231236.7561
2024-06-17,True,False,False,2159499257706.2039,828642357108.3589
2024-06-18,False,False,False,2112001848430.4583,807643484917.77
2024-06-19,False,False,False,2120353756890.2893,820143202855.5413
2024-06-20,False,False,False,2110294185276.0771,812144123662.0068
2024-06-21,False,False,False,2095731729662.8752,812166062813.0591
2024-06-22,False,False,False,2095291870078.808,809106997668.6941
2024-06-23,False,False,False,2056674324179.2764,791892308822.4187
2024-06-24,False,False,False,1990591304484.0857,784064192252.0833
2024-06-25,False,False,False,2036275658628.8936,799208297277.0039
2024-06-26,False,False,False,2010319746531.063,792712858286.2688
2024-06-27,False,False,False,2049376486014.3064,815641385114.627
2024-06-28,False,False,False,2005298518630.6814,797703425531.6511
2024-06-29,False,False,False,2016695295643.1377,797469520562.0449
2024-06-30,False,False,False,2070551214076.6753,815681102121.8804
2024-07-01,False,False,False,2073405621978.2524,815424853098.8574
2024-07-02,False,False,False,2062259114550.3423,820228795062.4922
2024-07-03,False,False,False,1987911270844.3164,783661249964.2236
2024-07-04,False,False,False,1864807586090.7102,722936656118.5095
2024-07-05,False,False,False,1847455792050.5984,713489521965.2429
2024-07-06,False,False,False,1912850750179.5422,746666690268.4531
2024-07-07,False,False,False,1821752827415.4312,703393691410.102
2024-07-08,False,False,False,1863018969033.4653,727781131100.4324
2024-07-09,False,False,False,1901812890411.9927,739801662960.7332
2024-07-10,False,False,False,1902006794987.747,746429877007.5278
2024-07-11,False,False,False,1890885353278.0793,742855967187.1838
2024-07-12,False,False,False,1915593831832.7925,756255459215.001
2024-07-13,False,False,False,1956509058334.3237,770798865011.6621
2024-07-14,False,False,False,2005274605771.0886,787781021588.2883
2024-07-15,False,False,False,2137144531576.7498,840642783825.6794
2024-07-16,True,False,False,2139297585240.307,836348716251.4688
2024-07-17,False,False,False,2107957810786.748,824846561288.0383
2024-07-18,False,False,False,2107117646065.9043,826312714761.9507
2024-07-19,True,True,True,2187217331087.541,851821061391.1545
2024-07-20,True,True,True,2203231443651.4116,858719401744.7466
2024-07-21,True,True,True,2238007784273.5767,873214715637.7083
2024-07-22,True,True,True,2201662665216.5327,849066198321.1311
2024-07-23,True,True,True,2164546820598.541,844537883109.2668
2024-07-24,True,False,False,2134323582152.1665,825611019606.9163
2024-07-25,True,False,False,2113982705398.817,796893049068.655
2024-07-26,True,True,True,2185006287314.9004,825254048334.6313
2024-07-27,True,True,True,2180225565415.9592,820886105544.9329
2024-07-28,True,True,True,2188529277318.262,822219415612.2026
2024-07-29,True,True,True,2161106764977.8618,824223329421.8413
2024-07-30,True,True,True,2142231955707.6448,817414401834.7024
2024-07-31,False,False,False,2094478506603.9165,800933874760.5747
2024-08-01,True,False,False,2099062663893.7175,791857886145.178
2024-08-02,False,False,False,1967297610646.2607,737722330255.8284
2024-08-03,False,False,False,1930050859919.9424,715349640332.1125
2024-08-04,False,False,False,1836267359280.3796,672480701218.1233
2024-08-05,False,False,False,1697348996816.5884,615719194179.6736
2024-08-06,False,False,False,1763453102178.6587,641269053253.6863
2024-08-07,False,False,False,1730856810162.2732,627234208651.084
2024-08-08,False,False,False,1938723438659.8586,703418295784.5283
2024-08-09,False,False,False,1903293362395.2178,684796656914.4465
2024-08-10,False,False,False,1907770531995.713,687833703861.259
2024-08-11,False,False,False,1836172119877.538,660592430726.7224
2024-08-12,False,False,False,1881418020035.7473,693108839722.154
2024-08-13,False,False,False,1906584080621.6697,693275139746.1504
2024-08-14,False,False,False,1859384886319.8188,684344692658.5325
2024-08-15,False,False,False,1819060980930.6333,666944441069.8967
2024-08-16,False,False,False,1847855235301.1777,668899045066.1719
2024-08-17,False,False,False,1869127984884.7527,678075284836.8364
2024-08-18,False,False,False,1845754514468.5256,675895679529.1279
2024-08-19,False,False,False,1879489798423.2432,689108314841.5208
2024-08-20,False,False,False,1865945266650.8455,684309014963.5874
2024-08-21,False,False,False,1921515285769.0488,696974629334.707
2024-08-22,False,False,False,1909197640409.2183,700341589206.8315
2024-08-23,True,False,False,2018728603141.7815,735794316170.9915
2024-08-24,True,False,False,2023787840701.61,738992444429.835
2024-08-25,True,False,False,2017052514519.0156,730578576622.1184
2024-08-26,False,False,False,1966913312385.4756,708752378036.479
2024-08-27,False,False,False,1854257753377.5942,664330286779.2678
2024-08-28,False,False,False,1853065020976.7908,671109476040.6277
2024-08-29,False,False,False,1856383818554.859,667895273507.0845
2024-08-30,False,False,False,1850763639368.7732,667095521552.1187
2024-08-31,False,False,False,1842822877625.7856,661954931574.4512
2024-09-01,False,False,False,1783762610046.8403,636440073148.3486
2024-09-02,False,False,False,1845843010397.9385,661799547852.9473
2024-09-03,False,False,False,1786044896519.7449,635351263501.1511
2024-09-04,False,False,False,1803287800358.335,642711490780.5249
2024-09-05,False,False,False,1750906416047.7266,626525749680.5999
2024-09-06,False,False,False,1678607073223.658,598528495280.0134
2024-09-07,False,False,False,1694867825387.8298,610515522321.3789
2024-09-08,False,False,False,1718952003982.5134,620356419440.9208
2024-09-09,False,False,False,1782110118755.1697,639934909323.1975
2024-09-10,False,False,False,1799849125004.262,645940739456.4092
2024-09-11,False,False,False,1786104455481.7449,637964567902.8271
2024-09-12,False,False,False,1813265275606.1765,649384130764.3066
2024-09-13,False,False,False,1879309216684.0762,667233608539.908
2024-09-14,False,False,False,1864040463705.249,662671889235.6521
2024-09-15,False,False,False,1824386906900.7646,640515402287.3154
2024-09-16,False,False,False,1798229688383.1316,632959267586.7778
2024-09-17,False,False,False,1850797221676.1223,643256378401.8279
2024-09-18,False,False,False,1891563388480.7478,654914011018.334
2024-09-19,True,False,False,1937200436163.4485,676774621677.7039
2024-09-20,True,False,False,1958939693728.3462,693548118532.6697
2024-09-21,True,False,False,1977737772503.0913,709309408225.3513
2024-09-22,True,False,False,1972172771180.3022,699254683400.0889
2024-09-23,True,False,False,1980954358961.6677,712950384456.7671
2024-09-24,True,True,True,2010493680029.6826,723778920955.0845
2024-09-25,True,False,False,1971257122485.2603,707199572500.0564
2024-09-26,True,True,True,2033952227006.3152,729080191721.407
2024-09-27,True,True,True,2062266514476.4028,745251326540.3428
2024-09-28,True,True,True,2060422842099.1025,741838412922.8123
2024-09-29,True,True,True,2054080819394.3613,740634909594.9653
2024-09-30,True,False,False,1983176777393.625,715716502239.2112
2024-10-01,False,False,False,1894706375257.8853,677787518923.1143
2024-10-02,False,False,False,1870947100706.206,656996170207.3396
2024-10-03,False,False,False,1867849971972.3882,651806119268.3159
2024-10-04,True,False,False,1915441351005.9307,672418519964.4307
2024-10-05,True,False,False,1913541484797.6738,671216694858.9526
2024-10-06,True,False,False,1939994059518.3137,682403849340.2439
2024-10-07,True,False,False,1920699381253.3318,675358821537.334
2024-10-08,True,False,False,1921749960999.2722,678024284442.4705
2024-10-09,False,False,False,1874116363566.088,661298073319.4504
2024-10-10,False,False,False,1869930013994.1025,663214128386.7285
2024-10-11,True,False,False,1934194320492.1418,682696505760.5798
2024-10-12,True,True,True,1956436627197.54,691334117488.6465
2024-10-13,True,False,False,1946685735925.6648,688440524173.6655
2024-10-14,True,True,True,2046865782805.5522,724286084248.9175
2024-10-15,True,True,True,2059974420318.093,717447601702.5833
2024-10-16,True,True,True,2072629209463.953,719091878449.5203
2024-10-17,True,True,True,2062041346644.3552,712624600103.5679
2024-10-18,True,True,True,2095529402724.0708,725758762530.8186
2024-10-19,True,True,True,2098433692421.5627,729775874278.8838
2024-10-20,True,True,True,2133642017256.994,751954231985.0127
2024-10-21,True,True,True,2083322123908.0537,734920910064.2544
2024-10-22,True,True,True,2076755802508.7112,727710397019.1582
2024-10-23,True,True,True,2046126933794.8103,712642820282.4629
2024-10-24,True,True,True,2086348533279.6504,721824111377.3435
2024-10-25,True,True,True,2018358413098.5125,685578946756.1626
2024-10-26,True,True,True,2041049775824.4678,699523275932.9573
2024-10-27,True,True,True,2069936315335.2195,709784309196.2898
2024-10-28,True,True,True,2124543325567.421,724741103430.1238
2024-10-29,True,True,True,2199529220670.296,743718758814.0764
2024-10-30,True,True,True,2187331205938.782,739362145871.1917
2024-10-31,True,True,True,2112120577567.762,706678976048.0779
2024-11-01,True,True,True,2094043183268.358,703297679104.0808
2024-11-02,True,True,True,2086213477857.4814,697858168923.2532
2024-11-03,True,True,True,2060353721585.6199,684148972105.1826
2024-11-04,True,True,True,2028336561653.741,670850804281.0608
2024-11-05,True,True,True,2077328047931.9575,688490696274.6172
2024-11-06,True,True,True,2276127711142.0566,761865565431.4058
2024-11-07,True,True,True,2312766966817.6406,792922894491.0203
2024-11-08,True,True,True,2341736781592.023,809082944376.7249
2024-11-09,True,True,True,2381127788820.2153,845389118397.6265
2024-11-10,True,True,True,2494923814346.664,884856478152.9258
2024-11-11,True,True,True,2726902305190.634,950104238279.5784
2024-11-12,True,True,True,2688562505019.3354,926133034676.7227
2024-11-13,True,True,True,2732537459535.8516,920903398158.0403
2024-11-14,True,True,True,2642753982502.346,894464498765.6365
2024-11-15,True,True,True,2753667700296.2188,930815135494.0222
2024-11-16,True,True,True,2775243087019.1553,960957990848.083
2024-11-17,True,True,True,2752775166216.6934,953579528676.3252
2024-11-18,True,True,True,2800571148665.788,988610387236.4321
2024-11-19,True,True,True,2824276010748.771,974207249740.8379
2024-11-20,True,True,True,2850647475049.8223,961313851964.6143
2024-11-21,True,True,True,3003498556292.529,1032963755506.2883
2024-11-22,True,True,True,3053284254702.384,1071246088865.9326
2024-11-23,True,True,True,3058383050076.6704,1101284789829.4666
2024-11-24,True,True,True,3058724937574.0664,1096558822850.823
2024-11-25,True,True,True,2929134290763.683,1067036481902.0127
2024-11-26,True,True,True,2888797118025.94,1049029618018.2644
2024-11-27,True,True,True,3043934294322.584,1123019866438.6116
2024-11-28,True,True,True,3032062985366.9834,1116895835963.3037
2024-11-29,True,True,True,3105876125028.0825,1153864936907.009
2024-11-30,True,True,True,3108430664969.086,1177186750161.2852
2024-12-01,True,True,True,3159779839217.173,1212461961579.2224
2024-12-02,True,True,True,3159935234165.531,1240977803649.1426
2024-12-03,True,True,True,3184385512784.274,1264054420654.1008
2024-12-04,True,True,True,3257448673971.9644,1280595670350.649
2024-12-05,True,True,True,3204168331959.854,1261307547855.9934
2024-12-06,True,True,True,3320823097763.9834,1321027022508.1724
2024-12-07,True,True,True,3334605897790.4927,1334241100202.3057
2024-12-08,True,True,True,3362626085909.869,1336969459515.1465
2024-12-09,True,True,True,3143052631823.302,1194496216673.7676
2024-12-10,True,True,True,3121233898006.7886,1186299193462.2703
2024-12-11,True,True,True,3276572769692.082,1250650699505.4792
2024-12-12,True,True,True,3265124602619.919,1262445679666.6265
2024-12-13,True,True,True,3305546823241.4,1275086384875.5317
2024-12-14,True,True,True,3278864910952.7285,1248941565870.1284
2024-12-15,True,True,True,3366025728278.8223,1275615029719.1475
2024-12-16,True,True,True,3392836265687.3345,1269101761502.4268
2024-12-17,True,True,True,3383234143325.3203,1258479902582.4673
2024-12-18,True,True,True,3166508699759.001,1161722241179.0793
2024-12-19,True,True,True,3040821068432.3047,1091408667118.3074
2024-12-20,True,True,True,3071694439916.634,1114507097853.9045
2024-12-21,True,True,True,3020658733978.237,1074403432243.2258
2024-12-22,True,True,True,2964754805053.558,1061033167565.9617
2024-12-23,True,True,True,3009806549918.176,1112631324860.4832
2024-12-24,True,True,True,3115267567276.935,1141316028451.6267
2024-12-25,True,True,True,3124440473997.2095,1135492562033.8245
2024-12-26,True,True,True,2994895094728.6895,1079532165514.7095
2024-12-27,True,True,True,2960846431715.551,1075713266462.1777
2024-12-28,True,True,True,3009795915041.1914,1105243714738.7314
2024-12-29,True,True,True,2947260377788.9365,1074243140182.4197
2024-12-30,True,True,True,2928523152663.007,1073895604722.5864
2024-12-31,True,True,True,2937675869597.318,1068119210294.1389
2025-01-01,True,True,True,2996036701136.9146,1106451046578.1194
2025-01-02,True,True,True,3082111493721.337,1142310720026.733
2025-01-03,True,True,True,3163004007334.984,1198483730475.612
2025-01-04,True,True,True,3169864352667.2847,1203784843760.438
2025-01-05,True,True,True,3164076506546.8296,1195328947219.0376
2025-01-06,True,True,True,3260973631361.0933,1213449120817.6868
2025-01-07,True,True,True,3059977758238.0327,1119346021360.8547
2025-01-08,True,True,True,3010570640764.616,1107801878427.3574
2025-01-09,True,True,True,2918991095687.271,1066327151181.6538
2025-01-10,True,True,True,2986800676798.7754,1090853579692.2007
2025-01-11,True,True,True,3005728052069.9165,1112590335185.997
2025-01-12,True,True,True,2989950786751.0215,1098099851687.7681
2025-01-13,True,True,True,2964596468648.907,1072505513143.3733
2025-01-14,True,True,True,3039066824041.468,1106754728182.7844
2025-01-15,True,True,True,3215472661952.714,1203407918768.5955
2025-01-16,True,True,True,3195346146091.386,1193919373151.8252
2025-01-17,True,True,True,3330904034150.1577,1246767297793.5776
2025-01-18,True,True,True,3320166433442.339,1229616006551.795
2025-01-19,True,True,True,3185463194561.796,1159351149896.6912
2025-01-20,True,True,True,3220495904674.4326,1175643047861.3633
2025-01-21,True,True,True,3327687245343.0586,1202623320176.3457
2025-01-22,True,True,True,3263230934454.828,1187943325413.5164
2025-01-23,True,True,True,3271165997933.5576,1190577520408.8547
2025-01-24,True,True,True,3280609776612.8335,1181586367870.7788
2025-01-25,True,True,True,3283091347137.4087,1186502774625.093
2025-01-26,True,True,True,3200718311174.028,1147293781868.8772
2025-01-27,True,True,True,3180243525081.1636,1137052594633.2422
2025-01-28,True,True,True,3130030858374.557,1102479291607.3352
2025-01-29,True,True,True,3192710990743.7393,1115944223196.9978
2025-01-30,True,True,True,3252872330902.245,1156155040171.0916
2025-01-31,True,True,True,3202509843913.923,1152378739393.0903
2025-02-01,True,True,True,3099121998390.9053,1084874650634.4902
2025-02-02,True,True,True,2946487022740.016,991390200676.2314
2025-02-03,True,True,True,3050296108738.9927,1019405275084.6316
2025-02-04,True,True,True,2917437083889.3667,959741475018.5056
2025-02-05,True,True,True,2879700455886.9873,945249595720.2769
2025-02-06,True,True,True,2851114561636.036,918053778159.23
2025-02-07,True,True,True,2848813283675.429,916383880077.6497
2025-02-08,True,True,True,2863206298790.72,931920745741.0559
2025-02-09,True,True,True,2860196982279.986,928711045191.3533
2025-02-10,True,True,True,2894603819602.0093,943640193594.7417
2025-02-11,True,False,False,2855707198561.246,938325214984.5967
2025-02-12,True,True,True,2934670848850.935,975379174103.2585
2025-02-13,True,True,True,2896820366749.4106,962388123681.2258
2025-02-14,True,True,True,2938783476547.3335,986816529058.2397
2025-02-15,True,True,True,2931875160663.454,978156604442.1221
2025-02-16,True,False,False,2889833413121.912,965412164464.071
2025-02-17,True,False,False,2881793454639.222,964226100812.7383
2025-02-18,True,False,False,2846861860627.7163,932490241864.2556
2025-02-19,True,False,False,2889439002704.9863,954842408691.7537
2025-02-20,True,True,True,2933826283896.782,965104948654.01
2025-02-21,True,False,False,2857122026198.6313,932348854323.5015
2025-02-22,True,False,False,2888962617759.7285,955577736621.4946
2025-02-23,True,False,False,2885027018388.1836,957774569467.48
2025-02-24,False,False,False,2685034498238.8574,852612144242.9863
2025-02-25,False,False,False,2630164831737.871,856350505187.2744
2025-02-26,False,False,False,2503409348286.809,819295005006.065
2025-02-27,False,False,False,2512556786896.674,817853518415.875
2025-02-28,False,False,False,2497022459041.7856,809020745478.603
2025-03-01,False,False,False,2535927928087.76,813334244177.2039
2025-03-02,False,False,False,2845775623521.107,958527115470.7554
2025-03-03,False,False,False,2534504095384.5723,809741019036.1575
2025-03-04,False,False,False,2569670508281.784,822957872771.7993
2025-03-05,False,False,False,2660993143758.7544,847111217871.8796
2025-03-06,False,False,False,2642312168052.2334,842020523905.1218
2025-03-07,False,False,False,2547905480375.7197,810978031887.5112
2025-03-08,False,False,False,2535619543991.2666,809534253279.8306
2025-03-09,False,False,False,2359436844277.1353,743571783271.6155
2025-03-10,False,False,False,2269628779439.037,696951983887.1514
2025-03-11,False,False,False,2389542502700.937,729628585848.6528
2025-03-12,False,False,False,2414350645501.3296,739509619124.8379
2025-03-13,False,False,False,2352286792583.45,729167469036.3474
2025-03-14,False,False,False,2436480729559.1445,755027029896.7068
2025-03-15,False,False,False,2459693505539.423,771024178819.4387
2025-03-16,False,False,False,2395131782526.3745,742166247285.061
2025-03-17,False,False,False,2443614538932.52,761567294139.6724
2025-03-18,False,False,False,2423446933997.7305,767591344440.1511
2025-03-19,False,False,False,2551854236185.423,812686930542.3555
2025-03-20,False,False,False,2471923094869.83,786809233600.5071
2025-03-21,False,False,False,2461083059467.102,778327964562.575
2025-03-22,False,False,False,2458125800164.348,779836606883.5359
2025-03-23,False,False,False,2514613367900.7075,791197128529.4927
2025-03-24,False,False,False,2567487831375.395,815469122601.7864
2025-03-25,False,False,False,2568069336514.2407,817667712922.2344
2025-03-26,False,False,False,2538183375571.1865,798106234306.6309
2025-03-27,False,False,False,2548470222228.9937,802488858341.7363
2025-03-28,False,False,False,2450146954128.079,760855255802.5488
2025-03-29,False,False,False,2387673911673.3286,733641796851.9734
2025-03-30,False,False,False,2378335519582.9316,729230730171.3267
2025-03-31,False,False,False,2380161488033.9873,727853556756.7197
2025-04-01,False,False,False,2454225236324.7974,749160051135.6418
2025-04-02,False,False,False,2359680506027.8228,708352274537.478
2025-04-03,False,False,False,2378375968645.2695,713671051588.5671
2025-04-04,False,False,False,2401412305491.5703,722666292653.3901
2025-04-05,False,False,False,2390167329218.271,718564677065.9417
2025-04-06,False,False,False,2212198099680.203,643445908607.8066
2025-04-07,False,False,False,2226766268321.614,642449982698.0403
2025-04-08,False,False,False,2144627526542.1062,618123537539.7329
2025-04-09,False,False,False,2342412835502.001,689153830729.092
2025-04-10,False,False,False,2247587223526.291,655025364910.615
2025-04-11,False,False,False,2345934614600.3057,676681520355.437
2025-04-12,False,False,False,2418560256161.271,711550084635.8381
2025-04-13,False,False,False,2370349577685.484,694191741910.0593
2025-04-14,False,False,False,2390895913246.272,697825944839.3398
2025-04-15,False,False,False,2356064093545.519,681762963026.2671
2025-04-16,False,False,False,2365341953999.567,683209030516.731
2025-04-17,False,False,False,2389032113644.6816,688601985436.8115
2025-04-18,False,False,False,2381038361627.6772,690286322079.0979
2025-04-19,False,False,False,2404349016298.2124,701554316393.7483
2025-04-20,False,False,False,2401276332926.536,696367691512.0791
2025-04-21,False,False,False,2448972396690.52,697051978189.7715
2025-04-22,False,False,False,2419847630063.534,684143882292.4741
2025-04-23,True,False,False,2599178147188.811,740590335470.9824
2025-04-24,True,False,False,2605334059748.2295,746673757425.9734
2025-04-25,True,False,False,2612484378477.4785,748186267914.1377
2025-04-26,True,False,False,2631228383304.0615,749106788128.2153
2025-04-27,True,False,False,2634214057879.1646,755082106639.98
2025-04-28,True,False,False,2612439579091.1484,749667331969.0845
2025-04-29,True,False,False,2642764921506.01,755697533331.6616
2025-04-30,True,False,False,2616749681353.3906,745931292094.9868
2025-05-01,True,False,False,2614387526108.5903,743037163539.4971
2025-05-02,True,False,False,2670504275507.747,755619885738.3525
2025-05-03,True,False,False,2678308293847.9883,755056527981.8411
2025-05-04,True,False,False,2651988895127.037,747094008732.467
2025-05-05,True,False,False,2606293444947.922,733481002494.8896
2025-05-06,True,False,False,2619324825885.3574,736813539397.3994
2025-05-07,True,False,False,2664143182499.7344,740499341685.1353
2025-05-08,True,False,False,2665382161374.861,738247603516.5918
2025-05-09,True,True,True,2881989955234.9683,834106201382.2754
2025-05-10,True,True,True,2916845424879.1104,871798979355.5862
2025-05-11,True,True,True,3010207052094.638,933074512563.2917
2025-05-12,True,True,True,2972181340417.959,906521379946.5935
2025-05-13,True,True,True,2964067611546.1797,919720339680.009
2025-05-14,True,True,True,3025801760319.6763,956445688195.6523
2025-05-15,True,True,True,2986768213275.436,928969845982.8723
2025-05-16,True,True,True,2957717056438.66,897574496524.6262
2025-05-17,True,True,True,2954889084501.6685,897163444211.5918
2025-05-18,True,True,True,2927983170833.3833,877664649355.5784
2025-05-19,True,True,True,2995719483728.656,890829762855.8252
2025-05-20,True,True,True,2989846601010.1533,891361185115.1038
2025-05-21,True,True,True,3014249259829.046,892470642555.2249
2025-05-22,True,True,True,3092743639400.9194,913904671735.4146
2025-05-23,True,True,True,3157139782261.908,942427636474.6592
2025-05-24,True,True,True,3026805450392.65,895209553768.2092
2025-05-25,True,True,True,3044767054191.225,902226976506.0054
2025-05-26,True,True,True,3069770763948.779,906697922415.1655
2025-05-27,True,True,True,3078504152576.73,905444296737.3113
2025-05-28,True,True,True,3090366604565.931,922814717435.9238
2025-05-29,True,True,True,3060788587357.8584,917445880469.5515
2025-05-30,True,True,True,3000614949393.566,899266196699.2522
2025-05-31,True,True,True,2921794061117.7,854963114139.6365
2025-06-01,True,True,True,2940441044482.506,859973235186.7363
2025-06-02,True,True,True,2965507792035.437,864329720444.4622
2025-06-03,True,True,True,2981393285127.1333,877163882032.1973
2025-06-04,True,True,True,2971644256765.2686,876350255483.7888
2025-06-05,True,True,True,2952401726822.967,869252887711.76
2025-06-06,True,True,True,2841027871241.7817,820733771249.4141
2025-06-07,True,True,True,2916652485026.9995,841476984825.5742
2025-06-08,True,True,True,2956969640023.7974,856416303121.2898
2025-06-09,True,True,True,2960840663451.8306,860185894052.3601
2025-06-10,True,True,True,3095380132584.503,903502651353.5562
2025-06-11,True,True,True,3117030849090.0317,927680793683.6985
2025-06-12,True,True,True,3071180059732.3906,911650684458.895
2025-06-13,True,True,True,2984035822633.9917,876123878865.6929
2025-06-14,True,True,True,2966078118892.034,858105031344.242
2025-06-15,True,True,True,2943365369007.4507,845878827784.1807
2025-06-16,True,True,True,2953561206559.0464,855062096006.4248
2025-06-17,True,True,True,2994264654546.8584,866369184002.1406
2025-06-18,True,True,True,2924672039865.0474,843703918888.0984
2025-06-19,True,True,True,2923618060299.529,841940328037.8435
2025-06-20,True,True,True,2923747021030.1157,842391741156.7078
2025-06-21,True,True,True,2868057391449.5435,813937145841.335
2025-06-22,True,True,True,2795476927011.4873,778060960315.9595
2025-06-23,True,True,True,2771084005637.658,765904235865.9233
2025-06-24,True,True,True,2923531861090.1494,825790627503.5576
2025-06-25,True,True,True,2938916164828.2983,831805812398.4951
2025-06-26,True,True,True,2957301868070.4043,825160720701.4026
2025-06-27,True,True,True,2940204045719.7,812911945964.7703
2025-06-28,True,True,True,2949738607077.7163,820718039691.7568
2025-06-29,True,True,True,2967324827737.611,833084827807.9524
2025-06-30,True,True,True,3006492193922.2275,851309027432.4146
2025-07-01,True,True,True,2978609161220.1885,848137572028.6074
2025-07-02,True,True,True,2919369636503.7295,819282073425.7971
2025-07-03,True,True,True,3025154761281.1514,861319389511.0537
2025-07-04,True,True,True,3046528677847.2275,866864146627.293
2025-07-05,True,True,True,2991333457475.096,842731744567.7529
2025-07-06,True,True,True,2997522051512.498,845177960122.844
2025-07-07,True,True,True,3034018088074.336,862520584778.2886
2025-07-08,True,True,True,3008747947196.1514,854970358548.7009
2025-07-09,True,True,True,3038985934193.1743,871936536136.4326
2025-07-10,True,True,True,3126796540095.867,911585651527.4414
2025-07-11,True,True,True,3263004227899.1533,959711870899.4097
2025-07-12,True,True,True,3318634760637.2275,980022563675.4839
2025-07-13,True,True,True,3310631156447.8267,975145178617.1538
2025-07-14,True,True,True,3364258735980.2256,995208369144.665
2025-07-15,True,True,True,3391471661758.602,1007645848084.7549
2025-07-16,True,True,True,3366275600135.989,1025052205296.0684
2025-07-17,True,True,True,3436939557415.079,1073744917205.5029
2025-07-18,True,True,True,3504980467950.2197,1128743085185.9185
2025-07-19,True,True,True,3479965694491.922,1132800376867.3857
2025-07-20,True,True,True,3490604490950.911,1145206153165.37
2025-07-21,True,True,True,3516828923996.8774,1183071636137.2134
2025-07-22,True,True,True,3538362501186.477,1200997003719.3457
2025-07-23,True,True,True,3590253087887.753,1202736326327.2603
2025-07-24,True,True,True,3494175082739.768,1134243207439.2437
2025-07-25,True,True,True,3488101147673.9575,1133336639330.9639
2025-07-26,True,True,True,3484874024635.5835,1146018469636.8022
2025-07-27,True,True,True,3501299664408.592,1154340191563.565
2025-07-28,True,True,True,3564083742059.165,1187558903266.1514
2025-07-29,True,True,True,3502523189477.3604,1153050292050.8916
2025-07-30,True,True,True,3493317795677.351,1148191291657.2368
2025-07-31,True,True,True,3484452920412.4507,1140734956702.7383
2025-08-01,True,True,True,3412344839240.8726,1110145676815.752
2025-08-02,True,True,True,3315995528166.9175,1062385647207.5146
2025-08-03,True,True,True,3270311339385.162,1029897355747.0503
2025-08-04,True,True,True,3338131948371.5405,1065329873104.5029
2025-08-05,True,True,True,3407723854679.7817,1115328698535.6304
2025-08-06,True,True,True,3354375457335.3027,1082792202257.9468
2025-08-07,True,True,True,3390634056071.9185,1101339019543.2607
2025-08-08,True,True,True,3505429831015.4146,1167696972311.871
2025-08-09,True,True,True,3509905224741.127,1186878683667.8057
2025-08-10,True,True,True,3542162572488.0195,1223346715086.3394
2025-08-11,True,True,True,3593716592110.193,1219619295272.3032
2025-08-12,True,True,True,3565995693414.1084,1201935131741.109
2025-08-13,True,True,True,3678384881779.0483,1285530460033.4326
2025-08-14,True,True,True,3785750232990.6426,1326855032238.0757
2025-08-15,True,True,True,3628534024234.3525,1268490287189.0806
2025-08-16,True,True,True,3575585674616.164,1240295291355.9912
2025-08-17,True,True,True,3586671168882.9663,1247205432814.7583
2025-08-18,True,True,True,3606101442218.38,1265453118036.5518
2025-08-19,True,True,True,3538656680986.6094,1225099693458.146
2025-08-20,True,True,True,3408336402706.5293,1162916486490.7876
2025-08-21,True,True,True,3500062600841.8247,1225591314997.6406
2025-08-22,True,True,True,3428891490071.3716,1190770008321.8018
2025-08-23,True,True,True,3647286468749.084,1321111665428.4722
2025-08-24,True,True,True,3606241823326.639,1309455743186.938
2025-08-25,True,True,True,3566072972107.7837,1306409800982.3945
2025-08-26,True,True,True,3404714426528.4937,1210260714152.8958
2025-08-27,True,True,True,3492145962406.052,1265120266630.459
2025-08-28,True,True,True,3464107664007.1587,1248852369717.165
2025-08-29,True,True,True,3502617979197.856,1263195033510.9639
2025-08-30,False,True,False,3379500850725.723,1219222199239.438
2025-08-31,False,True,False,3386206105809.1997,1220040357864.0186
2025-09-01,False,True,False,3377843756040.8154,1222148779351.2168
2025-09-02,False,True,False,3375942880272.422,1201842373805.9897
2025-09-03,True,True,True,3438657447671.4697,1226062226168.0156
2025-09-04,True,True,True,3471709434771.0864,1246343529178.8535
2025-09-05,False,True,False,3413992415566.5674,1209940479265.2417
2025-09-06,False,True,False,3421352570034.5825,1217306965404.02
2025-09-07,False,True,False,3405968134703.595,1210679465504.027
2025-09-08,True,True,True,3446227064788.6987,1232462585649.334
2025-09-09,True,True,True,3479244656299.8384,1247481144072.9712
2025-09-10,True,True,True,3471526351079.2925,1249499573481.245
2025-09-11,True,True,True,3539066156958.0884,1268824842305.374
2025-09-12,True,True,True,3595280642548.8174,1295516330893.1436
2025-09-13,True,True,True,3661855988571.134,1347508616631.188
2025-09-14,True,True,True,3660531580997.4653,1350365543126.1753
2025-09-15,True,True,True,3623842372616.255,1326383254371.831
2025-09-16,True,True,True,3600683965145.536,1302706365640.9834
2025-09-17,True,True,True,3638803892416.375,1313476959955.4106
2025-09-18,True,True,True,3667153953049.9355,1345570272911.0444
2025-09-19,True,True,True,3684789090003.523,1351083751771.4258
2025-09-20,True,True,True,3615769391637.0083,1312300349968.2085
2025-09-21,True,True,True,3629722348246.106,1324350421739.8042
2025-09-22,True,True,True,3612232255797.9805,1314900170560.3354
2025-09-23,True,True,True,3489992883245.866,1244063813935.0127
2025-09-24,False,True,False,3468233629847.9897,1235540157191.3384
2025-09-25,True,True,True,3496923750189.59,1239182555970.7612
2025-09-26,False,True,False,3327330991304.183,1155380679592.7402
2025-09-27,False,True,False,3383416735236.661,1197549959065.1147
2025-09-28,False,True,False,3380735670311.4897,1195532439010.4336
2025-09-29,False,True,False,3463156947090.883,1227358069694.749
2025-09-30,True,True,True,3520541370687.8975,1242178847093.584
2025-10-01,True,True,True,3495723322477.774,1223585767408.3232
2025-10-02,True,True,True,3637540222397.651,1277970666329.5708
2025-10-03,True,True,True,3723592731590.258,1324068523598.705
2025-10-04,True,True,True,3779166171302.3574,1342209268457.642
2025-10-05,True,True,True,3760268058970.6113,1321435901417.8247
2025-10-06,True,True,True,3787959851949.782,1326737995185.5938
2025-10-07,True,True,True,3854544308397.7666,1368471221742.48
2025-10-08,True,True,True,3743276160827.2773,1321337716800.999
2025-10-09,True,True,True,3800796573670.614,1341792952500.4956
2025-10-10,True,True,True,3723604751641.1553,1300316092483.6714
2025-10-11,False,True,False,3392048880001.512,1126389052211.5205
2025-10-12,False,False,False,3319064771317.75,1107660756214.641
2025-10-13,True,True,True,3510611602472.938,1215887137435.9595
2025-10-14,True,True,True,3543528551922.3203,1246665024904.334
2025-10-15,False,True,False,3461999153004.2524,1204453922018.2378
2025-10-16,False,False,False,3366201687529.7964,1158459605292.748
2025-10-17,False,False,False,3279868925883.6895,1124904384047.2344
2025-10-18,False,False,False,3221557380385.459,1098539430868.3164
2025-10-19,False,False,False,3253921119491.912,1118345602085.9937
2025-10-20,False,False,False,3305382176977.599,1140014326902.595
2025-10-21,False,False,False,3355301679217.255,1149730298104.3247
2025-10-22,False,False,False,3280178187805.994,1117767568388.0828
2025-10-23,False,False,False,3245217507068.273,1099444258413.6282
2025-10-24,False,False,False,3321459586722.1777,1127557745688.2725
2025-10-25,False,False,False,3359076917887.0156,1145770550350.2598
2025-10-26,False,False,False,3381651791959.868,1156790739184.8667
2025-10-27,True,True,True,3486358724849.7017,1202667398426.4897
2025-10-28,False,True,False,3466597493748.9917,1190362399067.3203
2025-10-29,False,False,False,3415282476937.1963,1161279228211.7046
2025-10-30,False,False,False,3342848899903.8774,1148102606149.3354
2025-10-31,False,False,False,3265968171546.235,1108164428670.1602
2025-11-01,False,False,False,3313109248813.5615,1127915352034.2207
2025-11-02,False,False,False,3328292694033.835,1134216714263.7727
2025-11-03,False,False,False,3340945498716.4434,1139095556658.1636
2025-11-04,False,False,False,3165226437522.49,1041562357560.7876
2025-11-05,False,False,False,3007486822119.7905,981395633778.6064
2025-11-06,False,False,False,3097650107328.8267,1024649549395.0242
2025-11-07,False,False,False,3008820877177.4736,989673300485.2107
2025-11-08,False,False,False,3109089568407.957,1046067827515.8196
2025-11-09,False,False,False,3073086773070.2153,1033090796201.0662
2025-11-10,False,False,False,3157059362605.8506,1070640002805.8003
2025-11-11,False,False,False,3198029867399.281,1085282799447.3779
2025-11-12,False,False,False,3087107222126.894,1033891294486.0691
2025-11-13,False,False,False,3056065490143.825,1030228224684.0679
2025-11-14,False,False,False,2992217463763.6724,996048491051.676
2025-11-15,False,False,False,2855161421861.65,963361471951.5383
2025-11-16,False,False,False,2879758581536.316,974524240904.3247
2025-11-17,False,False,False,2842075841174.889,958835161472.1465
2025-11-18,False,False,False,2767297049422.149,931838230476.2527
2025-11-19,False,False,False,2815158004281.3086,963923294034.7036
2025-11-20,False,False,False,2751112736085.557,931049936383.2332
2025-11-21,False,False,False,2622161689829.2583,890903126146.1296
2025-11-22,False,False,False,2558021063121.9517,860297121875.9038
2025-11-23,False,False,False,2549493297075.3267,858936774019.5176
2025-11-24,False,False,False,2607501496518.37,875268270740.9685
2025-11-25,False,False,False,2682334743166.579,920770670634.3411
2025-11-26,False,False,False,2660572937797.876,918410174912.334
2025-11-27,False,False,False,2745024195155.851,938584885610.854
2025-11-28,False,False,False,2755141494058.2812,933362976578.3586
2025-11-29,False,False,False,2743600177558.9263,928680281133.5181
2025-11-30,False,False,False,2732685350252.816,919914028841.8721
2025-12-01,False,False,False,2725338238779.998,917519261674.6072
2025-12-02,False,False,False,2585330989811.031,861783759366.2395
2025-12-03,False,False,False,2743815227302.166,918972066176.0288
2025-12-04,False,False,False,2830219153895.171,962168495297.5137
2025-12-05,False,False,False,2776999956315.75,937630398869.8428
2025-12-06,False,False,False,2690471259484.7417,907672272114.5725
2025-12-07,False,False,False,2691778588089.021,910583789889.1775
2025-12-08,False,False,False,2710388556788.8823,910731866700.332
2025-12-09,False,False,False,2736164035370.152,927769358793.513
2025-12-10,False,False,False,2815547601977.9263,963431312871.6792
2025-12-11,False,False,False,2792256187068.6562,954934447321.7002
2025-12-12,False,False,False,2789064111533.2163,940141945167.4355
2025-12-13,False,False,False,2715642590898.612,912397697383.7234
2025-12-14,False,False,False,2724465460885.9873,922968461314.2971
2025-12-15,False,False,False,2664650753815.6367,903269809018.513
2025-12-16,False,False,False,2602538660036.806,877914620977.5032
2025-12-17,False,False,False,2632273595770.8813,880899993183.2249
2025-12-18,False,False,False,2563136409411.334,844644479022.4968
2025-12-19,False,False,False,2536616994479.0664,832275861525.4448
2025-12-20,False,False,False,2638609071263.786,879210936367.1421
2025-12-21,False,False,False,2643950631738.995,881145317059.0107
2025-12-22,False,False,False,2652393739196.312,883473710354.7981
2025-12-23,False,False,False,2648876536683.576,881795325840.77
2025-12-24,False,False,False,2613377101543.721,868167637070.096
2025-12-25,False,False,False,2613992732870.2983,864613566639.0132
2025-12-26,False,False,False,2590647208047.8276,849156122932.2266
2025-12-27,False,False,False,2600289284247.19,857101662686.031
2025-12-28,False,False,False,2626883649195.193,873508236985.8479
2025-12-29,False,False,False,2629820667352.926,876225292039.8877
2025-12-30,False,False,False,2607458174600.591,867663851148.6277
2025-12-31,False,False,False,2643265086153.223,877431698157.6069
2026-01-01,False,False,False,2619394628207.5166,871557421953.1523
2026-01-02,False,False,False,2657729517723.415,886364368376.0188
2026-01-03,False,False,False,2719032731046.9663,923142615522.2485
2026-01-04,False,False,False,2737629926032.0654,928418487663.0691
2026-01-05,False,False,False,2765180368404.0757,940193491714.8428
2026-01-06,False,False,False,2854984148370.901,978425915407.8464
2026-01-07,False,False,False,2855239849312.4766,985195852855.291
2026-01-08,False,False,False,2771345969370.482,949125651563.1011
2026-01-09,False,False,False,2753198905805.0737,935949598143.6145
2026-01-10,False,False,False,2737156759776.261,929371858491.9392
2026-01-11,False,False,False,2734616265386.143,928132410520.6426
2026-01-12,False,False,False,2750441614550.1636,936363198609.1523
2026-01-13,False,False,False,2752010679491.9204,931479916041.2529
2026-01-14,False,False,False,2888484757329.254,986194801755.9968
2026-01-15,False,False,False,2929547574013.091,991254610775.279
2026-01-16,False,False,False,2879006988115.71,969779655592.5532
2026-01-17,False,False,False,2875871557695.7183,968198541432.7051
2026-01-18,False,False,False,2869969887028.3667,970057010542.1953
2026-01-19,False,False,False,2827850609975.2275,952873648694.5237
2026-01-20,False,False,False,2780438831123.5947,931206668236.398
2026-01-21,False,False,False,2637231914046.4795,873201414582.2139
2026-01-22,False,False,False,2673980382249.091,888856849514.0557
2026-01-23,False,False,False,2671224831936.5034,884209985855.5264
2026-01-24,False,False,False,2670778755196.244,884486248763.905
2026-01-25,False,False,False,2664956942754.241,882977153040.9026
2026-01-26,False,False,False,2577112676749.9043,845652661612.5029
2026-01-27,False,False,False,2639506093437.3916,874966072913.4802
2026-01-28,False,False,False,2677637507407.372,895128737677.1064
2026-01-29,False,False,False,2672919948451.128,891609728148.8003
2026-01-30,False,False,False,2533913436719.089,844273634164.9873
2026-01-31,False,False,False,2501896401914.234,821088528240.3867
2026-02-01,False,False,False,2328122951485.7246,754387455922.3303
2026-02-02,False,False,False,2259074834478.7046,721554516005.0195
2026-02-03,False,False,False,2314811717976.75,741595045954.8313
2026-02-04,False,False,False,2225892148339.4893,713726542895.6804
2026-02-05,False,False,False,2154482077035.608,690963364120.2878
2026-02-06,False,False,False,1853989232490.819,591956155346.2886
2026-02-07,False,False,False,2070445430817.5293,660241768161.1565
2026-02-08,False,False,False,2044691568200.827,659158730498.4827
2026-02-09,False,False,False,2070077877637.448,658406165023.1333
2026-02-10,False,False,False,2059684489694.6897,658786336230.763
2026-02-11,False,False,False,2012333304402.8264,638184063692.5369
2026-02-12,False,False,False,1957828697837.8135,620262467827.6343
2026-02-13,False,False,False,1945788827745.926,622933737052.9431
2026-02-14,False,False,False,2024436395592.6262,648407024125.1677
2026-02-15,False,False,False,2068029341633.6775,672843745800.998
2026-02-16,False,False,False,2018629320256.1348,645082695316.3132
2026-02-17,False,False,False,2032330942937.9722,654890964711.2971
2026-02-18,False,False,False,1999143817819.9905,649858862518.0198
2026-02-19,False,False,False,1961837563752.687,634113605635.5752
2026-02-20,False,False,False,1971667736904.1292,633573156808.3115
2026-02-21,False,False,False,2001919937318.0303,643328603161.0588
2026-02-22,False,False,False,2003618512256.746,644552652609.3726
2026-02-23,False,False,False,1983296231650.959,632641808389.0225
2026-02-24,False,False,False,1897892407757.5894,606713898364.8428
2026-02-25,False,False,False,1886889859304.7373,605741442134.457
2026-02-26,False,False,False,2013725368257.636,655549953714.7117
2026-02-27,False,False,False,1997018434502.4922,648074100589.1157
2026-02-28,False,False,False,1943632816421.046,625917430748.1257
2026-03-01,False,False,False,1975598795161.8674,635309647701.2886
2026-03-02,False,False,False,1940579220619.565,626530665243.885
2026-03-03,False,False,False,2025595952490.4521,647858005180.5569
2026-03-04,False,False,False,2004945503778.212,637716585421.3857
2026-03-05,False,False,False,2122567615011.1064,669477623975.3608
2026-03-06,False,False,False,2075031561011.209,657379544407.9421
2026-03-07,False,False,False,1999580338631.3848,635506436033.6204
2026-03-08,False,False,False,1975298664512.2837,630231510859.2195
2026-03-09,False,False,False,1944011536748.7217,622389069484.178
2026-03-10,False,False,False,2008302202718.3362,638346504748.2712
2026-03-11,False,False,False,2046327043598.0283,648810652395.3794
2026-03-12,False,False,False,2059300360855.5234,654071213336.5552
2026-03-13,False,False,False,2070110592095.7742,658697349888.0146
2026-03-14,False,False,False,2082407429921.746,663274008930.1936
2026-03-15,False,False,False,2089990239731.4465,665323867175.5972
2026-03-16,False,False,False,2137985515498.9766,684166534610.8796
2026-03-17,False,False,False,2218845466995.9526,722238531208.6394
2026-03-18,False,False,False,2192082807353.484,713048427261.5627
2026-03-19,False,False,False,2110573961161.5056,685325552350.28
2026-03-20,False,False,False,2067085683035.5117,669953313877.875
2026-03-21,False,False,False,2085545026946.0596,673991732468.8352
2026-03-22,False,False,False,2042285176057.4329,660960568995.4485
2026-03-23,False,False,False,2007262304454.6855,650041977804.1897
2026-03-24,False,False,False,2090883458751.5,672962281111.3545
2026-03-25,False,False,False,2085473109556.3008,674621012050.0547
2026-03-26,False,False,False,2107072894757.1235,680350618181.9766
2026-03-27,False,False,False,2028108716381.3364,652144818985.4961
2026-03-28,False,False,False,1960172018168.9688,634061620251.2603
2026-03-29,False,False,False,1962425518655.665,635447202416.1821
2026-03-30,False,False,False,1951576656608.1401,631508122084.8623
2026-03-31,False,False,False,1972299957761.785,637762346185.7351
2026-04-01,False,False,False,2016636299078.0613,651929650729.7068
2026-04-02,False,False,False,2017654721186.1675,655530659440.728
2026-04-03,False,False,False,1974615665357.3828,635972561866.8853
2026-04-04,False,False,False,1977364258170.891,637959439133.0208
2026-04-05,False,False,False,1987801472287.5642,641011393606.6543
2026-04-06,False,False,False,2029883715503.3079,649300180583.1516
2026-04-07,False,False,False,2025149038333.1987,646718605064.9551
2026-04-08,False,False,False,2120092308993.0566,680401103995.7524
2026-04-09,False,False,False,2086822279083.935,663536153859.9932
2026-04-10,False,False,False,2102897878432.4878,666498051301.9426
2026-04-11,False,False,False,2136687705230.2366,676077789384.7722
2026-04-12,False,False,False,2143758403657.377,680956018668.2078
2026-04-13,False,False,False,2075734643252.1865,659872873434.3113
2026-04-14,False,False,False,2188433369896.4175,696783182615.7507
2026-04-15,False,False,False,2170394590362.8982,685590204597.7644
2026-04-16,False,False,False,2192816749185.1047,695348587986.259
2026-04-17,False,False,False,2211044535689.889,707447230355.9958
2026-04-18,True,False,False,2263538839010.3003,719610930890.0083
2026-04-19,False,False,False,2216451345939.248,700538785148.1829
2026-04-20,False,False,False,2158937068025.3623,680183323588.4446
2026-04-21,False,False,False,2212806801432.066,696390098058.8076
