variant,weights,freq,stop_lb,multiple,cagr,sharpe,mdd,turnover
exbtc,all_best,14D,12,159.15046599153155,3.4051250787630885,2.145643609412418,-0.5230448340476341,45.420485686209
all,all_best,14D,12,158.33508454007347,3.3985123887311186,2.142502333884719,-0.523044833998564,44.83432269878367
all,all_alt,14D,12,142.4073070527896,3.264215718055472,2.113564504550751,-0.5710243186310985,44.834485721860126
all,all_best,14D,13,134.2630861801489,3.1914000021031965,2.0522972016890786,-0.642133873086217,44.83442406068017
exbtc,all_best,14D,13,130.9909648055467,3.1612636419183007,2.044778764624228,-0.6421338730862174,45.420638612465616
all,all_alt,14D,13,120.75697631130356,3.063428284769552,2.0232970045804066,-0.6668942010989579,44.83458675211445
all,all_best,14D,14,96.09905417732855,2.8008592889456025,1.9572644996581368,-0.6554855216277755,46.00539337796933
all,all_alt,14D,14,96.09905417732855,2.8008592889456025,1.9572644996581368,-0.6554855216277755,46.00539337796933
exbtc,all_best,14D,14,93.05586712105368,2.7652554788777395,1.9469637998947744,-0.6554855216529978,47.76387297088761
exbtc,all_alt,14D,12,88.7887323523946,2.713917270623168,1.9633810762871193,-0.5710243186752327,46.00640004460034
exbtc,all_alt,14D,13,75.8647884853648,2.5469210016665143,1.886420719425813,-0.6668942011341392,46.006499122836225
all,all_best,14D,10,73.03514940638921,2.5077073971209107,1.8746077864954618,-0.6506984518144995,46.5937483519096
exbtc,all_best,14D,10,70.8400738591271,2.476540597440481,1.8669654075239108,-0.6506984518144996,46.59378433055784
exbtc,all_alt,14D,14,64.57436198779001,2.3836432810769024,1.8411743361861685,-0.6554855216529978,47.76401866857613
all,all_alt,14D,10,63.56919267289084,2.3681533945802857,1.831792581991952,-0.6618411536588604,46.59393409319872
exbtc,all_best,14D,11,48.865215987607584,2.1187338464566476,1.7719812972861269,-0.5545747465642068,46.007096669705106
all,all_best,14D,11,47.39223800514749,2.0909405541396993,1.758935537345177,-0.5545747465265716,45.42092464191692
exbtc,all_alt,14D,10,43.6323832149457,2.0171128566865653,1.7148365765602671,-0.6618411536589321,46.59410790188712
all,all_alt,14D,11,41.249761648004224,1.9679665082211084,1.7144593945824724,-0.612306016529856,45.42111075516619
exbtc,all_alt,14D,11,30.669747677403144,1.7215422662814972,1.6292946525447722,-0.612306016562614,46.007388168574
all,all_best,17D,10,5.6408526554273095,0.6586099235976457,1.2104249858439995,-0.4244274385835036,21.669474891934794
all,all_alt,17D,10,5.6408526554273095,0.6586099235976457,1.2104249858439995,-0.4244274385835036,21.669474891934794
exbtc,all_best,17D,10,5.6408526554273095,0.6586099235976457,1.2104249858439995,-0.4244274385835036,21.669474891934794
all,all_best,13D,10,5.106200545544412,0.6110014482947443,1.108926722747376,-0.51448399986855,28.697496991019726
all,all_alt,13D,10,5.106200545544412,0.6110014482947443,1.108926722747376,-0.51448399986855,28.697496991019726
exbtc,all_best,13D,10,5.106200545544412,0.6110014482947443,1.108926722747376,-0.51448399986855,28.697496991019726
exbtc,all_alt,13D,10,5.106200545544412,0.6110014482947443,1.108926722747376,-0.51448399986855,28.697496991019726
all,all_best,13D,13,5.084194864671992,0.6089678067939897,1.1166725859746418,-0.5169568470227308,23.4247481831442
all,all_alt,13D,13,5.084194864671992,0.6089678067939897,1.1166725859746418,-0.5169568470227308,23.4247481831442
exbtc,all_best,13D,13,5.084194864671992,0.6089678067939897,1.1166725859746418,-0.5169568470227308,23.4247481831442
exbtc,all_alt,13D,13,5.084194864671992,0.6089678067939897,1.1166725859746418,-0.5169568470227308,23.4247481831442
all,all_best,13D,14,4.566910176567041,0.559259614732462,1.0564463819109504,-0.5293290034192838,23.71638244312919
all,all_alt,13D,14,4.566910176567041,0.559259614732462,1.0564463819109504,-0.5293290034192838,23.71638244312919
exbtc,all_best,13D,14,4.566910176567041,0.559259614732462,1.0564463819109504,-0.5293290034192838,23.71638244312919
exbtc,all_alt,13D,14,4.566910176567041,0.559259614732462,1.0564463819109504,-0.5293290034192838,23.71638244312919
all,all_best,13D,11,4.552469212044032,0.5578159815252315,1.053791155925546,-0.4978037864096765,25.76762032334245
all,all_alt,13D,11,4.552469212044032,0.5578159815252315,1.053791155925546,-0.4978037864096765,25.76762032334245
exbtc,all_best,13D,11,4.552469212044032,0.5578159815252315,1.053791155925546,-0.4978037864096765,25.76762032334245
exbtc,all_alt,13D,11,4.552469212044032,0.5578159815252315,1.053791155925546,-0.4978037864096765,25.76762032334245
all,all_best,12D,11,4.467309696157552,0.5492362061137621,1.2250781298157636,-0.4774458628030963,26.352269920733196
all,all_alt,12D,11,4.467309696157552,0.5492362061137621,1.2250781298157636,-0.4774458628030963,26.352269920733196
exbtc,all_best,12D,11,4.467309696157552,0.5492362061137621,1.2250781298157636,-0.4774458628030963,26.352269920733196
exbtc,all_alt,12D,11,4.467309696157552,0.5492362061137621,1.2250781298157636,-0.4774458628030963,26.352269920733196
exbtc,all_alt,17D,10,4.196663442052013,0.521176111221084,1.0674262670059573,-0.4244274385835035,21.669557918960418
all,all_best,11D,11,4.180185039348424,0.5194267763760254,1.1644815433111695,-0.4596813754871475,28.107272191688864
all,all_alt,11D,11,4.180185039348424,0.5194267763760254,1.1644815433111695,-0.4596813754871475,28.107272191688864
exbtc,all_best,11D,11,4.180185039348424,0.5194267763760254,1.1644815433111695,-0.4596813754871475,28.107272191688864
exbtc,all_alt,11D,11,4.180185039348424,0.5194267763760254,1.1644815433111695,-0.4596813754871475,28.107272191688864
all,all_best,11D,10,4.148402854163022,0.516038975120821,1.1139980242513772,-0.478034693843567,29.27913065025802
all,all_alt,11D,10,4.148402854163022,0.516038975120821,1.1139980242513772,-0.478034693843567,29.27913065025802
exbtc,all_best,11D,10,4.148402854163022,0.516038975120821,1.1139980242513772,-0.478034693843567,29.27913065025802
exbtc,all_alt,11D,10,4.148402854163022,0.516038975120821,1.1139980242513772,-0.478034693843567,29.27913065025802
all,all_best,13D,12,4.0081493331443045,0.5008654623901359,0.9910163117486053,-0.4822175384836629,24.010527540843064
all,all_alt,13D,12,4.0081493331443045,0.5008654623901359,0.9910163117486053,-0.4822175384836629,24.010527540843064
exbtc,all_best,13D,12,4.0081493331443045,0.5008654623901359,0.9910163117486053,-0.4822175384836629,24.010527540843064
exbtc,all_alt,13D,12,4.0081493331443045,0.5008654623901359,0.9910163117486053,-0.4822175384836629,24.010527540843064
all,all_best,16D,10,3.7242235618137998,0.4689589259838287,0.9890071822654699,-0.4253166078795646,26.651481534644233
all,all_alt,16D,10,3.7242235618137998,0.4689589259838287,0.9890071822654699,-0.4253166078795646,26.651481534644233
exbtc,all_best,16D,10,3.7242235618137998,0.4689589259838287,0.9890071822654699,-0.4253166078795646,26.651481534644233
exbtc,all_alt,16D,10,3.7242235618137998,0.4689589259838287,0.9890071822654699,-0.4253166078795646,26.651481534644233
all,all_best,12D,10,3.655690887380621,0.4610010395918829,1.089819365104686,-0.49692060908791635,24.010108852521775
all,all_alt,12D,10,3.655690887380621,0.4610010395918829,1.089819365104686,-0.49692060908791635,24.010108852521775
exbtc,all_best,12D,10,3.655690887380621,0.4610010395918829,1.089819365104686,-0.49692060908791635,24.010108852521775
exbtc,all_alt,12D,10,3.655690887380621,0.4610010395918829,1.089819365104686,-0.49692060908791635,24.010108852521775
all,all_best,16D,11,3.6439992514979043,0.4596329119916833,1.0197905136089482,-0.4157685353339836,26.651371445445857
all,all_alt,16D,11,3.6439992514979043,0.4596329119916833,1.0197905136089482,-0.4157685353339836,26.651371445445857
exbtc,all_best,16D,11,3.6439992514979043,0.4596329119916833,1.0197905136089482,-0.4157685353339836,26.651371445445857
exbtc,all_alt,16D,11,3.6439992514979043,0.4596329119916833,1.0197905136089482,-0.4157685353339836,26.651371445445857
all,all_best,17D,12,3.639291324733151,0.45908112438416526,0.9816166799727951,-0.47869296653538596,19.32569050696959
all,all_alt,17D,12,3.639291324733151,0.45908112438416526,0.9816166799727951,-0.47869296653538596,19.32569050696959
exbtc,all_best,17D,12,3.639291324733151,0.45908112438416526,0.9816166799727951,-0.47869296653538596,19.32569050696959
all,all_best,11D,12,3.380657095285505,0.427959443790916,1.0378890323288377,-0.4609325748682285,27.522110952163505
all,all_alt,11D,12,3.380657095285505,0.427959443790916,1.0378890323288377,-0.4609325748682285,27.522110952163505
exbtc,all_best,11D,12,3.380657095285505,0.427959443790916,1.0378890323288377,-0.4609325748682285,27.522110952163505
exbtc,all_alt,11D,12,3.380657095285505,0.427959443790916,1.0378890323288377,-0.4609325748682285,27.522110952163505
all,all_best,15D,11,3.2283986117645522,0.4088424477323793,0.9976503058384458,-0.5134475351178462,20.495602465450816
all,all_alt,15D,11,3.2283986117645522,0.4088424477323793,0.9976503058384458,-0.5134475351178462,20.495602465450816
exbtc,all_best,15D,11,3.2283986117645522,0.4088424477323793,0.9976503058384458,-0.5134475351178462,20.495602465450816
exbtc,all_alt,15D,11,3.2283986117645522,0.4088424477323793,0.9976503058384458,-0.5134475351178462,20.495602465450816
all,all_best,16D,12,3.159778031155344,0.4000177234204323,0.9475827928855292,-0.41886335138032604,20.793545586095
all,all_alt,16D,12,3.159778031155344,0.4000177234204323,0.9475827928855292,-0.41886335138032604,20.793545586095
exbtc,all_best,16D,12,3.159778031155344,0.4000177234204323,0.9475827928855292,-0.41886335138032604,20.793545586095
exbtc,all_alt,16D,12,3.159778031155344,0.4000177234204323,0.9475827928855292,-0.41886335138032604,20.793545586095
all,all_best,17D,13,3.156763998366276,0.3996270176576453,0.885860920792951,-0.539632391128568,18.73986213428909
all,all_alt,17D,13,3.156763998366276,0.3996270176576453,0.885860920792951,-0.539632391128568,18.73986213428909
exbtc,all_best,17D,13,3.156763998366276,0.3996270176576453,0.885860920792951,-0.539632391128568,18.73986213428909
all,all_best,17D,11,3.0743417239499546,0.3888388855395446,0.9050031724089315,-0.4688097690463676,21.670895753405205
all,all_alt,17D,11,3.0743417239499546,0.3888388855395446,0.9050031724089315,-0.4688097690463676,21.670895753405205
exbtc,all_best,17D,11,3.0743417239499546,0.3888388855395446,0.9050031724089315,-0.4688097690463676,21.670895753405205
all,all_best,15D,10,2.947018105828648,0.3717640778267821,0.9342117582815649,-0.5084364364593033,22.25199127567294
all,all_alt,15D,10,2.947018105828648,0.3717640778267821,0.9342117582815649,-0.5084364364593033,22.25199127567294
exbtc,all_best,15D,10,2.947018105828648,0.3717640778267821,0.9342117582815649,-0.5084364364593033,22.25199127567294
exbtc,all_alt,15D,10,2.947018105828648,0.3717640778267821,0.9342117582815649,-0.5084364364593033,22.25199127567294
all,all_best,16D,13,2.8169143116667352,0.3537684010073807,0.8559110242161739,-0.567288724240838,23.72187543490162
all,all_alt,16D,13,2.8169143116667352,0.3537684010073807,0.8559110242161739,-0.567288724240838,23.72187543490162
exbtc,all_best,16D,13,2.8169143116667352,0.3537684010073807,0.8559110242161739,-0.567288724240838,23.72187543490162
exbtc,all_alt,16D,13,2.8169143116667352,0.3537684010073807,0.8559110242161739,-0.567288724240838,23.72187543490162
all,all_best,17D,14,2.8029146964576737,0.3517972033835248,0.8210641879852395,-0.535943039208787,18.153938920194022
all,all_alt,17D,14,2.8029146964576737,0.3517972033835248,0.8210641879852395,-0.535943039208787,18.153938920194022
exbtc,all_best,17D,14,2.8029146964576737,0.3517972033835248,0.8210641879852395,-0.535943039208787,18.153938920194022
all,all_best,12D,14,2.7421333908458583,0.34315727133408047,0.9038416968630804,-0.5138110926856585,21.668012605489764
all,all_alt,12D,14,2.7421333908458583,0.34315727133408047,0.9038416968630804,-0.5138110926856585,21.668012605489764
exbtc,all_best,12D,14,2.7227250281498767,0.34036989294042863,0.8989296238162302,-0.513811092685658,22.840260503612992
exbtc,all_alt,12D,14,2.7227250281498767,0.34036989294042863,0.8989296238162302,-0.513811092685658,22.840260503612992
exbtc,all_alt,17D,12,2.7079318655428057,0.33823588157498796,0.8274614737883109,-0.4786929665353855,19.325731792677328
all,all_best,16D,14,2.5217442378146013,0.3106438027586629,0.7871722003657405,-0.5772935766843961,22.550739425865213
all,all_alt,16D,14,2.5217442378146013,0.3106438027586629,0.7871722003657405,-0.5772935766843961,22.550739425865213
exbtc,all_best,16D,14,2.5217442378146013,0.3106438027586629,0.7871722003657405,-0.5772935766843961,22.550739425865213
exbtc,all_alt,16D,14,2.5217442378146013,0.3106438027586629,0.7871722003657405,-0.5772935766843961,22.550739425865213
all,all_best,12D,13,2.45150524235842,0.2998601204844922,0.8354139687704132,-0.5379694272644988,23.426056421888244
all,all_alt,12D,13,2.45150524235842,0.2998601204844922,0.8354139687704132,-0.5379694272644988,23.426056421888244
exbtc,all_best,12D,13,2.45150524235842,0.2998601204844922,0.8354139687704132,-0.5379694272644988,23.426056421888244
exbtc,all_alt,12D,13,2.45150524235842,0.2998601204844922,0.8354139687704132,-0.5379694272644988,23.426056421888244
exbtc,all_alt,17D,13,2.438213935942781,0.2977950042466646,0.7601944289342142,-0.539632391128567,18.739876832078142
all,all_best,15D,12,2.429766550509846,0.2964783616652187,0.8249239032170146,-0.4916970625401976,22.25282804613517
all,all_alt,15D,12,2.429766550509846,0.2964783616652187,0.8249239032170146,-0.4916970625401976,22.25282804613517
exbtc,all_best,15D,12,2.429766550509846,0.2964783616652187,0.8249239032170146,-0.4916970625401976,22.25282804613517
exbtc,all_alt,15D,12,2.429766550509846,0.2964783616652187,0.8249239032170146,-0.4916970625401976,22.25282804613517
all,all_best,11D,13,2.4100474389329847,0.2933922103815323,0.8131286095752216,-0.4919261828661827,28.10995041044129
all,all_alt,11D,13,2.4100474389329847,0.2933922103815323,0.8131286095752216,-0.4919261828661827,28.10995041044129
exbtc,all_best,11D,13,2.4100474389329847,0.2933922103815323,0.8131286095752216,-0.4919261828661827,28.10995041044129
exbtc,all_alt,11D,13,2.4100474389329847,0.2933922103815323,0.8131286095752216,-0.4919261828661827,28.10995041044129
exbtc,all_alt,17D,11,2.374433032222171,0.2877727798330758,0.7740536404329631,-0.4688097690463676,21.670925318734284
all,all_best,11D,14,2.164737935987522,0.25341621372881495,0.7296174367927267,-0.49782457701392624,31.03665524008539
all,all_alt,11D,14,2.164737935987522,0.25341621372881495,0.7296174367927267,-0.49782457701392624,31.03665524008539
exbtc,all_best,11D,14,2.164737935987522,0.25341621372881495,0.7296174367927267,-0.49782457701392624,31.03665524008539
exbtc,all_alt,11D,14,2.164737935987522,0.25341621372881495,0.7296174367927267,-0.49782457701392624,31.03665524008539
exbtc,all_alt,17D,14,2.1154534215986445,0.2450021018395092,0.6779787676433432,-0.5359430392087867,18.153968338682937
all,all_best,15D,14,2.1094639368017645,0.2439701252525519,0.721847123113856,-0.4937867541496965,20.49599493401182
all,all_alt,15D,14,2.1094639368017645,0.2439701252525519,0.721847123113856,-0.4937867541496965,20.49599493401182
exbtc,all_best,15D,14,2.1094639368017645,0.2439701252525519,0.721847123113856,-0.4937867541496965,20.49599493401182
exbtc,all_alt,15D,14,2.1094639368017645,0.2439701252525519,0.721847123113856,-0.4937867541496965,20.49599493401182
all,all_best,12D,12,1.9907143646144427,0.22306780501350087,0.6889688484521399,-0.5240733387659751,21.08299742753746
all,all_alt,12D,12,1.9907143646144427,0.22306780501350087,0.6889688484521399,-0.5240733387659751,21.08299742753746
exbtc,all_best,12D,12,1.9907143646144427,0.22306780501350087,0.6889688484521399,-0.5240733387659751,21.08299742753746
exbtc,all_alt,12D,12,1.9907143646144427,0.22306780501350087,0.6889688484521399,-0.5240733387659751,21.08299742753746
all,all_best,15D,13,1.925102758894744,0.2111380638826006,0.6679898304153848,-0.5212856061984037,19.9089783816087
all,all_alt,15D,13,1.925102758894744,0.2111380638826006,0.6679898304153848,-0.5212856061984037,19.9089783816087
exbtc,all_best,15D,13,1.925102758894744,0.2111380638826006,0.6679898304153848,-0.5212856061984037,19.9089783816087
exbtc,all_alt,15D,13,1.925102758894744,0.2111380638826006,0.6679898304153848,-0.5212856061984037,19.9089783816087
