weight_name,momentum_rank,ret_14_rank,ret_21_rank,accel_rank,near_high_rank,multiple,cagr,sharpe,mdd,turnover
feat5_155,0.5172297021957478,0.07690180940331547,0.23782333725128443,0.01634773107428627,0.15169742007536613,153.0528106150685,3.355079186407586,2.1472311624499856,-0.5012335051585705,46.00630781840199
feat5_280,0.6696043746769472,0.11678990304275542,0.11577257775779959,0.006756616560032121,0.09107652796246561,143.05756027534994,3.2699012015256557,2.1237890037193705,-0.5448362135262146,44.83432983246611
feat5_229,0.554214732058257,0.09710099440250837,0.18241706777926017,0.03049609253972763,0.135771113220247,139.64101057939334,3.2398212494036915,2.1147652389893272,-0.5012335051585703,45.4201858777012
feat5_171,0.5962723425138187,0.10464066094306217,0.07221778536840881,0.017932011390364343,0.20893719978434608,117.80356825298436,3.0341074533012247,2.0357870991412494,-0.5657737457775343,46.00637119911165
feat5_242,0.6515481570382626,0.1353086457898177,0.026770277562950296,0.041981407547554715,0.14439151206141468,117.80356825298436,3.0341074533012247,2.0357870991412494,-0.5657737457775343,46.00637119911165
feat5_213,0.4988011097905593,0.15261799183431254,0.22983079133897885,0.036278712095449334,0.08247139494069984,113.86770688623804,2.9942133402634883,2.060671271249311,-0.5012335051585703,46.00639092737861
feat5_095,0.6167134448523567,0.02072353197294235,0.10809172876863822,0.11643909048115882,0.13803220392490392,111.66530442311418,2.9714623612066693,2.0446558259239938,-0.523044833998564,45.41995270124311
feat5_206,0.6798846243514084,0.0453158446919772,0.09233166047162983,0.020830802572191314,0.16163706791279306,111.64834330531772,2.971285924767558,2.0503865093433276,-0.5907571982005388,45.42005796018419
feat5_093,0.6332844780291587,0.15971057904956124,0.10429018574877573,0.016528676412430016,0.08618608076007439,103.88964173903916,2.8885057813770674,2.0278159092002315,-0.5012335051585702,45.42026898667782
feat5_234,0.5408763788961819,0.08058363899949682,0.23485678785108016,0.06970131530757322,0.07398187894566785,97.32103280030599,2.814931443596408,2.019068154819712,-0.5012335051585702,46.592365434644826
feat5_060,0.48520597242950164,0.10671320382251316,0.18718488657545085,0.07361953437851,0.1472764027940243,87.11523078265029,2.6933064055319345,1.948781222340078,-0.5012335051585703,46.006715455442766
feat5_266,0.5015297896226343,0.08570822904531207,0.20056022296360973,0.07484237479540012,0.1373593835730438,87.11523078265029,2.6933064055319345,1.948781222340078,-0.5012335051585703,46.006715455442766
feat5_199,0.5544858382559896,0.11023403164474596,0.0966931347363997,0.09552949818563285,0.143057497177232,79.48144705386242,2.5955624016218657,1.916465736730399,-0.5012335051585705,45.420593514741974
feat5_292,0.5561168504372683,0.07849294955017835,0.1342241773404998,0.083888758983061,0.14727726368899252,79.48144705386242,2.5955624016218657,1.916465736730399,-0.5012335051585705,45.420593514741974
feat5_262,0.41255498266621377,0.11406977631171704,0.2663032097692159,0.06759145224260092,0.1394805790102523,76.68852832049244,2.5581416632867295,1.9024079310557904,-0.5012335051585705,46.00680380692829
feat5_281,0.510818761850637,0.22107646038608939,0.07242300726557614,0.02908778684914261,0.16659398364855468,71.76365138270319,2.489736133538317,1.8788330067132684,-0.5012335051585706,46.006943904076216
feat5_227,0.5264331994938836,0.13083022545405798,0.13343891234836616,0.07586158765266797,0.1334360750510243,69.96842169369289,2.4639748180642633,1.8701730771971827,-0.5012335051585703,45.42068186622748
feat5_012,0.49330802354171793,0.18629683690686294,0.12433684279755379,0.06081979638466488,0.1352385003692005,68.17768074528043,2.4378076982485664,1.8599470414581025,-0.5012335051585705,46.006943904076216
feat5_042,0.47958273505785337,0.176093930268099,0.14531272775377344,0.05483847388708582,0.1441721330331884,68.17768074528043,2.4378076982485664,1.8599470414581025,-0.5012335051585705,46.006943904076216
feat5_297,0.4643975879136173,0.1980467717303503,0.12782327720249428,0.04108584483440788,0.16864651831913022,68.17768074528043,2.4378076982485664,1.8599470414581025,-0.5012335051585705,46.006943904076216
feat5_048,0.5973795422674294,0.21648131205343701,0.04719725821829777,0.031722507094156124,0.10721938036667962,67.56789658546343,2.428786322515936,1.8689651147116078,-0.5012335051585706,46.00702062051451
feat5_257,0.519681941841701,0.19372924368104502,0.12698324732757388,0.04064054502355498,0.11896502212612504,67.56789658546343,2.428786322515936,1.8689651147116078,-0.5012335051585706,46.00702062051451
feat5_249,0.5909164200456776,0.10595778171803925,0.06910823083639146,0.03772819135139498,0.19628937604849683,66.45220613262009,2.412130138468985,1.8493239579380336,-0.5657737457775353,46.006855552590714
feat5_235,0.6126293841522105,0.09702679068015595,0.07310637862149068,0.10824035713937756,0.10899708940676532,66.40469183290456,2.4114164171328154,1.8647403739669919,-0.5012335051585703,46.0065343247519
feat5_298,0.5339362070385663,0.15239692968821889,0.23499874489174505,0.043627937734785335,0.0350401806466846,65.72647371165961,2.4011891609134817,1.8889247828882247,-0.5012335051585705,46.59256946003414
feat5_032,0.44329569356880383,0.09410174712579684,0.26590751625320935,0.0756925853596735,0.12100245769251657,64.04892370952234,2.375567610520613,1.8609707469996914,-0.5012335051585703,46.59270569057656
feat5_222,0.2720720131038027,0.32822392932935174,0.23726290382570656,0.02438769673781421,0.13805345700332483,62.971324680138764,2.358857759202057,1.844527129186159,-0.5012335051585702,45.42086594560611
feat5_291,0.5998902171100098,0.03599851753826247,0.21215702861557564,0.079280270146038,0.07267396659011405,60.79187470883266,2.324433460687801,1.86216008030919,-0.523044833998564,46.592622281551364
feat5_174,0.6130679039736996,0.19044515003311768,0.07855330454044451,0.040473249269238586,0.07746039218349957,58.69899253037116,2.290544568783465,1.8313138184120283,-0.5012335051585703,45.420659982719975
feat5_040,0.5366934174552904,0.15587265135810915,0.1703086252583532,0.03241747721598596,0.10470782871226127,58.60345310645369,2.2889772827915014,1.8362722933526336,-0.5012335051585701,45.420753340156864
feat5_180,0.5254075829265078,0.16626976638878316,0.05424428743288843,0.11179500506804056,0.14228335818378018,58.27044809718724,2.283500296011006,1.8166225763011419,-0.5012335051585705,46.592918411342424
feat5_113,0.5405796900485159,0.15789567712572994,0.21987973406130748,0.06530865386684305,0.016336244897603575,57.22828477829895,2.2662152690423714,1.8473757696569462,-0.5454123899434755,46.592826982397604
feat5_020,0.4580230608547416,0.05519382651676458,0.19073053674408338,0.16115169605514273,0.13490087982926763,56.65712613512403,2.256647547793191,1.8164496774428491,-0.5012335051585703,46.5926589419014
feat5_098,0.5502373999018798,0.1429765925077809,0.15591062503677772,0.10034958232247518,0.050525800231086285,55.39358939616459,2.2352364416819728,1.8161227807107787,-0.5012335051585706,46.59277306072026
feat5_105,0.4909127576919051,0.08912390166393586,0.24391031791998424,0.09045994394057096,0.08559307878360382,55.39358939616459,2.2352364416819728,1.8161227807107787,-0.5012335051585706,46.59277306072026
feat5_108,0.33395151705291365,0.26006118684156465,0.16522500993231817,0.09183304462967642,0.14892924154352707,54.30637169153145,2.216534776219657,1.7921866502889499,-0.5012335051585703,46.006763736434024
feat5_188,0.37473498212663425,0.21535418712138057,0.1502903812192068,0.11238987034447842,0.14723057918829988,54.30637169153145,2.216534776219657,1.7921866502889499,-0.5012335051585703,46.006763736434024
feat5_224,0.5206084429204617,0.25472805936792675,0.10204851163553368,0.04303450288835912,0.07958048318771851,52.91294930380568,2.1921745707895095,1.7977780998815946,-0.5012335051585706,46.00710372949112
feat5_068,0.5204046386901489,0.09670207408781391,0.08436658965359226,0.13871016996163907,0.15981652760680598,52.899420853271224,2.191935849975427,1.7828835630017135,-0.5012335051585703,46.00660962481854
feat5_116,0.6826658409657442,0.10232663992931768,0.09101014946404444,0.06447964248997647,0.05951772715091688,52.66005707301908,2.1877049146605034,1.807545912794358,-0.5911418018580165,45.42095847941811
feat5_084,0.5509837956363927,0.13953992157159095,0.010884724827260593,0.1258568906336933,0.17273466733106252,51.74738656248142,2.171446801674945,1.7601017955225855,-0.5657737457775344,46.00689715540106
feat5_014,0.5810025553415639,0.3219798039115839,0.0043312935482694055,0.02274522027072023,0.06994112692786289,51.05457603074863,2.1589692430141727,1.7846232126549137,-0.5012335051585703,46.00719947408692
feat5_131,0.5554096226920571,0.21682454285719335,0.11107736780553754,0.03636471091185519,0.0803237557333568,50.26893274546452,2.1446739506022863,1.778464069549611,-0.5012335051585706,46.00710372949112
feat5_026,0.407089269033582,0.38493507295449125,0.03296813623102479,0.021641508214984336,0.15336601356591756,49.73922109598958,2.1349460422492106,1.7650645891852623,-0.5012335051585703,46.007154058968275
feat5_219,0.4026427230257756,0.22195344716620394,0.10825799557883674,0.10436684072891898,0.16277899350026498,49.36121899459989,2.1279593006072814,1.7603915860321435,-0.5012335051585703,46.59301479616177
feat5_228,0.5364257213842861,0.21017776332378743,0.04580799960711962,0.09684866515374592,0.11073985053106104,49.10133186815371,2.1231337280744556,1.7727671969223309,-0.5012335051585703,46.59290363932761
feat5_128,0.4805284360977213,0.12195298660644482,0.1960431717321388,0.10180258350457763,0.09967282205911748,48.76360667378888,2.1168357860831706,1.7688288736384727,-0.5012335051585703,46.59286141220577
feat5_067,0.3769155078662326,0.29550132780624516,0.16544380526778638,0.03360819353737201,0.12853116552236377,48.02933114928641,2.1030356716496614,1.7490634153861975,-0.5012335051585703,46.00721487535994
feat5_181,0.37421470704475407,0.2920733840336692,0.15597795580901755,0.03672882201666508,0.14100513109589408,48.02933114928641,2.1030356716496614,1.7490634153861975,-0.5012335051585703,46.00721487535994
feat5_011,0.4110590062795733,0.24312235815187225,0.2922428196383423,0.009193088736388294,0.04438272719382392,47.73183197884657,2.0974019129263097,1.7664621523969666,-0.5012335051585703,46.00714084496959
feat5_179,0.495423687435754,0.2222249966094025,0.14361606625438197,0.06660351911234365,0.07213173058811789,46.41175144316561,2.0720993757584125,1.7637205231320143,-0.5012335051585705,46.006816198908595
feat5_002,0.39755508061067596,0.19744634035829856,0.2829386932789901,0.09699461386741692,0.025065271884618587,45.479934946224475,2.0539306200999587,1.7546465782884104,-0.5012335051585703,46.59293033180849
feat5_157,0.3898487888269214,0.2566442562131515,0.09569524849651612,0.10580808485099807,0.15200362161241285,44.78093734338294,2.040127763079393,1.7251572524122152,-0.5012335051585705,46.59296688693338
feat5_001,0.5123763568140214,0.16597596228060796,0.15072996086956822,0.09587927618689261,0.07503844384890987,44.490521200226375,2.0343481785546866,1.735864259458124,-0.5012335051585703,46.006739471504964
feat5_208,0.5495629230776325,0.17188360671124558,0.12117113016445781,0.0892922679518484,0.06809007209481562,44.490521200226375,2.0343481785546866,1.735864259458124,-0.5012335051585703,46.006739471504964
feat5_245,0.5195177212384625,0.14079486946970313,0.1215981007246265,0.10689619665978527,0.11119311190742258,44.490521200226375,2.0343481785546866,1.735864259458124,-0.5012335051585703,46.006739471504964
feat5_007,0.4674678557489674,0.21625407527917356,0.0817864202933217,0.09106682030487992,0.14342482837365728,44.45629756546255,2.03366533604381,1.721338202169771,-0.5012335051585703,46.593112666187864
feat5_094,0.42347040325980817,0.22295103464026253,0.1382680830391461,0.0920045858874129,0.12330589317337017,44.45629756546255,2.03366533604381,1.721338202169771,-0.5012335051585703,46.593112666187864
feat5_146,0.4660067205202694,0.10108479377469237,0.2635605175911058,0.09823092040614693,0.07111704770778526,44.39686703674174,2.0324786720963006,1.7446659631621844,-0.5012335051585703,46.592788788587846
feat5_184,0.3908884271626404,0.08519259691811197,0.3690007953716415,0.06680137805262748,0.08811680249497861,43.99977788189354,2.0245209138983578,1.7534055972956595,-0.5012335051585705,46.592865515991456
feat5_062,0.28898678725546156,0.14681098124919317,0.3445976241815672,0.039008503999340555,0.1805961033144376,43.76876085687135,2.0198678747486856,1.711760022503128,-0.5012335051585702,45.420989327138656
feat5_118,0.5382252961157468,0.20472463167782876,0.17026926949595358,0.0715421820400861,0.015238620670384914,43.68246914373139,2.018125369079993,1.744932607561188,-0.5454123899434755,46.00689201234966
feat5_138,0.398502546082505,0.1406417882891666,0.2805760926116744,0.10873465026041582,0.07154492275623836,43.59727756423368,2.0164026878997108,1.7270000296172776,-0.5012335051585703,46.59285360440487
feat5_178,0.6210778668536796,0.18038400476585953,0.044860203431688,0.08217379125187195,0.07150413369690108,43.490495857158976,2.0142400602441985,1.7269559901718077,-0.5012335051585703,46.006705774248694
feat5_162,0.5024275742608861,0.2622895509649758,0.1189764177603903,0.07194623819901928,0.044360218814728625,43.42643393139214,2.012940823815015,1.7435511559243178,-0.5012335051585702,46.59311113781021
feat5_022,0.6470484616523625,0.21521839214045774,0.09053765928810588,0.03420471725950382,0.012990769659570104,42.910382692166635,2.0024250351594093,1.8251858610026737,-0.5911418018580159,43.66323791890073
feat5_018,0.23193477889745934,0.3906889484264548,0.15999253336768127,0.05443442623647163,0.16294931307193283,42.70367657463076,1.9981877967723167,1.7091403243646321,-0.5012335051585703,46.59296534971903
feat5_066,0.4398283316636529,0.24037223940587588,0.26035924026155227,0.04142286898250349,0.018017319686415473,42.56402724485026,1.9953169251413247,1.7332684972580896,-0.5012335051585701,46.59301683188565
feat5_052,0.44792411882957983,0.13807923402727987,0.21494773390499555,0.13061656319040543,0.0684323500477393,42.45075979287031,1.992983506009276,1.7161737210882224,-0.5012335051585701,46.592805695176494
feat5_169,0.5419556723705596,0.2107686307674116,0.07268940864550723,0.10859263815185577,0.06599365006466588,42.4338759266944,1.9926353048986316,1.7228336773011659,-0.5012335051585703,46.00672446332947
feat5_009,0.3307775579664168,0.25254096205377813,0.3610102001552238,0.02694726660902289,0.02872401321555849,42.25292202474847,1.9888972679004082,1.7319957418446665,-0.5012335051585706,46.59302885215864
feat5_065,0.39365521376012846,0.2022712462485918,0.2527079423579854,0.05418473962060775,0.09718085801268668,41.717187350673264,1.977763554038039,1.7245634229113613,-0.5012335051585706,46.59301683188565
feat5_185,0.45044961035814113,0.18827754337868044,0.21216525867072125,0.08099288038564877,0.06811470720680836,41.717187350673264,1.977763554038039,1.7245634229113613,-0.5012335051585706,46.59301683188565
feat5_109,0.41149367108602536,0.12265040647516348,0.34897240002042806,0.09603228156024128,0.020851240858141704,41.45669191984962,1.9723133180550207,1.7310027366714718,-0.5012335051585701,46.592879518004224
feat5_076,0.34369577502281756,0.08353913183522547,0.27562035724164496,0.09697660787971842,0.20016812802059353,41.065957933743846,1.9640925412928576,1.7058179413814032,-0.5012335051585703,46.593026732836684
feat5_037,0.671992094242723,0.12931870628087838,0.03888653987652231,0.07414280493464087,0.08565985466523536,40.882367136910204,1.9602107958121318,1.6997554173320548,-0.649186576662395,45.42107536663637
feat5_294,0.3235462558400175,0.1533216855944452,0.2758041502991474,0.11260425878072396,0.13472364948566593,40.68451147948618,1.956013608741534,1.6951960128343424,-0.5012335051585706,46.59290179683036
feat5_006,0.4874284323575008,0.13294115062478665,0.06229124575063026,0.03836562780447184,0.27897354346261055,40.61830273193821,1.954605872920173,1.6896781210141394,-0.5657737457775345,46.59307240984077
feat5_029,0.6149535329570353,0.1946201204940564,0.08289809485367026,0.06360246464786207,0.043925787047375986,40.53189474143239,1.9527662149759726,1.723617526278483,-0.5911418018580166,46.007055035426106
feat5_248,0.3588983175545923,0.1841528003912886,0.33048672758982717,0.06423278559867297,0.06222936886561912,40.437137810301685,1.9507456122490274,1.7137476542302739,-0.5012335051585701,46.59301683188565
feat5_159,0.4317649109936375,0.21756497014335827,0.06497375447014375,0.14437319173163776,0.14132317266122266,40.34959523858159,1.948875869586637,1.6886612895993045,-0.5012335051585706,46.593012318488434
feat5_055,0.5324790301693336,0.19394184110104354,0.25113055843499416,0.017620748063977298,0.004827822230651386,40.01650680726766,1.94173538705736,1.81343910376446,-0.591141801858016,45.42144721816407
feat5_255,0.5223998655227856,0.19865227946064193,0.24756729383388493,0.026019659838371262,0.005360901344316282,40.01650680726766,1.94173538705736,1.81343910376446,-0.591141801858016,45.42144721816407
feat5_186,0.49803603306878164,0.06361794387056346,0.08924325526451574,0.026462553345270718,0.32264021445086843,39.772494179183745,1.9364777074428439,1.6880341571725714,-0.5559362856832168,46.59309871899529
feat5_259,0.3208708498658515,0.23806339283132724,0.28075719335535787,0.03796278029407388,0.12234578365338954,39.488659114192124,1.930333190773979,1.6928482181353985,-0.5012335051585701,45.42113342468599
feat5_033,0.46585707357316897,0.10872367837091039,0.12205829902738674,0.1268418482083168,0.1765191008202172,39.295434784930556,1.926132333462467,1.694285352891876,-0.5012335051585703,46.00697446087103
feat5_083,0.2498566829741503,0.2832523627122843,0.22256538433221584,0.0912239681436947,0.15310160183765484,39.27969129630865,1.9257894135671223,1.692871905376885,-0.5012335051585702,46.007080663258144
feat5_231,0.19737511918589135,0.3146975600497076,0.23098560610518806,0.06822546465927519,0.18871624999993797,39.27969129630865,1.9257894135671223,1.692871905376885,-0.5012335051585702,46.007080663258144
feat5_238,0.39657858977572474,0.31996442359664945,0.22165345035019043,0.054067008848084464,0.007736527429350893,38.88051872356151,1.9170620803987841,1.7089940709130185,-0.5012335051585705,46.59298469464984
feat5_107,0.4440438648969126,0.18788170530873666,0.18485841050116947,0.12736348923101729,0.055852530062164056,38.64392678485514,1.91185937793388,1.6860435163102183,-0.5081528845612767,46.59293646625547
feat5_141,0.24471685835391055,0.28271997585132946,0.2412722551093028,0.047720898309515716,0.18357001237594162,38.621919048921086,1.9113742790118518,1.676496291795931,-0.5012335051585703,46.00710210503563
feat5_276,0.456841516467846,0.11463793054183984,0.11649767094656653,0.1254406493416923,0.18658223270205535,38.289724745291515,1.9040281152196017,1.6839637811303894,-0.5012335051585703,46.59323649871976
feat5_284,0.5011609975887467,0.21955621783627996,0.02404110412536084,0.13099972259860937,0.12424195785100327,37.76261494402691,1.8922784768517724,1.6675372239670712,-0.5012335051585705,46.59309881856559
feat5_202,0.38760768958314307,0.2409558388850274,0.10835216587596852,0.05591467803727406,0.2071696276185869,37.509913273200304,1.8866043992145967,1.6656180229894102,-0.5012335051585703,46.59326666468621
feat5_212,0.30428938711566983,0.1818460304626108,0.13492942600420532,0.1129333926339634,0.2660017637835507,37.25646243944909,1.8808862682725462,1.6646272268843902,-0.5012335051585703,46.59321159200053
feat5_126,0.3008026338469456,0.2557592473245532,0.19542214035524533,0.07335865744268139,0.1746573210305746,36.761306991363334,1.8696351161933307,1.6715147608943677,-0.5012335051585705,46.007167163335296
feat5_191,0.22695485619581093,0.19135234789508157,0.36769210899870397,0.022642101156174776,0.1913585857542286,36.6920135187277,1.8680520606358115,1.6575549067067215,-0.5012335051585702,46.00710210503563
feat5_023,0.4107614899595194,0.3187521296484106,0.1029234821791009,0.06823223029139591,0.0993306679215731,36.55977266908174,1.8650250502884371,1.6649081251385034,-0.5012335051585703,46.593011394095896
feat5_139,0.42120541359230285,0.25965509050639834,0.13732049753369044,0.08948814397472205,0.09233085439288613,36.55977266908174,1.8650250502884371,1.6649081251385034,-0.5012335051585703,46.593011394095896
feat5_254,0.36750264780938025,0.24328502833987828,0.2030221187617381,0.0777185061569023,0.10847169893210092,36.38794116491605,1.861080209801004,1.6613419386476154,-0.5012335051585706,46.006944704471415
feat5_000,0.38006374014847294,0.0484890328341648,0.31735324204951465,0.15608907600860938,0.0980049089592383,35.94113572654543,1.8507605602035455,1.6652475034796999,-0.5012335051585703,46.59266935582265
feat5_195,0.3034055751387062,0.201043848988736,0.16064437102703247,0.12911325612316793,0.20579294872235743,35.68491562852091,1.84480176081341,1.6591078291105608,-0.5012335051585703,46.007081823811355
feat5_279,0.3521441809851649,0.33185013085532045,0.048197319863747465,0.0904129199833327,0.17739544831243434,35.54360576157383,1.8415024179716881,1.6569972976674423,-0.5012335051585705,46.59324522290872
feat5_003,0.3044151139075857,0.1774584587132447,0.35454485549061493,0.09064973463382574,0.07293183725472917,34.996229798969686,1.828633826198856,1.655055435177481,-0.5012335051585703,46.592989761253456
feat5_175,0.3181508082094512,0.16839368385507228,0.3538528070186732,0.10107038462328731,0.05853231629351594,34.996229798969686,1.828633826198856,1.655055435177481,-0.5012335051585703,46.592989761253456
feat5_211,0.34320640610936237,0.13703707336463178,0.3206778774466524,0.11985797449434861,0.07922066858500484,34.996229798969686,1.828633826198856,1.655055435177481,-0.5012335051585703,46.592989761253456
feat5_127,0.34677296333586016,0.26120748361217083,0.10904716544568568,0.047296369339933086,0.2356760182663503,34.84791995351261,1.8251226233539577,1.6421075311148867,-0.5012335051585703,46.593205848294545
feat5_058,0.33463595601823065,0.23381094931037827,0.10882174090960174,0.14806113995014308,0.17467021381164619,34.74647652811096,1.8227148789305714,1.6483470064715846,-0.5012335051585706,46.007033914582976
feat5_172,0.38214240677551026,0.3920107306157376,0.11607274073239339,0.004180339353451751,0.10559378252290699,34.47779253164332,1.8163135818838767,1.6479996210929744,-0.5012335051585706,46.0072371679449
feat5_166,0.3353294337743823,0.25699563462515385,0.2501042707138819,0.10210408611039427,0.05546657477618754,34.473909212721864,1.8162208049104054,1.6478943887318254,-0.5012335051585701,46.593002068026955
feat5_015,0.5668038901664534,0.19665901761855917,0.12283261958823921,0.08778975888584505,0.025914713740903046,34.25343583939657,1.8109412702534682,1.6620790743328704,-0.5837979401841988,46.00720449235104
feat5_152,0.33755728110129757,0.4137154882154062,0.1376649377979323,0.033682162674409225,0.07738013021095465,33.661894912616866,1.7966562081912927,1.6493586917729888,-0.5012335051585705,46.59318664184966
feat5_100,0.38205067422605954,0.2116472028804122,0.1499181670535163,0.15112575840537215,0.10525819743463977,32.916780811638546,1.7784074916899386,1.6301484623976912,-0.5012335051585702,46.59284762063815
feat5_008,0.3852764569118424,0.21742782156335078,0.10214019884109925,0.11093733285234897,0.1842181898313585,32.43543768949528,1.7664629003571535,1.6266373437873198,-0.5012335051585702,46.59333288353909
feat5_111,0.34343446916478015,0.16612839932105622,0.3577305234579554,0.10150552373586039,0.031201084320347915,32.22228487287526,1.7611333973999659,1.6394239121466894,-0.5012335051585703,46.593165009007215
feat5_251,0.333165366550206,0.13102944208806622,0.4016199507843941,0.07474775468092147,0.05943748589641211,32.22228487287526,1.7611333973999659,1.6394239121466894,-0.5012335051585703,46.593165009007215
feat5_117,0.4587503609755305,0.09977250156871108,0.01939133739140339,0.11700491406502508,0.30508088599933,32.098597592366275,1.7580293737768566,1.6018569812442567,-0.5776922134687537,46.59308299304421
feat5_041,0.48801189968042147,0.15557691581305902,0.045077327162471426,0.056328089090200706,0.25500576825384746,31.776390707673677,1.7499034215911546,1.6028721495736309,-0.5657737457775351,46.59318797240996
mom_accel,0.4,0.2,0.15,0.15,0.1,31.46066155790747,1.741884086397231,1.6140686852546486,-0.5012335051585703,46.59295531935202
feat5_053,0.3657747475922053,0.24886849360200256,0.1025224707150547,0.12184098897433007,0.16099329911640747,31.4415674502772,1.741397284621034,1.6125295506242892,-0.5012335051585703,46.59319847423355
feat5_079,0.28463388267587897,0.3286498636198213,0.06906142885820697,0.1239116878096777,0.19374313703641505,31.4415674502772,1.741397284621034,1.6125295506242892,-0.5012335051585703,46.59319847423355
feat5_204,0.30005085957136673,0.08453456885325883,0.27340844807154685,0.06250930291225999,0.27949682059156766,31.029991405615718,1.7308529853741907,1.6024248184395316,-0.5185677936432288,46.0071594696904
feat5_156,0.6700638234282745,0.07524267631830613,0.17284827042981285,0.04319464700166655,0.038650582821940054,31.01929559601229,1.7305776502780295,1.7022727537665605,-0.6146656886706326,44.24959188911526
feat5_296,0.44106851006474634,0.2575732679957353,0.12261699570302119,0.09600961218626186,0.08273161405023542,30.78669450791427,1.7245732712651276,1.6047067083473388,-0.5012335051585703,46.5930942559465
feat5_133,0.2118870600680124,0.08446870160790841,0.5078451626760322,0.08611167429695223,0.10968740135109481,30.651049327968977,1.7210568882433002,1.6108424351020845,-0.5012335051585703,46.593088281603606
feat5_201,0.38188000722724447,0.11513863108291396,0.14360841098650165,0.04777855945420097,0.31159439124913896,30.61573503437776,1.7201396161727973,1.5933916146413538,-0.5185677936432288,46.59326666283157
feat5_142,0.3645675883265074,0.07717266338167968,0.18181464624188076,0.11034804246563341,0.2660970595842988,30.30434619434524,1.712018854990088,1.5950831004051464,-0.5012335051585703,46.007160630243625
feat5_193,0.2901927104499022,0.38199571468377697,0.04937216434106321,0.09313551262787413,0.18530389789738358,30.07520820970051,1.7060053412003207,1.5978123666072113,-0.5012335051585702,46.59323436731477
feat5_085,0.272111146189706,0.2649569180403114,0.20930439979270168,0.11904420711789375,0.13458332885938712,29.771653073667053,1.6979886943414422,1.604466442217325,-0.5012335051585706,46.007008153327476
feat5_240,0.2635078187785925,0.39856010676794507,0.19731977221985791,0.025323597409842764,0.11528870482376186,29.252273284453544,1.6841371140136339,1.6001880168613851,-0.5012335051585703,46.5932236954841
feat5_124,0.4467242719900363,0.10511746601577102,0.21466826558111768,0.16189991507544244,0.07159008133763262,28.691097731986844,1.6689738767819065,1.5855135823020037,-0.5327300803990216,46.59295335467651
feat5_246,0.3528140036385403,0.44565542630771526,0.1034132331384723,0.049338379512701425,0.048778957402570766,28.218727560502373,1.6560466935998912,1.5881497389986095,-0.5012335051585702,46.59331741292864
feat5_272,0.4876632863762304,0.08184518577572784,0.029006888664032615,0.0982404929240522,0.3032441462599569,27.363954843412554,1.6322598203182817,1.5498341748763402,-0.5559362856375306,46.59328812429103
feat5_278,0.3584844988921584,0.2760865634606923,0.04198288915432493,0.15490980274728267,0.1685362457455418,27.191781836738052,1.6274051212323006,1.5628819874089048,-0.5012335051585703,46.59332924531254
feat5_239,0.2585348244898344,0.1486742452399494,0.29339030463708377,0.10110957414218419,0.1982910514909483,27.0574998077976,1.6236037022314558,1.5651013181241749,-0.5012335051585706,46.00728076122897
feat5_135,0.29631094209325987,0.2413787777866996,0.1717592634429475,0.13884878646503634,0.15170223021205673,27.04702845145551,1.6233067057823778,1.5702679240633433,-0.5012335051585706,46.00700931388063
feat5_101,0.24953873235996454,0.19545408364875452,0.38624836986736,0.09197156278509534,0.07678725133882552,26.773384312824312,1.6155163989819834,1.5623261649581417,-0.5012335051585703,46.593203844172784
feat5_102,0.2592582046180426,0.02278969879981704,0.31163961659468503,0.07414356353963218,0.3321689164478233,26.215127145496485,1.5994471035637479,1.545702466848624,-0.5185677936432294,46.007237352216606
feat5_170,0.4343653399567592,0.1685727457292846,0.05940195923167069,0.044997896731870435,0.29266205835041514,26.174796808649944,1.5982768616453678,1.535267318935903,-0.5559362856375321,46.59332401737223
feat5_035,0.32426934755608083,0.295321351077808,0.009013538566774129,0.05087832003126561,0.3205174427680715,25.833299255210374,1.5883163232613002,1.536817066971152,-0.5325796765032589,46.59332536760794
feat5_205,0.2568645402761069,0.16020997210863833,0.3977210734273238,0.09256537913701808,0.09263903505091312,25.435540318540518,1.5765966443425112,1.5431065528251153,-0.5012335051585702,46.593203844172784
feat5_176,0.30353829205634564,0.5016976615790993,0.06926685617029874,0.06400495054640588,0.06149223964785038,25.05183248339832,1.565167440786877,1.5426386235974134,-0.5012335051585703,46.59326950370026
feat5_232,0.3298222743933414,0.04612641111435907,0.3082322699134166,0.16423501791371034,0.15158402666517276,23.609130814827367,1.5210525046741292,1.525696667085481,-0.5012335051585705,46.59307463413227
feat5_030,0.2189690507322415,0.501350079513155,0.10110251250116091,0.048331953722696504,0.1302464035307462,23.273993885516283,1.5105329916079517,1.50932902616891,-0.5012335051585703,46.59327773915946
feat5_004,0.34437510596631665,0.14612541996082185,0.04779422605101255,0.1505615102998687,0.3111437377219802,22.110303969097686,1.4731522773432917,1.5208895733458752,-0.5180730136423403,47.17882627203108
feat5_273,0.2612149763075693,0.24830941014178892,0.044288770678618805,0.14131089574138742,0.3048759471306354,22.01167247211174,1.469920535846633,1.5174438673249726,-0.5180730136423405,47.17873977195393
feat5_167,0.3706679327151001,0.19953273707321795,0.14654230964812304,0.1562734419548117,0.12698357860874726,21.70198961248561,1.4597064627715324,1.4934066745348604,-0.5012335051585705,46.59320736988676
feat5_034,0.2582819644450813,0.34669291665633784,0.10046292866082641,0.12676967629068026,0.16779251394707417,21.166373413114794,1.4417944315888462,1.4835176892284976,-0.5012335051585703,46.59330464461019
feat5_286,0.2840346939336911,0.32952289688065545,0.131222341339452,0.1133149927866073,0.1419050750595942,21.166373413114794,1.4417944315888462,1.4835176892284976,-0.5012335051585703,46.59330464461019
feat5_013,0.546130752801646,0.3620639981622273,0.04169800326739397,0.03989784716153249,0.010209398607200403,20.664956855503164,1.424733078189658,1.551846496467657,-0.5798387466410526,46.00813765396864
feat5_130,0.29952499291109524,0.12651102165719974,0.12209756674298844,0.152551177853824,0.2993152408348926,20.224693000110925,1.4095093265126084,1.4913547760727648,-0.5180730136423408,46.592785188574325
feat5_073,0.1967910766714439,0.10265953304188015,0.4515009133071486,0.1266563072236338,0.12239216975589352,18.88581602597926,1.3617221702403475,1.4447431735293843,-0.5012335051585703,46.59335737435768
feat5_151,0.5997038146035004,0.053666138901765637,0.13637646773248535,0.14490524704355684,0.06534833171869177,18.821069767957756,1.3593512691645664,1.5159754056959123,-0.5012335051585705,46.59335042690499
feat5_132,0.21256203033146698,0.19667989039541514,0.10311052078780457,0.12847350766953877,0.3591740508157746,18.350309058913105,1.3419368929490343,1.4568182150524993,-0.5180730136423409,47.17898795685598
feat5_064,0.5074854579072051,0.167448023135347,0.0859490115663067,0.17316395504820112,0.06595355234294017,18.166915073228466,1.3350672098883187,1.4984602309730972,-0.5012335051585702,46.59336919828491
feat5_069,0.2605598550017788,0.15618103053289073,0.09113881659703103,0.2188536852544662,0.2732666126138333,17.788652853827134,1.320741542052068,1.4546483255795115,-0.5137654334508369,47.178737372995755
feat5_099,0.24794717550530154,0.23272614314161058,0.06287638040535888,0.10820720568538143,0.3482430952623475,17.192479373811615,1.2977190269909902,1.4289867003529775,-0.5180730136423414,47.17904779596473
feat5_097,0.597669318695236,0.02048911962073623,0.1699261391376994,0.1576196957802017,0.054295726766126796,17.027794983810193,1.291260010887223,1.4880655982515776,-0.5230448339985638,46.59321193627389
feat5_290,0.3888972905288074,0.19365082677989562,0.04024768975956044,0.17676760630797486,0.2004365866237616,16.947986012404243,1.2881139481075978,1.4189654073821054,-0.5137654334508371,47.17906574218306
feat5_056,0.2773419572133891,0.1600185035791969,0.12442765028711734,0.22360491982722056,0.21460696909307606,16.90503116170219,1.28641633065609,1.426351568175824,-0.5137654334508377,47.17890653345859
feat5_054,0.4963747311164048,0.20068076748280209,0.13212390621298387,0.1559049936745812,0.014915601513228174,16.831430178048844,1.2835004396161538,1.4682220298342052,-0.5012335051585701,46.593447890561166
feat5_271,0.49241646610705736,0.24268605853102485,0.14146120609001864,0.09529387208738944,0.028142397184509844,16.623782715510714,1.2752250271616008,1.471030899219607,-0.5012335051585703,46.00742283866259
feat5_217,0.5667546842852608,0.17214634941599893,0.04027238799617501,0.14636798958465255,0.07445858871791258,16.517925171314833,1.2709780943046614,1.4594094663736243,-0.5012335051585703,46.00735507961333
feat5_005,0.5968246883086713,0.05772981815070951,0.14034934325964507,0.15588397515352423,0.049212175127450006,16.277128163972026,1.2612452569952288,1.4611628549890998,-0.5188277967394802,46.59348119798397
feat5_241,0.2690869956427883,0.02604828513740981,0.2665125660125219,0.10469897085455368,0.33365318235272623,16.18664015710145,1.2575614644412485,1.3969897708607322,-0.5421545087887369,46.59289920228053
feat5_144,0.5389124930289851,0.1975829808850886,0.14296615743339622,0.09372125617081598,0.02681711248171414,15.83764864365898,1.2432159242317535,1.4522814359194804,-0.5508777150426654,46.007576425718376
feat5_143,0.2369256434543402,0.2839546155158045,0.11753980246943468,0.11135816777463078,0.2502217707857899,15.563802408583795,1.2318018637183,1.3902789034716598,-0.5012335051585703,47.17923172353285
feat5_260,0.6414615484681782,0.11139237072682791,0.08792176217754255,0.12149340205199921,0.037730916575452175,15.41282088230944,1.2254479964074725,1.444998576020543,-0.6097333650677226,46.00777712627416
feat5_031,0.5074430787156033,0.21171086607555226,0.10108408347011823,0.14111147201990878,0.03865049971881732,15.238713434202545,1.2180659931314541,1.4265769480625994,-0.5012335051585703,46.00734727181243
feat5_270,0.5510528905526536,0.07915101534502385,0.17434052402839964,0.14735494470246632,0.04810062537145646,15.14045315791187,1.2138734686326282,1.4314428325613215,-0.5171648913661521,46.59350226672234
feat5_074,0.33337107204761113,0.12023404263872418,0.06651943776269008,0.24858506973620229,0.23129037781477238,15.114825049809104,1.2127768162572066,1.393053711546305,-0.5521289614349889,47.17894450738623
feat5_082,0.3959622360873951,0.10606907134538736,0.3222440770408834,0.16214743902978226,0.013577176496551885,14.859457117710058,1.2017768271522518,1.421309081145028,-0.5012335051585703,46.593461481625965
feat5_080,0.3636321359924361,0.22962208016568642,0.22596180171123392,0.13341859043240686,0.04736539169823677,14.382779241594555,1.1808807189070496,1.4030112977045048,-0.5012335051585703,46.59358361452897
feat5_149,0.38611021728088074,0.30445563510683493,0.16338530265244677,0.13214205805726154,0.013906786902575935,14.382779241594555,1.1808807189070496,1.4030112977045048,-0.5012335051585703,46.59358361452897
feat5_061,0.5267362586777413,0.14821593742377542,0.13595017241887788,0.1727342175631209,0.016363413916484604,14.16873943152107,1.1713382270597164,1.3979393181779145,-0.5327300804083641,46.59350989073591
feat5_250,0.40838356808668935,0.10179672566551125,0.0369022628792528,0.23494412607638712,0.21797331729215957,13.860637217135595,1.1574214352843124,1.3582912510768337,-0.5137654334508375,47.178891288858445
feat5_071,0.13280285929506597,0.13451584270052344,0.10518964893103215,0.13157247264709618,0.49591917642628236,13.855727049267108,1.1571978821072184,1.3733183364681212,-0.5137654334508373,47.17902798395083
feat5_010,0.6549675531648429,0.1582785005126495,0.04008625135965336,0.10092014763635225,0.045747547326501846,13.820746699521465,1.1556036507203529,1.3995711407571898,-0.6097333650677228,46.00797074089604
feat5_192,0.3563675834640655,0.04764358969256831,0.17230177699372196,0.1884204023271028,0.2352666475225415,13.50106643671185,1.140900245700632,1.3362367073309684,-0.5137654334508373,47.17900472698057
feat5_252,0.14915387385972587,0.12478855116235438,0.2427210315308599,0.29498761342439855,0.1883489300226613,13.226453808266795,1.1280717009521366,1.3872125782909526,-0.5923318418514049,47.17908251520083
feat5_196,0.45870930676681093,0.2301057198244044,0.09451198890318861,0.16352420029873188,0.05314878420686406,13.167514778653327,1.1252938436418711,1.3712683772411367,-0.5012335051585702,46.59356345313035
feat5_189,0.475070600829644,0.29698367178022755,0.08314695669147623,0.1302263601705455,0.014572410528106733,13.122436760000673,1.1231633269254488,1.3670205637457342,-0.5012335051585702,46.00746167382816
feat5_088,0.30910250844774567,0.39035748151200417,0.1833811537137233,0.0934357848157915,0.023723071510735386,13.010569004707248,1.1178536722386947,1.3757263415623027,-0.5012335051585703,46.00773439978008
feat5_119,0.27455266962371444,0.14850137401699462,0.08060283781024123,0.268004614113163,0.2283385044358866,12.913545927554605,1.113222381223736,1.3357097476786455,-0.5521289614349894,47.179193393634826
feat5_237,0.43891799285154165,0.20360674578824456,0.06774841761267457,0.18757033364257408,0.10215651010496514,12.856076762837137,1.110467532286771,1.359014381616472,-0.5012335051585703,46.593519898793055
feat5_268,0.44027230130825995,0.3490357920787215,0.12613630716718358,0.0779136648331574,0.006641934612677316,12.672222633735437,1.1015953288186822,1.3618159078587044,-0.5012335051585703,46.59380043908051
feat5_158,0.3147728584533947,0.02953781867145205,0.15114465620340095,0.061473688736982335,0.44307097793477007,12.613226744528594,1.098729086462927,1.3134823820213515,-0.5417250941353768,46.59288368960552
feat5_244,0.34550940232765825,0.035096069143509115,0.030985107340255273,0.27610354946899934,0.31230587171957797,12.5563392918338,1.095956282881407,1.328841183028614,-0.6006072703373757,47.179158309951326
feat5_182,0.4780969018860384,0.15655707098999738,0.05747340582628712,0.2053540931379848,0.10251852815969224,12.320735952311825,1.0843769595925759,1.3444624633087519,-0.513765433450837,46.593498576841
feat5_225,0.28335440099377845,0.31908716342080035,0.13647257336664914,0.17226331956868357,0.08882254265008854,12.19367203443303,1.078066934867845,1.337898293677666,-0.5012335051585705,46.59361746015525
feat5_274,0.2544227248283693,0.056943676126338404,0.20620348050631226,0.19802409876219038,0.28440601977678975,12.059931096912566,1.0713748709689197,1.3046480146108563,-0.5137654334508371,47.17900440348468
feat5_263,0.4932509438361389,0.2655375300689291,0.06276277209597612,0.16489785074001917,0.013550903258936632,12.013664192908502,1.0690475680954346,1.335158218299553,-0.5012335051585703,46.00744151242954
feat5_148,0.4639214211705055,0.22836342575112759,0.06948287584432629,0.18665836624722695,0.05157391098681367,12.002417568356492,1.068480886190088,1.3347825809125895,-0.5012335051585703,46.593606275554855
feat5_164,0.37586318342857833,0.22829310219662016,0.15211980688260054,0.16250104133974563,0.08122286615245537,11.910344966768534,1.0638274514815969,1.3296375383888621,-0.5012335051585703,46.59362759750692
feat5_194,0.4028091974449409,0.23744520672015998,0.14531888321244155,0.15870334179574244,0.05572337082671525,11.910344966768534,1.0638274514815969,1.3296375383888621,-0.5012335051585703,46.59362759750692
feat5_269,0.3821469858266743,0.23452902944471854,0.17949210336589863,0.16045213961951849,0.04337974174319019,11.910344966768534,1.0638274514815969,1.3296375383888621,-0.5012335051585703,46.59362759750692
feat5_247,0.6815988305600731,0.14097525034428326,0.02228884330560939,0.11297809379541818,0.04215898199461621,11.85864313049018,1.0612032247026395,1.3361646225332102,-0.6651387330932408,46.00797074089604
feat5_267,0.6057111895019138,0.06596084562289148,0.031704715418383767,0.21206749761688495,0.08455575183992595,11.630304513467339,1.0495156507103682,1.3382578435376113,-0.5424017736034856,46.59359026293564
feat5_207,0.4257866444195232,0.3428683278249383,0.03145359782930566,0.1296120795452802,0.07027935038095261,11.616391563499633,1.0487982834787752,1.319073767599305,-0.5012335051585703,46.593724872230354
feat5_223,0.46582881819626093,0.11533223798055206,0.17388452133093654,0.19329080111175348,0.05166362138049716,11.2923065074871,1.0319133529219413,1.3145503659779783,-0.5327300804083633,46.59360431087974
feat5_216,0.1728035709798037,0.09164949958103012,0.34490486926694375,0.14434244652917258,0.2462996136430498,11.16990111446595,1.0254467843996178,1.2700251352317635,-0.5137654334508373,47.179248046703094
feat5_258,0.2685371503636737,0.37722701726321684,0.10401098667281258,0.1652526623613904,0.08497218333890662,11.11758567869235,1.0226677076298683,1.3008824748067598,-0.5012335051585705,46.59361746015525
feat5_288,0.34953285047868043,0.4471169352048088,0.04623021112329537,0.13407256272510068,0.023047440468114716,10.673125336197964,0.9986757247323266,1.2870687958613278,-0.5012335051585703,46.593703550278285
feat5_104,0.31486229242952274,0.39199069972060685,0.06073189459146917,0.15605771407591693,0.0763573991824841,10.62578392400724,0.9960788387619302,1.2833869841254668,-0.5012335051585703,46.593725158869105
feat5_147,0.3574703852425149,0.4466862632417831,0.022725852903059885,0.1209315945079635,0.05218590410467886,10.591249963075722,0.9941793297931318,1.282100220501744,-0.5012335051585703,46.593724872230354
feat5_221,0.13889697865561532,0.2112387754679641,0.2029779170646261,0.2721658545173364,0.17472047429445808,10.283667723514077,0.9770645991006903,1.2606045291154033,-0.56758536491885,47.17950991090141
feat5_017,0.18225925638438112,0.21363486145418134,0.2593967804119574,0.15568584780973968,0.18902325393974043,10.090186367942731,0.9661123725918617,1.2390500613252804,-0.5137654334508368,47.179218935116495
feat5_153,0.591799270334919,0.06350827377891491,0.0773707499212698,0.2162358626440563,0.05108584332083983,10.065032955494816,0.9646776507361723,1.2844940179515367,-0.5424123996301344,46.59389972804901
feat5_183,0.31490253073916913,0.09908290862806562,0.3397395453760793,0.19627110395696026,0.05000391129972581,10.045446751694298,0.9635587183199832,1.2657091168098888,-0.5709587685533504,46.59363836309895
feat5_045,0.30770574134886786,0.1926983009091752,0.2467340571459122,0.20490007827803253,0.04796182231801216,9.996940647748064,0.9607809719542535,1.2663898965842209,-0.5305457943164648,46.5935382847098
feat5_198,0.1851379611181033,0.10817528667790445,0.41185994263590386,0.14561465559778178,0.14921215397030663,9.941073968316074,0.9575698737550682,1.2329612650963198,-0.5012335051585703,47.179224355668424
feat5_122,0.29860090340940176,0.24134209837956477,0.2769578639817512,0.14763178523240159,0.03546734899688066,9.777020697054366,0.9480660331188477,1.2596277414747112,-0.5012335051585703,46.59386111415219
feat5_090,0.5639846494326611,0.08136191447225155,0.15248614538467167,0.19806066319225007,0.00410662751816557,9.754069475910102,0.946727459658337,1.273745783205238,-0.5795067361736816,46.59392197106193
feat5_197,0.15703104587378083,0.2685269018334892,0.22660504596586659,0.1676703467140567,0.18016665961280662,9.68700538379915,0.9428032984372483,1.2264492649820795,-0.5137654334508374,47.17926738943343
feat5_190,0.3325047280026957,0.2739279866448881,0.20572371307556514,0.15312223578324488,0.0347213364936062,9.560623798766322,0.9353557017161498,1.2485284286491949,-0.5012335051585703,46.5937637543555
feat5_287,0.3156567547720626,0.1460451771844637,0.1411343270721278,0.21917406358237393,0.1779896773889719,9.557003011440683,0.9351413070103642,1.2207712546440512,-0.5137654334508375,47.17913171585227
feat5_114,0.3541654676078411,0.1494090044220876,0.25981584513194833,0.19723842371439415,0.03937125912372875,9.554712173497181,0.9350056318203621,1.248681529630744,-0.5305457943164649,46.59364598342365
feat5_134,0.5519374655017721,0.12892581190766764,0.00734654028629907,0.23089622021866182,0.0808939620855993,9.465239823320271,0.9296885203247038,1.262317661664086,-0.5305457943164649,46.593700287186074
feat5_282,0.23470867980261265,0.6572722259964032,0.03217550992558091,0.05048006410340879,0.02536352017199451,9.458864130746107,0.929308274236605,1.2513007052004408,-0.5012335051585705,46.59399539391369
feat5_289,0.20139814256942756,0.2009434951314584,0.22817102844408937,0.1998135546613352,0.16967377919368953,9.389769458354888,0.9251757919303931,1.2148338241288195,-0.5137654334508377,47.17926738943343
feat5_256,0.2426463118597932,0.11545271285637616,0.2590712955652247,0.22879347384407006,0.15403620587453584,9.383504265115127,0.9248000144479922,1.2151198500995906,-0.5137654334508375,47.179128191284036
feat5_077,0.23990295508911513,0.14883651993980568,0.3199788956860224,0.17585131358374478,0.11543031570131201,9.256319040064723,0.9171329502960115,1.2060887387824994,-0.5012335051585703,47.17917760699319
feat5_092,0.3424034960936262,0.12068854900579622,0.189305057430688,0.1675172997192765,0.18008559775061303,9.245792563235549,0.9164950540690209,1.2049681208420198,-0.518721581167514,47.179057178012194
feat5_136,0.5148911247058339,0.13211878688395234,0.119829444426236,0.21473851674250813,0.01842212724146974,8.99358499170628,0.9010554382376468,1.2378510940371894,-0.5318834084294377,46.59384769376873
feat5_277,0.42874085560251635,0.19070012718202983,0.04871676269854798,0.19688036523533642,0.13496188928156927,8.843201825745497,0.8917029865569073,1.223722227307706,-0.5137654334508373,46.59383682561716
feat5_140,0.3305117830862781,0.22478523938864012,0.06306473832948661,0.2147931307156127,0.16684510847998235,8.820791063937873,0.8902996299110544,1.1917408262602718,-0.5137654334508374,47.179171912559696
feat5_089,0.5125735494820707,0.1804952948081135,0.07029921189068307,0.2043181672393162,0.0323137765798165,8.770714645209424,0.8871547155432846,1.228201949783839,-0.5305457943164646,46.59392638604499
feat5_265,0.5187639497775949,0.17866157661950663,0.08129785575767258,0.20536658289319573,0.01591003495203014,8.770714645209424,0.8871547155432846,1.228201949783839,-0.5305457943164646,46.59392638604499
feat5_218,0.5197865642234886,0.12155494196283298,0.11136961841749245,0.2361804039830011,0.011108471413184894,8.63340233110138,0.8784655008233342,1.221465068946657,-0.531883408429437,46.59384769376873
feat5_299,0.49377111994436146,0.21192576727009782,0.04642267073370345,0.19560628974328892,0.05227415230854834,8.61923852153211,0.8775636559920017,1.21736817059623,-0.5012335051585706,46.59400224074536
feat5_063,0.47957324658229894,0.05847665720849712,0.1414157395806543,0.20574320030128304,0.11479115632726676,8.224638110279415,0.8520057583831284,1.2015618636449374,-0.569574723705573,46.59391680884994
feat5_086,0.5363405838352848,0.0802702147213406,0.04990787895004508,0.2116469974097111,0.12183432508361829,8.19593556315841,0.8501131482540973,1.210857416728445,-0.5220853402663366,46.59379761687128
feat5_028,0.2807535481639119,0.29884458994889024,0.2763403710397251,0.1309146234444057,0.01314686740306696,7.783036942897268,0.8223531713623695,1.1759441157576713,-0.5375262821983228,46.59397880736863
feat5_106,0.14200597285313019,0.2015778002596114,0.1929545278838188,0.32936804312380397,0.13409365587963554,7.651081614155984,0.813262185420881,1.1631357883600166,-0.5692592149798068,47.17966396400446
feat5_078,0.19285179621565784,0.32664755650096267,0.2792080332470814,0.14518577372351046,0.0561068403127875,7.455127375343224,0.7995550808606164,1.1520921697673852,-0.5012335051585703,46.5939896511947
feat5_103,0.4791014389710071,0.15004850609646495,0.03147512821049365,0.2162617767909672,0.1231131499310671,7.394688691043734,0.7952759764421848,1.1608939149699302,-0.5137654334508375,46.593815503665105
feat5_019,0.3670520263714945,0.24683886376685155,0.10703047516376371,0.21598683091910625,0.06309180377878407,7.1790550060273555,0.7798042587103016,1.1468969797610633,-0.5305457943164646,46.59393424990032
feat5_021,0.42865877347821846,0.21153200651831466,0.08957711329170229,0.21686395780718654,0.05336814890457802,7.1790550060273555,0.7798042587103016,1.1468969797610633,-0.5305457943164646,46.59393424990032
feat5_226,0.5077078996311933,0.1134855118509476,0.08813149361910882,0.2568071667737005,0.03386792812504987,6.944440893647805,0.7625925516641707,1.1400103438683904,-0.5318834084294377,46.59381868733114
feat5_187,0.43569031393265584,0.18139531707765139,0.07469746311901654,0.22987428819981567,0.07834261767086079,6.870930839090146,0.7571151725883145,1.1323751063673384,-0.5305457943164646,46.593894542031514
feat5_264,0.4876700315797797,0.18067400768084502,0.035571395532057834,0.22452787015090772,0.07155669505640991,6.870930839090146,0.7571151725883145,1.1323751063673384,-0.5305457943164646,46.593894542031514
feat5_120,0.21322850949594335,0.16632110553530102,0.10361357728580309,0.41429157772536257,0.10254522995759001,6.6775159774415975,0.742502615981814,1.109950232821099,-0.5993933805933991,47.17975014956836
feat5_173,0.06910110603502517,0.41922587281364526,0.1882919440423023,0.12579779974120664,0.19758327736782066,6.6677910047380635,0.7417600260501778,1.0876242875278572,-0.5012335051585703,47.17952604940662
feat5_200,0.20459009511961598,0.15414159185620507,0.11894503733218292,0.4241885687923126,0.09813470689968361,6.559656557946715,0.7334508816298859,1.1021250547007984,-0.6064641631671251,47.1797671531075
feat5_121,0.5775485632443568,0.18512915479088055,0.0029653173554252195,0.21261758240321707,0.021739382206120338,6.455010015092063,0.7253169580194156,1.1106778447841972,-0.5783052027646289,46.59428063941486
feat5_123,0.259877890678154,0.3777201989557454,0.17608722530870347,0.15757474782453157,0.02873993723286559,6.34691013267133,0.7168160469354832,1.0927142825981915,-0.5422095898972703,46.593926358651395
feat5_209,0.3155299196923598,0.1853638747505312,0.015848551197316603,0.4293357867818762,0.053921867577916144,6.094020007164681,0.6965209478129046,1.0724886802378546,-0.6328676675809419,47.17978984784326
feat5_236,0.17182231837046302,0.13019395804014475,0.1858644690633294,0.40493496427295306,0.10718429025310985,6.0861161301046875,0.6958771148981717,1.0708905929777894,-0.6064641631671255,47.1797671531075
feat5_081,0.38375461937352884,0.25521306020143864,0.06981003945968489,0.22186981814343015,0.06935246282191747,5.957077467582869,0.685281231437137,1.0774833119170109,-0.5305457943164646,46.59393424990032
feat5_025,0.25858613345411874,0.20145076789078487,0.1480229853822281,0.31241872893052963,0.07952138434233862,5.8889004510444,0.6796172515298582,1.0578905160434353,-0.5692592149798068,47.17940292043207
feat5_051,0.22779798255926623,0.36290710327268416,0.20319148879612345,0.16585937011978488,0.04024405525214113,5.8763352863473175,0.6785683114686536,1.0625448516605744,-0.5422095898972703,46.59402280763118
feat5_096,0.3343705399483423,0.1834151741506982,0.03258860711745241,0.29740866434277013,0.15221701444073682,4.921784659018432,0.5937627770801102,1.0258297440841981,-0.5675853649188503,47.18003258594421
feat5_293,0.267098855433262,0.29566469274454754,0.12737127397577153,0.29841880434857393,0.01144637349784501,4.776280484596117,0.579836005313668,0.966833007865666,-0.6622636236076711,47.179528038527174
feat5_154,0.38798840469975493,0.09418906711039947,0.05469320128092747,0.2697953906676602,0.1933339362412579,4.463830050049748,0.5488831817810333,0.9757851051956031,-0.5521289614349894,47.17992521380161
feat5_285,0.3134944962919958,0.19810563648797486,0.12532586519498998,0.30795738454753097,0.055116617477508505,4.242672589263083,0.5260348173800462,0.9259147280025904,-0.6491479548590362,47.17977640601159
feat5_230,0.24975227315138074,0.3497233399801441,0.09605016704806041,0.18959086024447788,0.11488335957593686,4.232761781806108,0.5249913677997333,0.9454127175975469,-0.5012335051585702,47.1798023749798
feat5_049,0.32160216973212674,0.2461374834294094,0.10898567658648996,0.2971936789943511,0.026080991257623014,4.185541570619177,0.5199959560957734,0.920388825675444,-0.6491479548590355,47.17983728620377
feat5_161,0.2222168988238513,0.21101059701626065,0.2051141518420355,0.2836719557052779,0.07798639661257475,4.089731958212295,0.509736436599439,0.9103193967157344,-0.6133201928461327,47.17999973788235
feat5_129,0.28107347019092566,0.10271158986224814,0.35780143073014725,0.22193621087296497,0.036477298343714167,4.01963395450037,0.5021219352172759,0.9234031375269219,-0.6119174998043032,47.17942960045935
feat5_295,0.3227981766232975,0.2978312897963224,0.12609114864038443,0.22034653960091943,0.032932845339076124,3.964395149590713,0.4960550741679832,0.9097796463687879,-0.6491478618122616,46.59431892075544
feat5_145,0.3172856128562499,0.07966195915206845,0.10369768611163445,0.35634703812861274,0.14300770375143462,3.9245761437187436,0.4916445660681037,0.9388505766593578,-0.5847067458664177,47.18014654303304
feat5_203,0.23810919740802777,0.2284799217719203,0.15189119894702174,0.23718947270773244,0.1443302091652978,3.8276591777819546,0.4807757546087936,0.9066808903599972,-0.5305457943164646,47.17984579185719
feat5_163,0.2889787687157585,0.0668864645510537,0.12769304462178838,0.34183023971821236,0.17461148239318713,3.6652842001608033,0.46212131596375294,0.9078736969327099,-0.5847067458664172,47.18010215515477
feat5_016,0.15126674968785542,0.01740000578699676,0.1927663710206498,0.613994591452555,0.024572282051943038,3.6258837135946673,0.45750692714741725,0.8913315138899275,-0.6217732735790453,47.18025230420005
equalish,0.3,0.2,0.2,0.2,0.1,3.6218701678713834,0.4570348930307728,0.8832576388803621,-0.5137654334508377,47.17984097046619
feat5_115,0.3009058776242131,0.2265901636489591,0.15775778965468074,0.2107638968730824,0.10398227219906482,3.6218701678713834,0.4570348930307728,0.8832576388803621,-0.5137654334508377,47.17984097046619
feat5_087,0.4157400700830052,0.13170118079170673,0.16980867191317647,0.26260898413608647,0.02014109307602515,3.55328846863862,0.44891117841654093,0.8765038478032869,-0.5887152853868772,47.17999370043534
feat5_043,0.37263372026690744,0.14718547186600253,0.17697121512671346,0.2790215462684279,0.02418804647194867,3.526702834172301,0.4457321858332324,0.8764699872364091,-0.6279788779247174,47.17995641635188
feat5_112,0.26693369595440564,0.025358911810939234,0.06396801202260374,0.3392957683089513,0.30444361190310004,3.524196213788299,0.4454315816230947,0.8970384503045541,-0.5847067458664179,47.1803351009822
feat5_168,0.3360693989171529,0.18537298387981144,0.018735547114281555,0.33568298217922066,0.12413908790953354,3.498397691581628,0.44232889075606785,0.8825742925388588,-0.5939676243049343,47.17999570381067
feat5_261,0.2845547319779825,0.101282360283483,0.3034085351617122,0.2308278670576207,0.07992650551920166,3.278922618786486,0.415255452286595,0.8409512862882437,-0.5318834084294378,47.17984097046619
feat5_215,0.1942405827191537,0.29028835090478394,0.17829275389570962,0.3149170197627146,0.022261292717638034,3.2762910791508113,0.4149231638661941,0.8252584061262356,-0.6133201928461329,47.18008486181727
feat5_214,0.21496793581869378,0.3255299385781338,0.11022012703040376,0.30965194750327923,0.039630051069489365,3.2239992078661484,0.40828067989743344,0.818513325483827,-0.6372079888862132,47.18010711885049
feat5_160,0.4192152730680633,0.11055118400732772,0.09629155979895287,0.2457229719206355,0.1282190112050207,3.13357693806273,0.39661244368741455,0.8261493308938979,-0.5305457943164644,47.179699219533134
feat5_210,0.23092754587318426,0.13669137854122096,0.3097496497028434,0.2348407387415241,0.08779068714122719,3.073496813387894,0.388727242673947,0.8140227454520069,-0.5305457943164649,47.179993728907064
feat5_075,0.394121513200885,0.16343488068830353,0.15275896374557063,0.27275192847940266,0.016932713885838148,2.926407719493716,0.368951280201379,0.7989256713798194,-0.6279788779247174,47.17995641635188
feat5_027,0.27870786813808107,0.06555005355448242,0.1427900559336074,0.3768625789027442,0.13608944347108498,2.9163517856641783,0.3675738090826963,0.8039057822565185,-0.5993934077030276,47.18030477400979
feat5_044,0.41880405314167707,0.12813817326278057,0.04275352664922354,0.30162356920833416,0.10868067773798461,2.902393296454145,0.36565618134825106,0.7985402165848743,-0.5813256031248235,47.180228497068455
feat5_024,0.36848297506994054,0.13841858117409628,0.09852156014633687,0.31553820919001047,0.07903867441961575,2.8308307314131675,0.35572102661253857,0.7898982172406722,-0.5781423448850442,47.17998291412123
feat5_038,0.45391255925249363,0.12161564389027398,0.14989151875754667,0.2731571225913863,0.0014231555082995578,2.809208480325581,0.3526842513073354,0.7809992053438708,-0.6279788779247178,47.17995641635188
feat5_070,0.36524447335966426,0.14679129457806664,0.17221313104680874,0.24809230735154308,0.06765879366391728,2.697700997233516,0.3367551817088883,0.7632965204217055,-0.5305457943164644,47.18011916472488
feat5_039,0.3755418075469276,0.10856749168810169,0.1937325571533107,0.3136808851749287,0.008477258436731226,2.6877172403839134,0.3353064106647674,0.7606906890719721,-0.6355658998532057,47.180087154477555
feat5_091,0.45723959282245225,0.031755699802463004,0.16890879987574298,0.2933917767976331,0.04870413070170854,2.504789252610957,0.3080603824919097,0.7339129368974908,-0.6022464183970095,47.180281265035916
feat5_165,0.371918638299366,0.13104628127843504,0.050075989792989134,0.40814747763748316,0.038811612991726634,2.3745827980218785,0.28779653513497516,0.709364858903154,-0.6328676675809414,47.180459661592465
feat5_046,0.47258392484892403,0.0805713824022509,0.08864450259141253,0.3377992341389388,0.020400956018474043,2.344954797269779,0.2830762635963624,0.705452834518902,-0.5781423448850447,47.180146464827196
feat5_243,0.3655855063259166,0.06806941483727677,0.061168916070585,0.4301080258403116,0.07506813692590997,2.2389945028381995,0.2658413867113756,0.6825025085090275,-0.6328676675809417,47.18061458793787
feat5_047,0.3616716631195889,0.2069403731030442,0.037484439688785974,0.2906924923308247,0.10321103175775623,2.1998426049540036,0.2593271646096762,0.6760637301449495,-0.5813256031248233,47.1803834251177
feat5_275,0.43543542659021334,0.14723772779099914,0.06941655394965825,0.25350867861707344,0.09440161305205584,2.1439421233482276,0.24988254611341065,0.6649226065205889,-0.5305457943164646,47.180205190495506
feat5_253,0.3810089841143277,0.2931980142840541,0.059929471084741545,0.24956955923035842,0.01629397128651842,2.140391557481687,0.2492768056238832,0.6617302940160321,-0.6491480451501701,47.180191491554794
feat5_059,0.3720733570678418,0.11557794287801755,0.1740643011345599,0.30204610658864606,0.03623829233093458,2.112213257463595,0.2444440849149867,0.6581376639083143,-0.6279788779247171,47.18031366264242
feat5_150,0.3846226811056411,0.2017187922843696,0.054325310878223954,0.27972631779035767,0.07960689794140764,2.0870517387368754,0.24009005338295042,0.6531277899647511,-0.5813256031248237,47.18036355730926
feat5_283,0.40043310297732354,0.22662014523165155,0.029283552922192323,0.26861653790477097,0.07504666096406164,2.0870517387368754,0.24009005338295042,0.6531277899647511,-0.5813256031248237,47.18036355730926
feat5_057,0.35720153542807836,0.17800881059628898,0.09004259266533525,0.27301722258534433,0.1017298387249531,1.9728755142092416,0.21985215812975123,0.6282555172075384,-0.5813256031248237,47.180449583079884
feat5_137,0.24385419945080838,0.11543937632694473,0.06837544569606292,0.40964966037652806,0.162681318149656,1.9697813699487254,0.21929231357316437,0.6244162802812886,-0.5993933805933992,47.18075855292597
feat5_220,0.2530543673555274,0.03128971007154479,0.02898999374657147,0.5065742060143816,0.18009172281197455,1.8608784701675578,0.19917861048335816,0.5988441174351764,-0.5882995215516438,47.18075135825251
feat5_072,0.4531526256298591,0.10779743130750127,0.05132053445351531,0.2827576129090394,0.10497179570008494,1.8535480337907577,0.19779510741700812,0.600667865790434,-0.5813256031248238,47.180489989823904
feat5_050,0.361588016027289,0.06862420630553151,0.16896317339965064,0.38242990861737525,0.01839469565015364,1.8361754267122243,0.1945007760121611,0.594134740753078,-0.6375114355867764,47.18041475766149
feat5_177,0.42346635598892424,0.05532496876914623,0.0734223876958199,0.43092657826437225,0.01685970928173755,1.8024900048202441,0.18804970826029477,0.5853194608657107,-0.6328676675809423,47.180492030161304
feat5_110,0.3157199645287616,0.14592682180818065,0.20462526622693206,0.2772840729206897,0.05644387451543611,1.7928372369677323,0.18618540571168896,0.5844270658123204,-0.6279788779247175,47.18054109377393
feat5_036,0.42787935309878794,0.056736708494558245,0.12360873956907696,0.36230003468627087,0.029475164151306073,1.7102969191303685,0.16994635157081794,0.5610202663937164,-0.6512630162878564,47.18048816117776
feat5_125,0.2932425146408778,0.28017642481376165,0.10370187077132392,0.25107805284428736,0.07180113692974924,1.4995390399609299,0.1258019850421157,0.5091316377944344,-0.6121186740233854,47.18061563605132
feat5_233,0.327476559494296,0.07900025992952328,0.2539620337009447,0.3323395810135614,0.007221565861674344,1.4891883510250326,0.12352366277073523,0.5014237373397159,-0.6355658998532057,47.18069256531358
