universe,min_history_days,min_daily_dollar_volume,earliest_universe_date,weight_name,stop_lb,seed_asset,risk_off_asset,multiple,cagr,sharpe,max_drawdown,annualized_turnover
medium,60,10000000,2023-01-30,short_accel,13,btc,btc,54.21162142065755,2.2148924310206337,1.8751077172462767,-0.5012379292641214,35.154832653532914
medium,60,10000000,2023-01-30,short_accel,13,eth,btc,54.21162142065755,2.2148924310206337,1.8751077172462767,-0.5012379292641214,35.154832653532914
medium,60,10000000,2023-01-30,short_accel,13,cash,btc,54.21162142065755,2.2148924310206337,1.8751077172462767,-0.5012379292641214,35.154832653532914
loose,30,5000000,2022-12-31,short_accel,13,btc,btc,52.550599008796404,2.1857656260820026,1.8679254837949266,-0.501237929264122,35.740869755148154
loose,30,5000000,2022-12-31,short_accel,13,eth,btc,52.550599008796404,2.1857656260820026,1.8679254837949266,-0.501237929264122,35.740869755148154
loose,30,5000000,2022-12-31,short_accel,13,cash,btc,52.550599008796404,2.1857656260820026,1.8679254837949266,-0.501237929264122,35.740869755148154
medium,60,10000000,2023-01-30,breakout,13,btc,btc,50.01448713865451,2.140010274144646,1.8315816924071,-0.5014878515484151,35.74084082197638
medium,60,10000000,2023-01-30,breakout,13,eth,btc,50.01448713865451,2.140010274144646,1.8315816924071,-0.5014878515484151,35.74084082197638
medium,60,10000000,2023-01-30,breakout,13,cash,btc,50.01448713865451,2.140010274144646,1.8315816924071,-0.5014878515484151,35.74084082197638
medium,60,10000000,2023-01-30,short_accel,12,btc,btc,49.79150156645766,2.135909399642571,1.8617376576807338,-0.4814260089176915,35.15573402086555
medium,60,10000000,2023-01-30,short_accel,12,eth,btc,49.79150156645766,2.135909399642571,1.8617376576807338,-0.4814260089176915,35.15573402086555
medium,60,10000000,2023-01-30,short_accel,12,cash,btc,49.79150156645766,2.135909399642571,1.8617376576807338,-0.4814260089176915,35.15573402086555
medium,60,10000000,2023-01-30,breakout,12,btc,btc,49.08328613447009,2.122797985354548,1.8406274178390176,-0.48142600891769083,35.74165494837571
medium,60,10000000,2023-01-30,breakout,12,eth,btc,49.08328613447009,2.122797985354548,1.8406274178390176,-0.48142600891769083,35.74165494837571
medium,60,10000000,2023-01-30,breakout,12,cash,btc,49.08328613447009,2.122797985354548,1.8406274178390176,-0.48142600891769083,35.74165494837571
loose,30,5000000,2022-12-31,balanced,13,btc,btc,49.055052123724494,2.1222725134371485,1.8268770822466145,-0.5012379292641218,35.74080348708149
loose,30,5000000,2022-12-31,balanced,13,eth,btc,49.055052123724494,2.1222725134371485,1.8268770822466145,-0.5012379292641218,35.74080348708149
loose,30,5000000,2022-12-31,balanced,13,cash,btc,49.055052123724494,2.1222725134371485,1.8268770822466145,-0.5012379292641218,35.74080348708149
loose,30,5000000,2022-12-31,short_accel,12,btc,btc,43.66011405425082,2.017673551181613,1.8416713558299753,-0.48646985292617595,35.74159804446095
loose,30,5000000,2022-12-31,short_accel,12,eth,btc,43.66011405425082,2.017673551181613,1.8416713558299753,-0.48646985292617595,35.74159804446095
loose,30,5000000,2022-12-31,short_accel,12,cash,btc,43.66011405425082,2.017673551181613,1.8416713558299753,-0.48646985292617595,35.74159804446095
medium,60,10000000,2023-01-30,balanced,13,btc,btc,43.32909462474067,2.0109640925001155,1.7758927764945145,-0.5012379292641217,35.74098646847043
medium,60,10000000,2023-01-30,balanced,13,eth,btc,43.32909462474067,2.0109640925001155,1.7758927764945145,-0.5012379292641217,35.74098646847043
medium,60,10000000,2023-01-30,balanced,13,cash,btc,43.32909462474067,2.0109640925001155,1.7758927764945145,-0.5012379292641217,35.74098646847043
loose,30,5000000,2022-12-31,balanced,12,btc,btc,40.02850930406462,1.9419934158861905,1.7908638776098387,-0.48646985292617617,35.74154247094942
loose,30,5000000,2022-12-31,balanced,12,eth,btc,40.02850930406462,1.9419934158861905,1.7908638776098387,-0.48646985292617617,35.74154247094942
loose,30,5000000,2022-12-31,balanced,12,cash,btc,40.02850930406462,1.9419934158861905,1.7908638776098387,-0.48646985292617617,35.74154247094942
medium,60,10000000,2023-01-30,balanced,12,btc,btc,39.0859343692911,1.9215610740979803,1.7532137908029448,-0.48142600891769094,35.741898817344236
medium,60,10000000,2023-01-30,balanced,12,eth,btc,39.0859343692911,1.9215610740979803,1.7532137908029448,-0.48142600891769094,35.741898817344236
medium,60,10000000,2023-01-30,balanced,12,cash,btc,39.0859343692911,1.9215610740979803,1.7532137908029448,-0.48142600891769094,35.741898817344236
loose,30,5000000,2022-12-31,short_accel,14,btc,btc,34.411066745799815,1.814718396723313,1.7236633804897348,-0.5746927933893389,36.911466714380154
loose,30,5000000,2022-12-31,short_accel,14,eth,btc,34.411066745799815,1.814718396723313,1.7236633804897348,-0.5746927933893389,36.911466714380154
loose,30,5000000,2022-12-31,short_accel,14,cash,btc,34.411066745799815,1.814718396723313,1.7236633804897348,-0.5746927933893389,36.911466714380154
loose,30,5000000,2022-12-31,base,13,btc,btc,33.78199079804784,1.7995706779758058,1.7335424813771703,-0.5398500349388433,35.7410724982777
loose,30,5000000,2022-12-31,base,13,eth,btc,33.78199079804784,1.7995706779758058,1.7335424813771703,-0.5398500349388433,35.7410724982777
loose,30,5000000,2022-12-31,base,13,cash,btc,33.78199079804784,1.7995706779758058,1.7335424813771703,-0.5398500349388433,35.7410724982777
medium,60,10000000,2023-01-30,short_accel,14,btc,btc,33.57636411431802,1.794576070450626,1.7073753499574884,-0.574692793389338,36.32550985042376
medium,60,10000000,2023-01-30,short_accel,14,eth,btc,33.57636411431802,1.794576070450626,1.7073753499574884,-0.574692793389338,36.32550985042376
medium,60,10000000,2023-01-30,short_accel,14,cash,btc,33.57636411431802,1.794576070450626,1.7073753499574884,-0.574692793389338,36.32550985042376
loose,30,5000000,2022-12-31,balanced,14,btc,btc,31.18885093074281,1.7349345175001698,1.6712559884443896,-0.5746927933893384,36.911421389108185
loose,30,5000000,2022-12-31,balanced,14,eth,btc,31.18885093074281,1.7349345175001698,1.6712559884443896,-0.5746927933893384,36.911421389108185
loose,30,5000000,2022-12-31,balanced,14,cash,btc,31.18885093074281,1.7349345175001698,1.6712559884443896,-0.5746927933893384,36.911421389108185
medium,60,10000000,2023-01-30,breakout,14,btc,btc,28.946156232899465,1.6758914563045701,1.640253374418817,-0.5682833972448134,36.911559601881244
medium,60,10000000,2023-01-30,breakout,14,eth,btc,28.946156232899465,1.6758914563045701,1.640253374418817,-0.5682833972448134,36.911559601881244
medium,60,10000000,2023-01-30,breakout,14,cash,btc,28.946156232899465,1.6758914563045701,1.640253374418817,-0.5682833972448134,36.911559601881244
medium,60,10000000,2023-01-30,short_accel,13,btc,cash,27.78226964166183,1.6439655010438075,1.763431121261971,-0.32877985413955824,15.81250953528477
medium,60,10000000,2023-01-30,short_accel,13,eth,cash,27.78226964166183,1.6439655010438075,1.763431121261971,-0.32877985413955824,15.81250953528477
medium,60,10000000,2023-01-30,short_accel,13,cash,cash,27.78226964166183,1.6439655010438075,1.763431121261971,-0.32877985413955824,15.81250953528477
loose,30,5000000,2022-12-31,short_accel,13,btc,cash,26.926190683247516,1.6198735136999787,1.7557693339530374,-0.328779854139558,16.39859946306739
loose,30,5000000,2022-12-31,short_accel,13,eth,cash,26.926190683247516,1.6198735136999787,1.7557693339530374,-0.328779854139558,16.39859946306739
loose,30,5000000,2022-12-31,short_accel,13,cash,cash,26.926190683247516,1.6198735136999787,1.7557693339530374,-0.328779854139558,16.39859946306739
medium,60,10000000,2023-01-30,base,13,btc,btc,26.8826733272367,1.6186344470970115,1.6367039202293596,-0.5398500349388449,36.32691324654983
medium,60,10000000,2023-01-30,base,13,eth,btc,26.8826733272367,1.6186344470970115,1.6367039202293596,-0.5398500349388449,36.32691324654983
medium,60,10000000,2023-01-30,base,13,cash,btc,26.8826733272367,1.6186344470970115,1.6367039202293596,-0.5398500349388449,36.32691324654983
medium,60,10000000,2023-01-30,short_accel,12,btc,cash,26.67540363433701,1.6127133159248328,1.7746215356262873,-0.2828111805229593,15.812042223482614
medium,60,10000000,2023-01-30,short_accel,12,eth,cash,26.67540363433701,1.6127133159248328,1.7746215356262873,-0.2828111805229593,15.812042223482614
medium,60,10000000,2023-01-30,short_accel,12,cash,cash,26.67540363433701,1.6127133159248328,1.7746215356262873,-0.2828111805229593,15.812042223482614
loose,30,5000000,2022-12-31,base,12,btc,btc,26.544953812461365,1.6089700101187372,1.668543607385712,-0.5381286115605208,35.74186531944077
loose,30,5000000,2022-12-31,base,12,eth,btc,26.544953812461365,1.6089700101187372,1.668543607385712,-0.5381286115605208,35.74186531944077
loose,30,5000000,2022-12-31,base,12,cash,btc,26.544953812461365,1.6089700101187372,1.668543607385712,-0.5381286115605208,35.74186531944077
medium,60,10000000,2023-01-30,breakout,12,btc,cash,26.294605696353074,1.6017495630078127,1.74645266424727,-0.3959299731275807,16.397978446852687
medium,60,10000000,2023-01-30,breakout,12,eth,cash,26.294605696353074,1.6017495630078127,1.74645266424727,-0.3959299731275807,16.397978446852687
medium,60,10000000,2023-01-30,breakout,12,cash,cash,26.294605696353074,1.6017495630078127,1.74645266424727,-0.3959299731275807,16.397978446852687
medium,60,10000000,2023-01-30,balanced,14,btc,btc,26.056476526959568,1.5948362526364472,1.596627509646042,-0.5746927933893388,36.91168485463139
medium,60,10000000,2023-01-30,balanced,14,eth,btc,26.056476526959568,1.5948362526364472,1.596627509646042,-0.5746927933893388,36.91168485463139
medium,60,10000000,2023-01-30,balanced,14,cash,btc,26.056476526959568,1.5948362526364472,1.596627509646042,-0.5746927933893388,36.91168485463139
medium,60,10000000,2023-01-30,breakout,13,btc,cash,25.63551344336599,1.5825047899450735,1.71084627781525,-0.45763649555870345,16.39846952888789
medium,60,10000000,2023-01-30,breakout,13,eth,cash,25.63551344336599,1.5825047899450735,1.71084627781525,-0.45763649555870345,16.39846952888789
medium,60,10000000,2023-01-30,breakout,13,cash,cash,25.63551344336599,1.5825047899450735,1.71084627781525,-0.45763649555870345,16.39846952888789
loose,30,5000000,2022-12-31,balanced,13,btc,cash,25.135121490323836,1.5676587753346314,1.7058809597405207,-0.3479633699792398,16.398533173722583
loose,30,5000000,2022-12-31,balanced,13,eth,cash,25.135121490323836,1.5676587753346314,1.7058809597405207,-0.3479633699792398,16.398533173722583
loose,30,5000000,2022-12-31,balanced,13,cash,cash,25.135121490323836,1.5676587753346314,1.7058809597405207,-0.3479633699792398,16.398533173722583
loose,30,5000000,2022-12-31,breakout,13,btc,btc,24.536607690763926,1.549624369553337,1.5669131979273123,-0.5014878515484156,35.15509294513514
loose,30,5000000,2022-12-31,breakout,13,eth,btc,24.536607690763926,1.549624369553337,1.5669131979273123,-0.5014878515484156,35.15509294513514
loose,30,5000000,2022-12-31,breakout,13,cash,btc,24.536607690763926,1.549624369553337,1.5669131979273123,-0.5014878515484156,35.15509294513514
medium,60,10000000,2023-01-30,base,12,btc,btc,23.784054367694367,1.5265012112898373,1.5946500072979772,-0.49391611235625055,36.327868748889244
medium,60,10000000,2023-01-30,base,12,eth,btc,23.784054367694367,1.5265012112898373,1.5946500072979772,-0.49391611235625055,36.327868748889244
medium,60,10000000,2023-01-30,base,12,cash,btc,23.784054367694367,1.5265012112898373,1.5946500072979772,-0.49391611235625055,36.327868748889244
loose,30,5000000,2022-12-31,short_accel,12,btc,cash,23.381072838010226,1.5139056458638995,1.758439193274243,-0.3360620207290633,16.39802576433977
loose,30,5000000,2022-12-31,short_accel,12,eth,cash,23.381072838010226,1.5139056458638995,1.758439193274243,-0.3360620207290633,16.39802576433977
loose,30,5000000,2022-12-31,short_accel,12,cash,cash,23.381072838010226,1.5139056458638995,1.758439193274243,-0.3360620207290633,16.39802576433977
loose,30,5000000,2022-12-31,base,14,btc,btc,23.32637369113104,1.5121841613008828,1.5951990219699945,-0.5746927933893384,36.91155730291806
loose,30,5000000,2022-12-31,base,14,eth,btc,23.32637369113104,1.5121841613008828,1.5951990219699945,-0.5746927933893384,36.91155730291806
loose,30,5000000,2022-12-31,base,14,cash,btc,23.32637369113104,1.5121841613008828,1.5951990219699945,-0.5746927933893384,36.91155730291806
loose,30,5000000,2022-12-31,breakout,12,btc,btc,22.95108699036193,1.500295491585954,1.5714050339562196,-0.5114730824432787,35.15567535253618
loose,30,5000000,2022-12-31,breakout,12,eth,btc,22.95108699036193,1.500295491585954,1.5714050339562196,-0.5114730824432787,35.15567535253618
loose,30,5000000,2022-12-31,breakout,12,cash,btc,22.95108699036193,1.500295491585954,1.5714050339562196,-0.5114730824432787,35.15567535253618
loose,30,5000000,2022-12-31,short_accel,14,btc,cash,22.322103189188578,1.4800577362285852,1.6998940105075264,-0.3621175949162093,16.397716965412997
loose,30,5000000,2022-12-31,short_accel,14,eth,cash,22.322103189188578,1.4800577362285852,1.6998940105075264,-0.3621175949162093,16.397716965412997
loose,30,5000000,2022-12-31,short_accel,14,cash,cash,22.322103189188578,1.4800577362285852,1.6998940105075264,-0.3621175949162093,16.397716965412997
medium,60,10000000,2023-01-30,balanced,13,btc,cash,22.206131334697915,1.4762823846259385,1.6468654394943598,-0.34796336997924004,16.398651172146806
medium,60,10000000,2023-01-30,balanced,13,eth,cash,22.206131334697915,1.4762823846259385,1.6468654394943598,-0.34796336997924004,16.398651172146806
medium,60,10000000,2023-01-30,balanced,13,cash,cash,22.206131334697915,1.4762823846259385,1.6468654394943598,-0.34796336997924004,16.398651172146806
medium,60,10000000,2023-01-30,short_accel,14,btc,cash,21.78238326956686,1.4623678953929549,1.6790570467112707,-0.36211759491620965,15.811736425417374
medium,60,10000000,2023-01-30,short_accel,14,eth,cash,21.78238326956686,1.4623678953929549,1.6790570467112707,-0.36211759491620965,15.811736425417374
medium,60,10000000,2023-01-30,short_accel,14,cash,cash,21.78238326956686,1.4623678953929549,1.6790570467112707,-0.36211759491620965,15.811736425417374
loose,30,5000000,2022-12-31,balanced,12,btc,cash,21.436258827033114,1.4508594996768487,1.694813581141886,-0.34834713189678923,16.397970144454717
loose,30,5000000,2022-12-31,balanced,12,eth,cash,21.436258827033114,1.4508594996768487,1.694813581141886,-0.34834713189678923,16.397970144454717
loose,30,5000000,2022-12-31,balanced,12,cash,cash,21.436258827033114,1.4508594996768487,1.694813581141886,-0.34834713189678923,16.397970144454717
medium,60,10000000,2023-01-30,balanced,12,btc,cash,20.940847030380954,1.4341563872789687,1.645352174762627,-0.34834713189678923,16.39819481616764
medium,60,10000000,2023-01-30,balanced,12,eth,cash,20.940847030380954,1.4341563872789687,1.645352174762627,-0.34834713189678923,16.39819481616764
medium,60,10000000,2023-01-30,balanced,12,cash,cash,20.940847030380954,1.4341563872789687,1.645352174762627,-0.34834713189678923,16.39819481616764
loose,30,5000000,2022-12-31,balanced,14,btc,cash,20.231880014576916,1.4097597176094747,1.63450529665729,-0.36211759491621,16.39767165152821
loose,30,5000000,2022-12-31,balanced,14,eth,cash,20.231880014576916,1.4097597176094747,1.63450529665729,-0.36211759491621,16.39767165152821
loose,30,5000000,2022-12-31,balanced,14,cash,cash,20.231880014576916,1.4097597176094747,1.63450529665729,-0.36211759491621,16.39767165152821
medium,60,10000000,2023-01-30,base,14,btc,btc,19.949444783117123,1.399872108898422,1.5259381662492324,-0.5746927933893382,36.91187587743335
medium,60,10000000,2023-01-30,base,14,eth,btc,19.949444783117123,1.399872108898422,1.5259381662492324,-0.5746927933893382,36.91187587743335
medium,60,10000000,2023-01-30,base,14,cash,btc,19.949444783117123,1.399872108898422,1.5259381662492324,-0.5746927933893382,36.91187587743335
medium,60,10000000,2023-01-30,short_accel,12,btc,eth,19.754281389087726,1.392981735483132,1.4381719785389582,-0.6420393024551851,35.15573032195212
medium,60,10000000,2023-01-30,short_accel,12,eth,eth,19.754281389087726,1.392981735483132,1.4381719785389582,-0.6420393024551851,35.15573032195212
medium,60,10000000,2023-01-30,short_accel,12,cash,eth,19.754281389087726,1.392981735483132,1.4381719785389582,-0.6420393024551851,35.15573032195212
medium,60,10000000,2023-01-30,breakout,12,btc,eth,19.473303575640745,1.3829765291136287,1.426262676248873,-0.6594680239395663,35.74165125564165
medium,60,10000000,2023-01-30,breakout,12,eth,eth,19.473303575640745,1.3829765291136287,1.426262676248873,-0.6594680239395663,35.74165125564165
medium,60,10000000,2023-01-30,breakout,12,cash,eth,19.473303575640745,1.3829765291136287,1.426262676248873,-0.6594680239395663,35.74165125564165
medium,60,10000000,2023-01-30,short_accel,13,btc,eth,19.466877207355942,1.3827465042779945,1.427550966470269,-0.702109149737346,35.15506001849515
medium,60,10000000,2023-01-30,short_accel,13,eth,eth,19.466877207355942,1.3827465042779945,1.427550966470269,-0.702109149737346,35.15506001849515
medium,60,10000000,2023-01-30,short_accel,13,cash,eth,19.466877207355942,1.3827465042779945,1.427550966470269,-0.702109149737346,35.15506001849515
loose,30,5000000,2022-12-31,short_accel,13,btc,eth,18.87041966863496,1.3611589028556064,1.4191234472621153,-0.702109149737346,35.741097123263735
loose,30,5000000,2022-12-31,short_accel,13,eth,eth,18.87041966863496,1.3611589028556064,1.4191234472621153,-0.702109149737346,35.741097123263735
loose,30,5000000,2022-12-31,short_accel,13,cash,eth,18.87041966863496,1.3611589028556064,1.4191234472621153,-0.702109149737346,35.741097123263735
medium,60,10000000,2023-01-30,breakout,14,btc,cash,18.778346410058056,1.3577836483339225,1.597867547731298,-0.4586075343613799,16.397789469001065
medium,60,10000000,2023-01-30,breakout,14,eth,cash,18.778346410058056,1.3577836483339225,1.597867547731298,-0.4586075343613799,16.397789469001065
medium,60,10000000,2023-01-30,breakout,14,cash,cash,18.778346410058056,1.3577836483339225,1.597867547731298,-0.4586075343613799,16.397789469001065
medium,60,10000000,2023-01-30,breakout,13,btc,eth,18.106332219407264,1.3327870818762517,1.3969098476906348,-0.7073692936912306,34.56881381617253
medium,60,10000000,2023-01-30,breakout,13,eth,eth,18.106332219407264,1.3327870818762517,1.3969098476906348,-0.7073692936912306,34.56881381617253
medium,60,10000000,2023-01-30,breakout,13,cash,eth,18.106332219407264,1.3327870818762517,1.3969098476906348,-0.7073692936912306,34.56881381617253
loose,30,5000000,2022-12-31,balanced,13,btc,eth,17.758995685925814,1.319609277307638,1.3913924398229827,-0.699774241150376,34.568776484415416
loose,30,5000000,2022-12-31,balanced,13,eth,eth,17.758995685925814,1.319609277307638,1.3913924398229827,-0.699774241150376,34.568776484415416
loose,30,5000000,2022-12-31,balanced,13,cash,eth,17.758995685925814,1.319609277307638,1.3913924398229827,-0.699774241150376,34.568776484415416
loose,30,5000000,2022-12-31,short_accel,12,btc,eth,17.321714616161724,1.30275711957573,1.4070341925738585,-0.6883769828709916,35.74159434488297
loose,30,5000000,2022-12-31,short_accel,12,eth,eth,17.321714616161724,1.30275711957573,1.4070341925738585,-0.6883769828709916,35.74159434488297
loose,30,5000000,2022-12-31,short_accel,12,cash,eth,17.321714616161724,1.30275711957573,1.4070341925738585,-0.6883769828709916,35.74159434488297
loose,30,5000000,2022-12-31,base,13,btc,cash,17.314224624491523,1.3024658579201573,1.605862354290578,-0.39613321223764464,16.398720299439315
loose,30,5000000,2022-12-31,base,13,eth,cash,17.314224624491523,1.3024658579201573,1.605862354290578,-0.39613321223764464,16.398720299439315
loose,30,5000000,2022-12-31,base,13,cash,cash,17.314224624491523,1.3024658579201573,1.605862354290578,-0.39613321223764464,16.398720299439315
medium,60,10000000,2023-01-30,balanced,14,btc,cash,16.904614488250438,1.2863998483781205,1.5466484616880667,-0.3621175949162099,16.397899284136543
medium,60,10000000,2023-01-30,balanced,14,eth,cash,16.904614488250438,1.2863998483781205,1.5466484616880667,-0.3621175949162099,16.397899284136543
medium,60,10000000,2023-01-30,balanced,14,cash,cash,16.904614488250438,1.2863998483781205,1.5466484616880667,-0.3621175949162099,16.397899284136543
loose,30,5000000,2022-12-31,balanced,12,btc,eth,15.88091149352786,1.2450063426695248,1.368720633854539,-0.6883769828709911,35.74153877459901
loose,30,5000000,2022-12-31,balanced,12,eth,eth,15.88091149352786,1.2450063426695248,1.368720633854539,-0.6883769828709911,35.74153877459901
loose,30,5000000,2022-12-31,balanced,12,cash,eth,15.88091149352786,1.2450063426695248,1.368720633854539,-0.6883769828709911,35.74153877459901
medium,60,10000000,2023-01-30,balanced,13,btc,eth,15.686074628508432,1.236915651394984,1.3464695351786633,-0.699774241150376,34.5689594642708
medium,60,10000000,2023-01-30,balanced,13,eth,eth,15.686074628508432,1.236915651394984,1.3464695351786633,-0.699774241150376,34.5689594642708
medium,60,10000000,2023-01-30,balanced,13,cash,eth,15.686074628508432,1.236915651394984,1.3464695351786633,-0.699774241150376,34.5689594642708
loose,30,5000000,2022-12-31,breakout,14,btc,btc,15.610339329745562,1.2337515152753702,1.4075276122922764,-0.5682833972448134,36.911945397254414
loose,30,5000000,2022-12-31,breakout,14,eth,btc,15.610339329745562,1.2337515152753702,1.4075276122922764,-0.5682833972448134,36.911945397254414
loose,30,5000000,2022-12-31,breakout,14,cash,btc,15.610339329745562,1.2337515152753702,1.4075276122922764,-0.5682833972448134,36.911945397254414
medium,60,10000000,2023-01-30,balanced,12,btc,eth,15.506954177889932,1.2294146178840548,1.3466495029214585,-0.6420393024551855,35.74189512326019
medium,60,10000000,2023-01-30,balanced,12,eth,eth,15.506954177889932,1.2294146178840548,1.3466495029214585,-0.6420393024551855,35.74189512326019
medium,60,10000000,2023-01-30,balanced,12,cash,eth,15.506954177889932,1.2294146178840548,1.3466495029214585,-0.6420393024551855,35.74189512326019
loose,30,5000000,2022-12-31,base,14,btc,cash,15.131577197293707,1.2134938061725,1.5568161685307258,-0.38809911024613275,16.39780737637451
loose,30,5000000,2022-12-31,base,14,eth,cash,15.131577197293707,1.2134938061725,1.5568161685307258,-0.38809911024613275,16.39780737637451
loose,30,5000000,2022-12-31,base,14,cash,cash,15.131577197293707,1.2134938061725,1.5568161685307258,-0.38809911024613275,16.39780737637451
loose,30,5000000,2022-12-31,short_accel,14,btc,eth,14.946614930208051,1.205546085081402,1.3443183148906694,-0.7503268888613939,36.91152825458067
loose,30,5000000,2022-12-31,short_accel,14,eth,eth,14.946614930208051,1.205546085081402,1.3443183148906694,-0.7503268888613939,36.91152825458067
loose,30,5000000,2022-12-31,short_accel,14,cash,eth,14.946614930208051,1.205546085081402,1.3443183148906694,-0.7503268888613939,36.91152825458067
medium,60,10000000,2023-01-30,short_accel,14,btc,eth,14.584057569761141,1.1897630308942002,1.3323288606900743,-0.7503268888613939,36.325571394563276
medium,60,10000000,2023-01-30,short_accel,14,eth,eth,14.584057569761141,1.1897630308942002,1.3323288606900743,-0.7503268888613939,36.325571394563276
medium,60,10000000,2023-01-30,short_accel,14,cash,eth,14.584057569761141,1.1897630308942002,1.3323288606900743,-0.7503268888613939,36.325571394563276
loose,30,5000000,2022-12-31,base,12,btc,cash,14.219444232594974,1.1736079590576334,1.5598990376388158,-0.4007932863738407,16.398210652550837
loose,30,5000000,2022-12-31,base,12,eth,cash,14.219444232594974,1.1736079590576334,1.5598990376388158,-0.4007932863738407,16.398210652550837
loose,30,5000000,2022-12-31,base,12,cash,cash,14.219444232594974,1.1736079590576334,1.5598990376388158,-0.4007932863738407,16.398210652550837
medium,60,10000000,2023-01-30,base,13,btc,cash,13.785775697201341,1.1540069890325686,1.491930837879768,-0.3961332122376442,16.984397936050122
medium,60,10000000,2023-01-30,base,13,eth,cash,13.785775697201341,1.1540069890325686,1.491930837879768,-0.3961332122376442,16.984397936050122
medium,60,10000000,2023-01-30,base,13,cash,cash,13.785775697201341,1.1540069890325686,1.491930837879768,-0.3961332122376442,16.984397936050122
loose,30,5000000,2022-12-31,balanced,14,btc,eth,13.547029622852616,1.1430293376162775,1.303440705143708,-0.7503268888613938,36.911482932103794
loose,30,5000000,2022-12-31,balanced,14,eth,eth,13.547029622852616,1.1430293376162775,1.303440705143708,-0.7503268888613938,36.911482932103794
loose,30,5000000,2022-12-31,balanced,14,cash,eth,13.547029622852616,1.1430293376162775,1.303440705143708,-0.7503268888613938,36.911482932103794
medium,60,10000000,2023-01-30,base,14,btc,cash,12.944479479024212,1.114701626078948,1.4736110343809026,-0.3621175949162099,16.398046683661796
medium,60,10000000,2023-01-30,base,14,eth,cash,12.944479479024212,1.114701626078948,1.4736110343809026,-0.3621175949162099,16.398046683661796
medium,60,10000000,2023-01-30,base,14,cash,cash,12.944479479024212,1.114701626078948,1.4736110343809026,-0.3621175949162099,16.398046683661796
medium,60,10000000,2023-01-30,base,12,btc,cash,12.750452720821835,1.1053815171835928,1.466644175661256,-0.372678118410664,16.983984303719488
medium,60,10000000,2023-01-30,base,12,eth,cash,12.750452720821835,1.1053815171835928,1.466644175661256,-0.372678118410664,16.983984303719488
medium,60,10000000,2023-01-30,base,12,cash,cash,12.750452720821835,1.1053815171835928,1.466644175661256,-0.372678118410664,16.983984303719488
loose,30,5000000,2022-12-31,breakout,13,btc,cash,12.579536622905687,1.0970880363694597,1.406720451700427,-0.4576364936023646,15.812650949564691
loose,30,5000000,2022-12-31,breakout,13,eth,cash,12.579536622905687,1.0970880363694597,1.406720451700427,-0.4576364936023646,15.812650949564691
loose,30,5000000,2022-12-31,breakout,13,cash,cash,12.579536622905687,1.0970880363694597,1.406720451700427,-0.4576364936023646,15.812650949564691
medium,60,10000000,2023-01-30,breakout,14,btc,eth,12.572903330427401,1.0967645615520047,1.276377378324482,-0.746564308946789,36.91162116609667
medium,60,10000000,2023-01-30,breakout,14,eth,eth,12.572903330427401,1.0967645615520047,1.276377378324482,-0.746564308946789,36.91162116609667
medium,60,10000000,2023-01-30,breakout,14,cash,eth,12.572903330427401,1.0967645615520047,1.276377378324482,-0.746564308946789,36.91162116609667
loose,30,5000000,2022-12-31,breakout,12,btc,cash,12.295383430335542,1.0831216366674754,1.4376250578030891,-0.39592997136736385,15.811994964213367
loose,30,5000000,2022-12-31,breakout,12,eth,cash,12.295383430335542,1.0831216366674754,1.4376250578030891,-0.39592997136736385,15.811994964213367
loose,30,5000000,2022-12-31,breakout,12,cash,cash,12.295383430335542,1.0831216366674754,1.4376250578030891,-0.39592997136736385,15.811994964213367
loose,30,5000000,2022-12-31,base,13,btc,eth,12.225906428746352,1.0796720902785966,1.2818083018882493,-0.7299745440809794,34.569139351891245
loose,30,5000000,2022-12-31,base,13,eth,eth,12.225906428746352,1.0796720902785966,1.2818083018882493,-0.7299745440809794,34.569139351891245
loose,30,5000000,2022-12-31,base,13,cash,eth,12.225906428746352,1.0796720902785966,1.2818083018882493,-0.7299745440809794,34.569139351891245
medium,60,10000000,2023-01-30,balanced,14,btc,eth,11.317757533995747,1.0332516734461605,1.2380462264861147,-0.750326888861394,36.911746403280034
medium,60,10000000,2023-01-30,balanced,14,eth,eth,11.317757533995747,1.0332516734461605,1.2380462264861147,-0.750326888861394,36.911746403280034
medium,60,10000000,2023-01-30,balanced,14,cash,eth,11.317757533995747,1.0332516734461605,1.2380462264861147,-0.750326888861394,36.911746403280034
loose,30,5000000,2022-12-31,base,12,btc,eth,10.6139889866483,0.9954305608181742,1.2410947057229074,-0.7175280642427835,34.56970197151617
loose,30,5000000,2022-12-31,base,12,eth,eth,10.6139889866483,0.9954305608181742,1.2410947057229074,-0.7175280642427835,34.56970197151617
loose,30,5000000,2022-12-31,base,12,cash,eth,10.6139889866483,0.9954305608181742,1.2410947057229074,-0.7175280642427835,34.56970197151617
loose,30,5000000,2022-12-31,breakout,14,btc,cash,10.133798694825117,0.9685939838136117,1.3289677589356432,-0.45860753451878455,16.397976349418784
loose,30,5000000,2022-12-31,breakout,14,eth,cash,10.133798694825117,0.9685939838136117,1.3289677589356432,-0.45860753451878455,16.397976349418784
loose,30,5000000,2022-12-31,breakout,14,cash,cash,10.133798694825117,0.9685939838136117,1.3289677589356432,-0.45860753451878455,16.397976349418784
loose,30,5000000,2022-12-31,base,14,btc,eth,10.131924429968114,0.9684874906963983,1.2165055099018836,-0.7503268888613939,36.911618840971606
loose,30,5000000,2022-12-31,base,14,eth,eth,10.131924429968114,0.9684874906963983,1.2165055099018836,-0.7503268888613939,36.911618840971606
loose,30,5000000,2022-12-31,base,14,cash,eth,10.131924429968114,0.9684874906963983,1.2165055099018836,-0.7503268888613939,36.911618840971606
medium,60,10000000,2023-01-30,base,13,btc,eth,9.729001875449656,0.9452629049554304,1.1969963294463994,-0.7299745440809794,35.1549800973125
medium,60,10000000,2023-01-30,base,13,eth,eth,9.729001875449656,0.9452629049554304,1.1969963294463994,-0.7299745440809794,35.1549800973125
medium,60,10000000,2023-01-30,base,13,cash,eth,9.729001875449656,0.9452629049554304,1.1969963294463994,-0.7299745440809794,35.1549800973125
medium,60,10000000,2023-01-30,base,12,btc,eth,9.510044498001221,0.9323555710834532,1.1884399091532245,-0.6755250876778871,35.155705399982516
medium,60,10000000,2023-01-30,base,12,eth,eth,9.510044498001221,0.9323555710834532,1.1884399091532245,-0.6755250876778871,35.155705399982516
medium,60,10000000,2023-01-30,base,12,cash,eth,9.510044498001221,0.9323555710834532,1.1884399091532245,-0.6755250876778871,35.155705399982516
loose,30,5000000,2022-12-31,breakout,12,btc,eth,9.10561566816414,0.9079510472204262,1.1710656234616919,-0.7035495724997242,35.155671623586194
loose,30,5000000,2022-12-31,breakout,12,eth,eth,9.10561566816414,0.9079510472204262,1.1710656234616919,-0.7035495724997242,35.155671623586194
loose,30,5000000,2022-12-31,breakout,12,cash,eth,9.10561566816414,0.9079510472204262,1.1710656234616919,-0.7035495724997242,35.155671623586194
loose,30,5000000,2022-12-31,breakout,13,btc,eth,8.882786523465834,0.8941756357131032,1.1531023503743085,-0.7073692936912302,33.98306591149461
loose,30,5000000,2022-12-31,breakout,13,eth,eth,8.882786523465834,0.8941756357131032,1.1531023503743085,-0.7073692936912302,33.98306591149461
loose,30,5000000,2022-12-31,breakout,13,cash,eth,8.882786523465834,0.8941756357131032,1.1531023503743085,-0.7073692936912302,33.98306591149461
medium,60,10000000,2023-01-30,base,14,btc,eth,8.665138768020658,0.880482444287811,1.157087187330677,-0.7503268888613939,36.91193741835573
medium,60,10000000,2023-01-30,base,14,eth,eth,8.665138768020658,0.880482444287811,1.157087187330677,-0.7503268888613939,36.91193741835573
medium,60,10000000,2023-01-30,base,14,cash,eth,8.665138768020658,0.880482444287811,1.157087187330677,-0.7503268888613939,36.91193741835573
loose,30,5000000,2022-12-31,breakout,14,btc,eth,6.780427254644537,0.750314326145016,1.062809304203605,-0.746564308946789,36.91200693249226
loose,30,5000000,2022-12-31,breakout,14,eth,eth,6.780427254644537,0.750314326145016,1.062809304203605,-0.746564308946789,36.91200693249226
loose,30,5000000,2022-12-31,breakout,14,cash,eth,6.780427254644537,0.750314326145016,1.062809304203605,-0.746564308946789,36.91200693249226
