weight_name,momentum_rank,ret_21_rank,ret_42_rank,near_high_rank,multiple,cagr,sharpe,mdd,turnover
best_current,0.607681,0.268948,0.017319,0.106052,158.33508454007347,3.3985123887311186,2.142502333884719,-0.523044833998564,44.83432269878367
local_069,0.6032801404206011,0.2762787762788795,0.01986507188810371,0.10057601141241582,158.33508454007347,3.3985123887311186,2.142502333884719,-0.523044833998564,44.83432269878367
local_071,0.6251153002637302,0.2634862926033133,0.008252116194314322,0.10314629093864217,158.33508454007347,3.3985123887311186,2.142502333884719,-0.523044833998564,44.83432269878367
local_081,0.5942653254583329,0.277035779719473,0.02831356593666102,0.10038532888553311,158.33508454007347,3.3985123887311186,2.142502333884719,-0.523044833998564,44.83432269878367
local_096,0.6352556122435459,0.25865191615384864,1.0199055349243642e-06,0.10609145169707047,158.33508454007347,3.3985123887311186,2.142502333884719,-0.523044833998564,44.83432269878367
local_113,0.6143778372984242,0.2723177189091732,0.013603904762676356,0.09970053902972614,158.33508454007347,3.3985123887311186,2.142502333884719,-0.523044833998564,44.83432269878367
local_119,0.5992417697365069,0.25517054452955734,0.03928794930875469,0.10629973642518106,158.33508454007347,3.3985123887311186,2.142502333884719,-0.523044833998564,44.83432269878367
local_125,0.5977362661404848,0.26395184648476866,0.03493845438541437,0.1033734329893321,158.33508454007347,3.3985123887311186,2.142502333884719,-0.523044833998564,44.83432269878367
local_135,0.6042269487183882,0.2729668549512367,0.023790054637952293,0.09901614169242266,158.33508454007347,3.3985123887311186,2.142502333884719,-0.523044833998564,44.83432269878367
local_150,0.6276439511213512,0.2625575771036314,0.0039800297282857255,0.10581844204673178,158.33508454007347,3.3985123887311186,2.142502333884719,-0.523044833998564,44.83432269878367
local_157,0.6092915990592744,0.2718016625323039,0.022849770345956383,0.09605696806246525,158.33508454007347,3.3985123887311186,2.142502333884719,-0.523044833998564,44.83432269878367
local_164,0.6014430381827998,0.2663582087491789,0.026586892097440522,0.10561186097058071,158.33508454007347,3.3985123887311186,2.142502333884719,-0.523044833998564,44.83432269878367
local_170,0.6203350670749078,0.27149099212086114,0.010417964573090596,0.09775597623114046,158.33508454007347,3.3985123887311186,2.142502333884719,-0.523044833998564,44.83432269878367
local_175,0.6166564803195395,0.26273305850130574,0.01891806729618022,0.1016923938829746,158.33508454007347,3.3985123887311186,2.142502333884719,-0.523044833998564,44.83432269878367
local_185,0.6170717380692853,0.2650187174082339,0.01067661248520273,0.10723293203727828,158.33508454007347,3.3985123887311186,2.142502333884719,-0.523044833998564,44.83432269878367
local_208,0.6039585733455115,0.2791126736882323,0.019622527389280036,0.09730622557697621,158.33508454007347,3.3985123887311186,2.142502333884719,-0.523044833998564,44.83432269878367
local_250,0.6341455056593961,0.2589207567892357,0.0008796685826285554,0.10605406896873969,158.33508454007347,3.3985123887311186,2.142502333884719,-0.523044833998564,44.83432269878367
local_267,0.6125057553763832,0.26101976901298896,0.022636572467916803,0.10383790314271106,158.33508454007347,3.3985123887311186,2.142502333884719,-0.523044833998564,44.83432269878367
local_268,0.6009820117949328,0.27427593168000564,0.02525101411553574,0.09949104240952579,158.33508454007347,3.3985123887311186,2.142502333884719,-0.523044833998564,44.83432269878367
local_299,0.5986617036411456,0.27633507279999253,0.02413824054832548,0.10086498301053634,158.33508454007347,3.3985123887311186,2.142502333884719,-0.523044833998564,44.83432269878367
local_331,0.6297135360682796,0.25597197114981185,0.004732114214827618,0.10958237856708088,158.33508454007347,3.3985123887311186,2.142502333884719,-0.523044833998564,44.83432269878367
local_337,0.6188168017271254,0.2580439355814034,0.014335886433265527,0.10880337625820562,158.33508454007347,3.3985123887311186,2.142502333884719,-0.523044833998564,44.83432269878367
local_339,0.6233617226318929,0.27076472470303986,0.009987311758720542,0.0958862409063465,158.33508454007347,3.3985123887311186,2.142502333884719,-0.523044833998564,44.83432269878367
local_379,0.6150400336384736,0.25763845494961074,0.02178046066818907,0.10554105074372667,158.33508454007347,3.3985123887311186,2.142502333884719,-0.523044833998564,44.83432269878367
local_385,0.6111955606703785,0.277505279260238,0.016257222808402555,0.09504193726098085,158.33508454007347,3.3985123887311186,2.142502333884719,-0.523044833998564,44.83432269878367
local_030,0.6206225479621674,0.24805319088945882,0.019690037731169386,0.11163422341720437,144.4604063557969,3.282104984385067,2.1103968991239204,-0.5230448339985636,44.248200758082874
local_074,0.6392743637954598,0.24610661392637675,1.0239913264469365e-06,0.11461799828683708,144.4604063557969,3.282104984385067,2.1103968991239204,-0.5230448339985636,44.248200758082874
local_104,0.6287640395594045,0.24922155503787685,0.012104912840968778,0.10990949256174991,144.4604063557969,3.282104984385067,2.1103968991239204,-0.5230448339985636,44.248200758082874
local_335,0.6264055290610608,0.249051076170241,0.01330018327826774,0.11124321149043037,144.4604063557969,3.282104984385067,2.1103968991239204,-0.5230448339985636,44.248200758082874
local_080,0.6071433943995647,0.2600881931357113,0.0371899409478235,0.0955784715169006,142.4073070527896,3.264215718055472,2.113564504550751,-0.5710243186310985,44.834485721860126
local_151,0.6192350276446141,0.26869467214745885,0.016978235076866313,0.09509206513106054,142.4073070527896,3.264215718055472,2.113564504550751,-0.5710243186310985,44.834485721860126
local_190,0.640318401349057,0.2564908078562612,0.007611536512028866,0.09557925428265289,142.4073070527896,3.264215718055472,2.113564504550751,-0.5710243186310985,44.834485721860126
local_199,0.6379896618800287,0.2704676164664351,1.0810319054055032e-06,0.09154164062163075,142.4073070527896,3.264215718055472,2.113564504550751,-0.5710243186310985,44.834485721860126
local_236,0.6077135653423312,0.25592140166051386,0.03671308617416138,0.09965194682299357,142.4073070527896,3.264215718055472,2.113564504550751,-0.5710243186310985,44.834485721860126
local_278,0.6027869133657425,0.25488525717184757,0.04227402902972281,0.10005380043268709,142.4073070527896,3.264215718055472,2.113564504550751,-0.5710243186310985,44.834485721860126
local_325,0.6351515571493535,0.2596527722205124,0.009728416951424838,0.0954672536787091,142.4073070527896,3.264215718055472,2.113564504550751,-0.5710243186310985,44.834485721860126
local_360,0.59280113216142,0.2696536568018898,0.04093966018688751,0.09660555084980266,142.4073070527896,3.264215718055472,2.113564504550751,-0.5710243186310985,44.834485721860126
local_001,0.610685494934091,0.24588153710416127,0.03388569169237078,0.109547276269377,140.1186446784386,3.2440575167377865,2.1034118893455265,-0.5230448340476339,44.24823672830129
local_026,0.6249819301567614,0.23254530888141609,0.02765945505921788,0.11481330590260463,140.1186446784386,3.2440575167377865,2.1034118893455265,-0.5230448340476339,44.24823672830129
local_038,0.6463766983035795,0.23261648378786046,0.003494476407296834,0.11751234150126323,140.1186446784386,3.2440575167377865,2.1034118893455265,-0.5230448340476339,44.24823672830129
local_047,0.6396903556917828,0.2312214082588275,0.013695021989635112,0.11539321405975472,140.1186446784386,3.2440575167377865,2.1034118893455265,-0.5230448340476339,44.24823672830129
local_149,0.6465370836913955,0.2404147528672917,1.0354082544794106e-06,0.11304712803305826,140.1186446784386,3.2440575167377865,2.1034118893455265,-0.5230448340476339,44.24823672830129
local_195,0.64327262200149,0.23571003580072836,0.0060489771493184834,0.11496836504846315,140.1186446784386,3.2440575167377865,2.1034118893455265,-0.5230448340476339,44.24823672830129
local_304,0.62376179327271,0.2438803269984033,0.022773670846514913,0.10958420888237183,140.1186446784386,3.2440575167377865,2.1034118893455265,-0.5230448340476339,44.24823672830129
local_320,0.6216933578374804,0.24354404287757306,0.026668688193640475,0.10809391109130627,140.1186446784386,3.2440575167377865,2.1034118893455265,-0.5230448340476339,44.24823672830129
local_016,0.6186914216499682,0.2881086766240944,1.0267924117573065e-06,0.09319887493352555,136.20365707872094,3.2090279658623917,2.099383453464239,-0.523044833998564,44.83433842665126
local_019,0.6234403874296337,0.27790434563738897,0.0016531973915981954,0.09700206954137923,136.20365707872094,3.2090279658623917,2.099383453464239,-0.523044833998564,44.83433842665126
local_025,0.6210912770511606,0.284164009174055,0.002058076172751215,0.0926866376020331,136.20365707872094,3.2090279658623917,2.099383453464239,-0.523044833998564,44.83433842665126
local_028,0.5938990594545002,0.3104932259598059,0.001169121175022385,0.09443859341067151,136.20365707872094,3.2090279658623917,2.099383453464239,-0.523044833998564,44.83433842665126
local_046,0.6111627969397891,0.2740774898847843,0.012574826439474874,0.1021848867359518,136.20365707872094,3.2090279658623917,2.099383453464239,-0.523044833998564,44.83433842665126
local_117,0.622911166119316,0.27500185939555527,0.006527675215158093,0.0955592992699706,136.20365707872094,3.2090279658623917,2.099383453464239,-0.523044833998564,44.83433842665126
local_122,0.6281096101649661,0.26612196278943456,1.0603300941947112e-06,0.10576736671550495,136.20365707872094,3.2090279658623917,2.099383453464239,-0.523044833998564,44.83433842665126
local_145,0.6081808060962551,0.2804318978365057,0.01317497220943313,0.09821232385780608,136.20365707872094,3.2090279658623917,2.099383453464239,-0.523044833998564,44.83433842665126
local_155,0.6067650468005137,0.28530383177520874,0.0066417466707786345,0.10128937475349889,136.20365707872094,3.2090279658623917,2.099383453464239,-0.523044833998564,44.83433842665126
local_227,0.6116532679684842,0.28510778853827645,0.004602365661070464,0.09863657783216889,136.20365707872094,3.2090279658623917,2.099383453464239,-0.523044833998564,44.83433842665126
local_242,0.5977618633774534,0.2862595912969251,0.015010276190441235,0.10096826913518013,136.20365707872094,3.2090279658623917,2.099383453464239,-0.523044833998564,44.83433842665126
local_249,0.591771972367455,0.28630383960781614,0.021280942884252627,0.10064324514047616,136.20365707872094,3.2090279658623917,2.099383453464239,-0.523044833998564,44.83433842665126
local_275,0.5870337529554623,0.2989570417843061,0.01776721985098929,0.09624198540924211,136.20365707872094,3.2090279658623917,2.099383453464239,-0.523044833998564,44.83433842665126
local_277,0.6204358878577414,0.2762705180329118,0.00851270412334171,0.09478088998600505,136.20365707872094,3.2090279658623917,2.099383453464239,-0.523044833998564,44.83433842665126
local_279,0.6216752022346548,0.26506108551303925,0.0048497780246627,0.10841393422764331,136.20365707872094,3.2090279658623917,2.099383453464239,-0.523044833998564,44.83433842665126
local_293,0.5972405190542003,0.3040272213308351,1.046764681816667e-06,0.09873121285028275,136.20365707872094,3.2090279658623917,2.099383453464239,-0.523044833998564,44.83433842665126
local_310,0.6212841516889995,0.27170701877633724,0.004027839334960058,0.1029809901997032,136.20365707872094,3.2090279658623917,2.099383453464239,-0.523044833998564,44.83433842665126
local_317,0.6223327598737439,0.26931525639483384,1.05583500635446e-06,0.1083509278964158,136.20365707872094,3.2090279658623917,2.099383453464239,-0.523044833998564,44.83433842665126
local_342,0.6121733625261524,0.28315229556326205,0.001894768766458784,0.10277957314412678,136.20365707872094,3.2090279658623917,2.099383453464239,-0.523044833998564,44.83433842665126
local_346,0.6185882176884189,0.2807169907645052,0.0011139238655895145,0.09958086768148637,136.20365707872094,3.2090279658623917,2.099383453464239,-0.523044833998564,44.83433842665126
local_363,0.6219504703598474,0.2754016144032911,0.005261917347139767,0.09738599788972185,136.20365707872094,3.2090279658623917,2.099383453464239,-0.523044833998564,44.83433842665126
local_368,0.6016517145751394,0.2845669188903289,0.013674300633780119,0.10010706590075152,136.20365707872094,3.2090279658623917,2.099383453464239,-0.523044833998564,44.83433842665126
local_374,0.5994029522127807,0.2805502239209179,0.01845341578617279,0.10159340808012862,136.20365707872094,3.2090279658623917,2.099383453464239,-0.523044833998564,44.83433842665126
local_378,0.6244087191952035,0.2782926314136513,0.002736526105768856,0.09456212328537641,136.20365707872094,3.2090279658623917,2.099383453464239,-0.523044833998564,44.83433842665126
local_051,0.6283456984255437,0.24667057547208113,0.020575873311832776,0.10440785279054235,129.92835734820343,3.151362498730186,2.081278704202792,-0.5710243186310986,44.24836378115933
local_313,0.6412016291771223,0.24746779893747542,0.013174538769082044,0.09815603311632018,129.92835734820343,3.151362498730186,2.081278704202792,-0.5710243186310986,44.24836378115933
local_323,0.6354246811241409,0.24791852389187216,0.018884718111517627,0.09777207687246942,129.92835734820343,3.151362498730186,2.081278704202792,-0.5710243186310986,44.24836378115933
local_327,0.6419057882145216,0.24932730301580092,0.012321686889554748,0.09644522188012274,129.92835734820343,3.151362498730186,2.081278704202792,-0.5710243186310986,44.24836378115933
local_393,0.6334191237352531,0.2478675528532357,0.01993187623738402,0.09878144717412714,129.92835734820343,3.151362498730186,2.081278704202792,-0.5710243186310986,44.24836378115933
local_067,0.6195351365551933,0.22242631130839954,0.043317806585072796,0.11472074555133449,126.02335682268142,3.114476707527367,2.074207215745202,-0.5710243186752321,44.24839975137774
local_109,0.6270197772370818,0.2283271185033403,0.03451058447982191,0.11014251977975602,126.02335682268142,3.114476707527367,2.074207215745202,-0.5710243186752321,44.24839975137774
local_111,0.6273597675428768,0.22888096179129594,0.03687186376642837,0.10688740689939896,126.02335682268142,3.114476707527367,2.074207215745202,-0.5710243186752321,44.24839975137774
local_112,0.6423695967856861,0.23633038692415007,0.019084936148882275,0.10221508014128167,126.02335682268142,3.114476707527367,2.074207215745202,-0.5710243186752321,44.24839975137774
local_154,0.6398990986927632,0.22810658933983827,0.027693421384265466,0.10430089058313317,126.02335682268142,3.114476707527367,2.074207215745202,-0.5710243186752321,44.24839975137774
local_194,0.6294972732008263,0.2353083916255364,0.025366449415589923,0.10982788575804733,126.02335682268142,3.114476707527367,2.074207215745202,-0.5710243186752321,44.24839975137774
local_217,0.6067847712225473,0.24579263287227993,0.039037536867108535,0.10838505903806432,126.02335682268142,3.114476707527367,2.074207215745202,-0.5710243186752321,44.24839975137774
local_276,0.6420927914928125,0.23638324017884269,0.013683695812436048,0.10784027251590876,126.02335682268142,3.114476707527367,2.074207215745202,-0.5710243186752321,44.24839975137774
local_191,0.629031818819412,0.25056897334805533,0.024582482839166857,0.09581672499336584,118.73201377414463,3.0433803746381667,2.0477264022655386,-0.5710243186310987,45.42015394819841
local_262,0.6378639355184617,0.25245271322795393,0.016150395120648784,0.09353295613293543,118.73201377414463,3.0433803746381667,2.0477264022655386,-0.5710243186310987,45.42015394819841
local_068,0.5835700800219166,0.28458588327646356,0.03508716902856546,0.09675686767305453,117.79759498543794,3.0340476277025017,2.0565317204495885,-0.5230448339985645,44.83440580776029
local_287,0.5737559417611477,0.2857849255277019,0.04383758063654267,0.09662155207460757,117.79759498543794,3.0340476277025017,2.0565317204495885,-0.5230448339985645,44.83440580776029
local_314,0.5783391054867828,0.2949320406082274,0.035984459908701465,0.09074439399628845,117.79759498543794,3.0340476277025017,2.0565317204495885,-0.5230448339985645,44.83440580776029
local_066,0.6632439712055497,0.24435795580875694,9.894336706262752e-07,0.09239708355202274,108.32769633513512,2.9363716015354107,2.0155353834483187,-0.5710243186310977,44.834032007497605
local_148,0.6313004705530324,0.2421728267167521,0.031521158361138474,0.09500554436907695,108.32769633513512,2.9363716015354107,2.0155353834483187,-0.5710243186310977,44.834032007497605
local_193,0.648997808336492,0.23982178662234654,0.018790795262574354,0.09238960977858714,108.32769633513512,2.9363716015354107,2.0155353834483187,-0.5710243186310977,44.834032007497605
local_322,0.6320508650051847,0.2424996494695004,0.027659087975048503,0.09779039755026629,108.32769633513512,2.9363716015354107,2.0155353834483187,-0.5710243186310977,44.834032007497605
local_389,0.6422189096367255,0.2481234823905721,0.016646995901009702,0.09301061207169262,108.32769633513512,2.9363716015354107,2.0155353834483187,-0.5710243186310977,44.834032007497605
local_395,0.555767132626041,0.2750473333872921,0.05237198858133818,0.11681354540532864,107.17102116924083,2.924032212067974,2.028219343272813,-0.5230448339985635,46.006551893278704
local_126,0.6775824151624326,0.20540602283635012,1.0153811175310423e-06,0.11701054662009973,106.83515095839223,2.920431511128059,2.0228974311100205,-0.5710243186752325,43.662581147482726
local_354,0.653645217638566,0.2156091485358879,0.02547132475797316,0.1052743090675729,106.83515095839223,2.920431511128059,2.0228974311100205,-0.5710243186752325,43.662581147482726
local_035,0.589023134669253,0.2680359823249165,0.05007784790709911,0.09286303509873109,105.94770153374112,2.9108789020362047,2.0268823341854767,-0.571024318631099,44.83456883083675
local_058,0.576926878081631,0.2771154985814491,0.05029216510385697,0.09566545823306284,105.94770153374112,2.9108789020362047,2.0268823341854767,-0.571024318631099,44.83456883083675
local_090,0.6120374482014223,0.28081577499880994,0.01806084727717236,0.08908592952259542,105.94770153374112,2.9108789020362047,2.0268823341854767,-0.571024318631099,44.83456883083675
local_136,0.5817281612075745,0.2744195986222091,0.04886840596925123,0.094983834200965,105.94770153374112,2.9108789020362047,2.0268823341854767,-0.571024318631099,44.83456883083675
local_214,0.5971414934435028,0.2800130502946958,0.030531051006034884,0.0923144052557667,105.94770153374112,2.9108789020362047,2.0268823341854767,-0.571024318631099,44.83456883083675
local_302,0.587902470518186,0.29162101090322984,0.03228365199137628,0.08819286658720786,105.94770153374112,2.9108789020362047,2.0268823341854767,-0.571024318631099,44.83456883083675
local_307,0.594134225056078,0.2899473351264516,0.028617561229862656,0.08730087858760764,105.94770153374112,2.9108789020362047,2.0268823341854767,-0.571024318631099,44.83456883083675
local_328,0.6023415164507349,0.26487824763982687,0.03928940780240429,0.09349082810703396,105.94770153374112,2.9108789020362047,2.0268823341854767,-0.571024318631099,44.83456883083675
local_370,0.5942869582364335,0.26453673413945583,0.04496679182075166,0.0962095158033589,105.94770153374112,2.9108789020362047,2.0268823341854767,-0.571024318631099,44.83456883083675
local_187,0.6356280289233457,0.23561963870654146,0.0316345498576162,0.09711778251249686,105.07190429903919,2.9013960528967773,2.008282128310793,-0.571024318675232,44.834067977716025
local_315,0.6425675922311107,0.23540552399377032,0.02491408076447646,0.09711280301064257,105.07190429903919,2.9013960528967773,2.008282128310793,-0.571024318675232,44.834067977716025
local_332,0.5428716535366848,0.26488847362350054,0.04754124723420059,0.14469862560561425,103.94999303859892,2.8891663016851203,2.0209865729722587,-0.5230448340476341,46.00658786349712
local_008,0.614571768518225,0.2656958083421929,0.010819576604399297,0.10891284653518271,103.41742220586652,2.883328135736142,2.0178835921003238,-0.523044833998564,45.420424876071806
local_009,0.6051931375012947,0.2547670213557493,0.027286756721607682,0.11275308442134846,103.41742220586652,2.883328135736142,2.0178835921003238,-0.523044833998564,45.420424876071806
local_015,0.583969528760142,0.26520078901106375,0.02595855704343417,0.12487112518536007,103.41742220586652,2.883328135736142,2.0178835921003238,-0.523044833998564,45.420424876071806
local_040,0.6165080250081773,0.26246084049915525,0.008040105582353775,0.11299102891031372,103.41742220586652,2.883328135736142,2.0178835921003238,-0.523044833998564,45.420424876071806
local_050,0.6012779201476351,0.2558532573974385,0.02069120078528535,0.12217762166964098,103.41742220586652,2.883328135736142,2.0178835921003238,-0.523044833998564,45.420424876071806
local_070,0.6000939395476321,0.2616261553983175,0.022099725467185947,0.11618017958686443,103.41742220586652,2.883328135736142,2.0178835921003238,-0.523044833998564,45.420424876071806
local_085,0.5717349474747359,0.2683052429136445,0.03554219863309316,0.12441761097852642,103.41742220586652,2.883328135736142,2.0178835921003238,-0.523044833998564,45.420424876071806
local_146,0.6033005714750223,0.26198936922293337,0.01883419548103235,0.115875863821012,103.41742220586652,2.883328135736142,2.0178835921003238,-0.523044833998564,45.420424876071806
local_165,0.5793738046131637,0.2853141140821787,0.03427614089951166,0.10103594040514595,103.41742220586652,2.883328135736142,2.0178835921003238,-0.523044833998564,45.420424876071806
local_172,0.5954249581538305,0.26682926131430784,0.021406682333813883,0.11633909819804784,103.41742220586652,2.883328135736142,2.0178835921003238,-0.523044833998564,45.420424876071806
local_174,0.5865697855471508,0.2717396923109211,0.03189730407645767,0.10979321806547043,103.41742220586652,2.883328135736142,2.0178835921003238,-0.523044833998564,45.420424876071806
local_178,0.5956824066617896,0.2642594999769077,0.028001538739281562,0.11205655462202115,103.41742220586652,2.883328135736142,2.0178835921003238,-0.523044833998564,45.420424876071806
local_192,0.5773378973722778,0.2801334083541654,0.038502080198428525,0.10402661407512831,103.41742220586652,2.883328135736142,2.0178835921003238,-0.523044833998564,45.420424876071806
local_197,0.6218879060016216,0.2528806458373481,0.011483990794451825,0.11374745736657853,103.41742220586652,2.883328135736142,2.0178835921003238,-0.523044833998564,45.420424876071806
local_204,0.5813768138236243,0.26056093477813475,0.036054125786427936,0.12200812561181305,103.41742220586652,2.883328135736142,2.0178835921003238,-0.523044833998564,45.420424876071806
local_210,0.6078217786267521,0.2695381379073877,0.015160245504814882,0.10747983796104531,103.41742220586652,2.883328135736142,2.0178835921003238,-0.523044833998564,45.420424876071806
local_212,0.609431394500205,0.25777010734200645,0.0180472171615092,0.11475128099627939,103.41742220586652,2.883328135736142,2.0178835921003238,-0.523044833998564,45.420424876071806
local_220,0.6242790310369175,0.2548664794634994,0.004412673170384425,0.1164418163291987,103.41742220586652,2.883328135736142,2.0178835921003238,-0.523044833998564,45.420424876071806
local_258,0.6138203148176965,0.25414407517903975,0.00684329979502643,0.12519231020823723,103.41742220586652,2.883328135736142,2.0178835921003238,-0.523044833998564,45.420424876071806
local_334,0.5814379701030212,0.2681878359920095,0.026698900047239557,0.12367529385772971,103.41742220586652,2.883328135736142,2.0178835921003238,-0.523044833998564,45.420424876071806
local_366,0.6321854825552725,0.2546355877638412,0.0003597313138106599,0.11281919836707573,103.41742220586652,2.883328135736142,2.0178835921003238,-0.523044833998564,45.420424876071806
local_372,0.5674475161430524,0.26778734424944606,0.04871091429399632,0.11605422531350514,103.41742220586652,2.883328135736142,2.0178835921003238,-0.523044833998564,45.420424876071806
local_392,0.5933040936195079,0.2715277581210077,0.02331664695179328,0.11185150130769121,103.41742220586652,2.883328135736142,2.0178835921003238,-0.523044833998564,45.420424876071806
local_075,0.59411463412789,0.3084429486463388,0.012671141778999804,0.08477127544677136,101.33233123094647,2.860264057484871,2.0124640246078362,-0.5230448339985645,44.834421535627875
local_097,0.5851947941878861,0.31089286757842544,0.018488257380133526,0.08542408085355485,101.33233123094647,2.860264057484871,2.0124640246078362,-0.5230448339985645,44.834421535627875
local_127,0.6220931789454689,0.28438217943724137,0.0027956538681507344,0.09072898774913923,101.33233123094647,2.860264057484871,2.0124640246078362,-0.5230448339985645,44.834421535627875
local_131,0.5857160091705954,0.3115006138886279,0.011520366316925351,0.09126301062385131,101.33233123094647,2.860264057484871,2.0124640246078362,-0.5230448339985645,44.834421535627875
local_140,0.5776593841875252,0.32174586825200696,0.010317631299707327,0.09027711626076053,101.33233123094647,2.860264057484871,2.0124640246078362,-0.5230448339985645,44.834421535627875
local_180,0.5984573472426385,0.29416826048846384,0.017531063739958944,0.08984332852893857,101.33233123094647,2.860264057484871,2.0124640246078362,-0.5230448339985645,44.834421535627875
local_232,0.5916534547689952,0.2940967869048629,0.02440554191477839,0.08984421641136367,101.33233123094647,2.860264057484871,2.0124640246078362,-0.5230448339985645,44.834421535627875
local_251,0.5640517838426136,0.3244420994235105,0.020095403135698183,0.09141071359817778,101.33233123094647,2.860264057484871,2.0124640246078362,-0.5230448339985645,44.834421535627875
local_289,0.601921460008405,0.3112236084117191,1.0733908126854024e-06,0.08685385818906337,101.33233123094647,2.860264057484871,2.0124640246078362,-0.5230448339985645,44.834421535627875
local_290,0.6087843052228763,0.29894149480673027,1.0850447243309227e-06,0.09227311492566903,101.33233123094647,2.860264057484871,2.0124640246078362,-0.5230448339985645,44.834421535627875
local_303,0.6199446080347797,0.2939700358766045,1.0454749364934258e-06,0.08608431061367942,101.33233123094647,2.860264057484871,2.0124640246078362,-0.5230448339985645,44.834421535627875
local_308,0.5663663593761284,0.2987049657004357,0.03882619212907699,0.09610248279435904,101.33233123094647,2.860264057484871,2.0124640246078362,-0.5230448339985645,44.834421535627875
local_318,0.5974801965985231,0.3097950744942784,0.004486618558881316,0.08823811034831715,101.33233123094647,2.860264057484871,2.0124640246078362,-0.5230448339985645,44.834421535627875
local_353,0.5811025164250399,0.30284405204841264,0.028329946158488575,0.087723485368059,101.33233123094647,2.860264057484871,2.0124640246078362,-0.5230448339985645,44.834421535627875
local_356,0.6002758364830649,0.3130661180617646,0.003068764739961537,0.08358928071520903,101.33233123094647,2.860264057484871,2.0124640246078362,-0.5230448339985645,44.834421535627875
local_061,0.5888831439542744,0.2570547753729013,0.0333656578527601,0.12069642282006422,100.30920860027352,2.848823890243101,2.0106189762493925,-0.5230448340476337,45.42046084629022
local_115,0.5849317656566556,0.25540305910961497,0.03648838354255261,0.12317679169117693,100.30920860027352,2.848823890243101,2.0106189762493925,-0.5230448340476337,45.42046084629022
local_152,0.586985504312286,0.2588377303768561,0.029725570635773288,0.12445119467508473,100.30920860027352,2.848823890243101,2.0106189762493925,-0.5230448340476337,45.42046084629022
local_205,0.5658104094163522,0.2604499756600602,0.047567255485515464,0.1261723594380721,100.30920860027352,2.848823890243101,2.0106189762493925,-0.5230448340476337,45.42046084629022
local_270,0.5846435433445107,0.2516322632706195,0.032844728023983076,0.1308794653608867,100.30920860027352,2.848823890243101,2.0106189762493925,-0.5230448340476337,45.42046084629022
local_312,0.5861795358529547,0.2567216809279927,0.04323404680742605,0.11386473641162663,100.30920860027352,2.848823890243101,2.0106189762493925,-0.5230448340476337,45.42046084629022
local_319,0.5872603782635558,0.2549424587168773,0.04387207285256859,0.1139250901669982,100.30920860027352,2.848823890243101,2.0106189762493925,-0.5230448340476337,45.42046084629022
local_349,0.579641914308114,0.2575009246134551,0.03286197648587821,0.12999518459255271,100.30920860027352,2.848823890243101,2.0106189762493925,-0.5230448340476337,45.42046084629022
local_359,0.5910305173615749,0.2574849669133975,0.02004810557304058,0.13143641015198712,100.30920860027352,2.848823890243101,2.0106189762493925,-0.5230448340476337,45.42046084629022
local_377,0.5793966308809902,0.2563197572169417,0.03411032705646223,0.13017328484560586,100.30920860027352,2.848823890243101,2.0106189762493925,-0.5230448340476337,45.42046084629022
local_390,0.578767856832841,0.25294069367001326,0.026255020710452583,0.14203642878669318,100.30920860027352,2.848823890243101,2.0106189762493925,-0.5230448340476337,45.42046084629022
local_012,0.6416169404986248,0.2672291225768456,0.01520908075326939,0.07594485617126018,92.9476975353304,2.7639748809116016,1.9805929315610313,-0.5710243186310979,45.42013843800768
local_044,0.6087103279367178,0.29905532832525006,0.02181401171974434,0.07042033201828783,92.9476975353304,2.7639748809116016,1.9805929315610313,-0.5710243186310979,45.42013843800768
local_077,0.629238892402532,0.2737085203403255,0.02503761576649896,0.07201497149064362,92.9476975353304,2.7639748809116016,1.9805929315610313,-0.5710243186310979,45.42013843800768
local_091,0.6462313803076387,0.2671713147636139,0.015452996599256703,0.07114430832949062,92.9476975353304,2.7639748809116016,1.9805929315610313,-0.5710243186310979,45.42013843800768
local_098,0.6171706531653517,0.2966322060724628,0.018332460058568572,0.06786468070361694,92.9476975353304,2.7639748809116016,1.9805929315610313,-0.5710243186310979,45.42013843800768
local_141,0.6469409756555073,0.26637180995533877,0.014029485862213968,0.07265772852693991,92.9476975353304,2.7639748809116016,1.9805929315610313,-0.5710243186310979,45.42013843800768
local_147,0.6205912593910772,0.29201856176825464,0.015136637008678244,0.07225354183198995,92.9476975353304,2.7639748809116016,1.9805929315610313,-0.5710243186310979,45.42013843800768
local_216,0.6278799651112655,0.28118418981981924,0.022383165924704906,0.06855267914421026,92.9476975353304,2.7639748809116016,1.9805929315610313,-0.5710243186310979,45.42013843800768
local_240,0.6457191001837557,0.27501972974635946,0.0042881996452496015,0.07497297042463524,92.9476975353304,2.7639748809116016,1.9805929315610313,-0.5710243186310979,45.42013843800768
local_241,0.637966455009701,0.2710959793667247,0.017016759443135777,0.07392080618043853,92.9476975353304,2.7639748809116016,1.9805929315610313,-0.5710243186310979,45.42013843800768
local_245,0.5923597107325088,0.2926063524245856,0.04625349365869616,0.06878044318420948,92.9476975353304,2.7639748809116016,1.9805929315610313,-0.5710243186310979,45.42013843800768
local_253,0.6415260196939052,0.26292414779091206,0.024975869938463915,0.07057396257671888,92.9476975353304,2.7639748809116016,1.9805929315610313,-0.5710243186310979,45.42013843800768
local_261,0.609782332599883,0.302001696599572,0.02225180164944607,0.06596416915109893,92.9476975353304,2.7639748809116016,1.9805929315610313,-0.5710243186310979,45.42013843800768
local_285,0.6505636416178037,0.2592488647172059,0.0166933916918753,0.07349410197311515,92.9476975353304,2.7639748809116016,1.9805929315610313,-0.5710243186310979,45.42013843800768
local_336,0.6039712308513798,0.29825286799325473,0.023277916790852476,0.07449798436451284,92.9476975353304,2.7639748809116016,1.9805929315610313,-0.5710243186310979,45.42013843800768
local_347,0.6074397924754075,0.2864666461985125,0.02972950584160687,0.0763640554844732,92.9476975353304,2.7639748809116016,1.9805929315610313,-0.5710243186310979,45.42013843800768
local_396,0.623986129203089,0.27088724188418084,0.030165361833607296,0.07496126707912278,92.9476975353304,2.7639748809116016,1.9805929315610313,-0.5710243186310979,45.42013843800768
local_049,0.5340165617303847,0.29914802121878076,0.051473617398140006,0.11536179965269454,92.19109623437366,2.754988018643184,1.983859903856482,-0.5230448339985635,46.00656762114629
local_054,0.5441579515675626,0.292604270242228,0.01774553272709896,0.14549224546311035,92.19109623437366,2.754988018643184,1.983859903856482,-0.5230448339985635,46.00656762114629
local_059,0.5626441555911637,0.2900433672531205,0.013105257798796222,0.13420721935691965,92.19109623437366,2.754988018643184,1.983859903856482,-0.5230448339985635,46.00656762114629
local_094,0.5162084613059013,0.32494185069164483,0.03450072680745539,0.1243489611949985,92.19109623437366,2.754988018643184,1.983859903856482,-0.5230448339985635,46.00656762114629
local_102,0.5529566771858546,0.30354398230065094,0.002721324091183156,0.1407780164223113,92.19109623437366,2.754988018643184,1.983859903856482,-0.5230448339985635,46.00656762114629
local_107,0.5449704165390773,0.2963365656691862,0.013325331740682463,0.1453676860510541,92.19109623437366,2.754988018643184,1.983859903856482,-0.5230448339985635,46.00656762114629
local_120,0.544651639824571,0.3027850273202899,0.024983537652350084,0.12757979520278911,92.19109623437366,2.754988018643184,1.983859903856482,-0.5230448339985635,46.00656762114629
local_129,0.5606755029600055,0.27839684873200526,0.03795467928113832,0.12297296902685091,92.19109623437366,2.754988018643184,1.983859903856482,-0.5230448339985635,46.00656762114629
local_161,0.5450585196013462,0.2976976046271578,0.031067636790954502,0.12617623898054145,92.19109623437366,2.754988018643184,1.983859903856482,-0.5230448339985635,46.00656762114629
local_171,0.5551387073567302,0.2741096948528347,0.03995601660187648,0.13079558118855858,92.19109623437366,2.754988018643184,1.983859903856482,-0.5230448339985635,46.00656762114629
local_184,0.5279953731251155,0.317600626751283,0.0032431692967045305,0.15116083082689688,92.19109623437366,2.754988018643184,1.983859903856482,-0.5230448339985635,46.00656762114629
local_225,0.5621978913497484,0.28025621676998763,0.002623640568876662,0.1549222513113872,92.19109623437366,2.754988018643184,1.983859903856482,-0.5230448339985635,46.00656762114629
local_238,0.5477206428260849,0.29665515885352584,0.013692259073160093,0.14193193924722922,92.19109623437366,2.754988018643184,1.983859903856482,-0.5230448339985635,46.00656762114629
local_259,0.5621549988432252,0.27381223692915563,0.014579193961376307,0.14945357026624279,92.19109623437366,2.754988018643184,1.983859903856482,-0.5230448339985635,46.00656762114629
local_281,0.5401127662476809,0.30900119046973573,0.03820024980191184,0.11268579348067154,92.19109623437366,2.754988018643184,1.983859903856482,-0.5230448339985635,46.00656762114629
local_300,0.5284258919734196,0.3153495976748813,0.021041196804836407,0.1351833135468627,92.19109623437366,2.754988018643184,1.983859903856482,-0.5230448339985635,46.00656762114629
local_311,0.5589983021814536,0.28916785589795774,0.02386035986340936,0.12797348205717915,92.19109623437366,2.754988018643184,1.983859903856482,-0.5230448339985635,46.00656762114629
local_330,0.5562287483569679,0.2769550415810161,0.03577093766319025,0.13104527239882574,92.19109623437366,2.754988018643184,1.983859903856482,-0.5230448339985635,46.00656762114629
local_340,0.5609464524243657,0.31154134951681695,1.0604143993484843e-06,0.127511137644418,92.19109623437366,2.754988018643184,1.983859903856482,-0.5230448339985635,46.00656762114629
local_348,0.5336898486514314,0.3345459152048076,0.005404477046643672,0.12635975909711736,92.19109623437366,2.754988018643184,1.983859903856482,-0.5230448339985635,46.00656762114629
local_397,0.5574055445034118,0.3214628208594542,0.003980213601530975,0.11715142103560294,92.19109623437366,2.754988018643184,1.983859903856482,-0.5230448339985635,46.00656762114629
local_056,0.6680025311506786,0.2383449604856039,1.0295964626097281e-06,0.09365147876725487,91.8338162283905,2.7507261222152377,1.9641536675380344,-0.5710243186310987,44.248213403602584
local_004,0.6281028677112995,0.2482904095559439,0.001983722132231731,0.12162300060052492,91.51925536728652,2.7469640887347277,1.9778947579974804,-0.5230448340476337,44.834338905589426
local_024,0.656162438077175,0.22052984671625864,1.1377328222388633e-06,0.12330657747374406,91.51925536728652,2.7469640887347277,1.9778947579974804,-0.5230448340476337,44.834338905589426
local_029,0.5917377075183361,0.24826493444836215,0.023571103935244173,0.13642625409805756,91.51925536728652,2.7469640887347277,1.9778947579974804,-0.5230448340476337,44.834338905589426
local_037,0.620827869806301,0.2443074049466069,0.015137586699926667,0.11972713854716541,91.51925536728652,2.7469640887347277,1.9778947579974804,-0.5230448340476337,44.834338905589426
local_052,0.6305324500086049,0.2294526554764945,0.02019889616624562,0.11981599834865504,91.51925536728652,2.7469640887347277,1.9778947579974804,-0.5230448340476337,44.834338905589426
local_062,0.6086051298552382,0.2464175910158445,0.02282704087799048,0.12215023825092686,91.51925536728652,2.7469640887347277,1.9778947579974804,-0.5230448340476337,44.834338905589426
local_073,0.5936711824824908,0.24491381504765464,0.03159898866049013,0.12981601380936436,91.51925536728652,2.7469640887347277,1.9778947579974804,-0.5230448340476337,44.834338905589426
local_083,0.6380764028831083,0.22945223191188255,0.013057438749202012,0.11941392645580727,91.51925536728652,2.7469640887347277,1.9778947579974804,-0.5230448340476337,44.834338905589426
local_088,0.6261212994610034,0.2442982134844817,0.006369172787598286,0.12321131426691663,91.51925536728652,2.7469640887347277,1.9778947579974804,-0.5230448340476337,44.834338905589426
local_095,0.6013196963058333,0.24584632428416875,0.026622118261702625,0.12621186114829536,91.51925536728652,2.7469640887347277,1.9778947579974804,-0.5230448340476337,44.834338905589426
local_099,0.6497625646669464,0.2161299135172811,0.004158587417536642,0.129948934398236,91.51925536728652,2.7469640887347277,1.9778947579974804,-0.5230448340476337,44.834338905589426
local_114,0.6485325290386064,0.22474505259708522,1.0175123310091329e-06,0.12672140085197742,91.51925536728652,2.7469640887347277,1.9778947579974804,-0.5230448340476337,44.834338905589426
local_128,0.6056441856871811,0.249836004868482,0.027236074617470896,0.11728373482686595,91.51925536728652,2.7469640887347277,1.9778947579974804,-0.5230448340476337,44.834338905589426
local_133,0.6100455119029753,0.22034308699160712,0.025631737309606547,0.1439796637958109,91.51925536728652,2.7469640887347277,1.9778947579974804,-0.5230448340476337,44.834338905589426
local_143,0.6045072549505206,0.2387228328021731,0.03320068085291888,0.12356923139438743,91.51925536728652,2.7469640887347277,1.9778947579974804,-0.5230448340476337,44.834338905589426
local_159,0.6372286152085027,0.2417793234949303,9.187817353009802e-07,0.12099114251483166,91.51925536728652,2.7469640887347277,1.9778947579974804,-0.5230448340476337,44.834338905589426
local_168,0.6175649569672584,0.2438204725614763,0.004357239217015435,0.1342573312542499,91.51925536728652,2.7469640887347277,1.9778947579974804,-0.5230448340476337,44.834338905589426
local_228,0.6225464525330886,0.23160546138608765,0.025523850168721468,0.12032423591210233,91.51925536728652,2.7469640887347277,1.9778947579974804,-0.5230448340476337,44.834338905589426
local_237,0.6330215990789259,0.22619202791019882,0.022638342335894016,0.1181480306749812,91.51925536728652,2.7469640887347277,1.9778947579974804,-0.5230448340476337,44.834338905589426
local_243,0.6316849283941753,0.2248035053163853,0.013272078704550305,0.13023948758488899,91.51925536728652,2.7469640887347277,1.9778947579974804,-0.5230448340476337,44.834338905589426
local_254,0.5993083550894441,0.24309495479976706,0.02514470727561769,0.13245198283517118,91.51925536728652,2.7469640887347277,1.9778947579974804,-0.5230448340476337,44.834338905589426
local_255,0.5990621202540632,0.24571344891343497,0.041082682320551185,0.11414174851195057,91.51925536728652,2.7469640887347277,1.9778947579974804,-0.5230448340476337,44.834338905589426
local_271,0.6175420669446352,0.24754333412276258,0.0210572078085112,0.11385739112409099,91.51925536728652,2.7469640887347277,1.9778947579974804,-0.5230448340476337,44.834338905589426
local_274,0.6107913487315392,0.24076781705375147,0.011787396185722571,0.1366534380289868,91.51925536728652,2.7469640887347277,1.9778947579974804,-0.5230448340476337,44.834338905589426
local_282,0.6427084034088257,0.20539711288181936,0.01577315923186983,0.13612132447748512,91.51925536728652,2.7469640887347277,1.9778947579974804,-0.5230448340476337,44.834338905589426
local_301,0.5955536084440657,0.24584174667181521,0.026730245729004457,0.13187439915511456,91.51925536728652,2.7469640887347277,1.9778947579974804,-0.5230448340476337,44.834338905589426
local_306,0.6101745988643632,0.21525599655430921,0.04496976328478823,0.1295996412965392,91.51925536728652,2.7469640887347277,1.9778947579974804,-0.5230448340476337,44.834338905589426
local_309,0.6211161390056998,0.24293546049727474,0.008935595303095374,0.12701280519393005,91.51925536728652,2.7469640887347277,1.9778947579974804,-0.5230448340476337,44.834338905589426
local_329,0.6105126890377558,0.2116260986762328,0.033826358032511945,0.14403485425349952,91.51925536728652,2.7469640887347277,1.9778947579974804,-0.5230448340476337,44.834338905589426
local_343,0.6276280317419815,0.21514519469671808,0.01973854826511577,0.1374882252961847,91.51925536728652,2.7469640887347277,1.9778947579974804,-0.5230448340476337,44.834338905589426
local_344,0.5909376914093569,0.24530949251578857,0.03623977233147844,0.12751304374337613,91.51925536728652,2.7469640887347277,1.9778947579974804,-0.5230448340476337,44.834338905589426
local_345,0.6261782263675449,0.19901695035992245,0.0445712676813069,0.1302335555912257,91.51925536728652,2.7469640887347277,1.9778947579974804,-0.5230448340476337,44.834338905589426
local_357,0.6474905346365142,0.23329260721882827,1.0076792360879624e-06,0.11921585046542149,91.51925536728652,2.7469640887347277,1.9778947579974804,-0.5230448340476337,44.834338905589426
local_362,0.6160350804276385,0.2392647642037168,0.026295436808619652,0.11840471856002509,91.51925536728652,2.7469640887347277,1.9778947579974804,-0.5230448340476337,44.834338905589426
local_369,0.6182745890952301,0.22038203299759526,0.033527861153645755,0.1278155167535287,91.51925536728652,2.7469640887347277,1.9778947579974804,-0.5230448340476337,44.834338905589426
local_386,0.6151479129600227,0.23953855120880171,0.013594934986635802,0.1317186008445397,91.51925536728652,2.7469640887347277,1.9778947579974804,-0.5230448340476337,44.834338905589426
local_399,0.6242549593393608,0.23107812129393018,0.01406490648123813,0.13060201288547088,91.51925536728652,2.7469640887347277,1.9778947579974804,-0.5230448340476337,44.834338905589426
local_086,0.5788687462773487,0.3076522039102164,0.030495913927776352,0.08298313588465848,91.13876719046502,2.7424013427685834,1.982428179180974,-0.571024318631099,44.83458455870433
local_130,0.5631209703437012,0.2677360198928291,0.029433043837371442,0.13970996592609825,89.42029017947296,2.721624104008624,1.9764899437185104,-0.5230448340476341,46.0066035913647
local_341,0.5631546232416494,0.2674368336846443,0.03041379272078039,0.13899475035292566,89.42029017947296,2.721624104008624,1.9764899437185104,-0.5230448340476341,46.0066035913647
local_167,0.6886291627712313,0.18435401384229944,0.018270984308706526,0.10874583907776272,89.07374823436905,2.7174000754907457,1.9567486772173375,-0.5710243186752323,44.248249373821004
local_246,0.6552258834083752,0.22267947267474938,0.022638234252115405,0.09945640966476013,89.07374823436905,2.7174000754907457,1.9567486772173375,-0.5710243186752323,44.248249373821004
local_361,0.6638528868965351,0.2217214855877423,0.019116898991259842,0.09530872852446273,89.07374823436905,2.7174000754907457,1.9567486772173375,-0.5710243186752323,44.248249373821004
local_002,0.5946940672595021,0.29197589386775374,0.0007692078112490491,0.11256083106149505,88.96215990921527,2.7160374416153226,1.9733974885488643,-0.523044833998564,45.42044060393939
local_006,0.5920909971827717,0.2841912822060673,0.004731980893697948,0.11898573971746308,88.96215990921527,2.7160374416153226,1.9733974885488643,-0.523044833998564,45.42044060393939
local_007,0.5793517939087939,0.28389244983218753,0.013475395489007528,0.123280360770011,88.96215990921527,2.7160374416153226,1.9733974885488643,-0.523044833998564,45.42044060393939
local_011,0.5860772775695101,0.2795994230418423,9.177706578665796e-07,0.13432238161798968,88.96215990921527,2.7160374416153226,1.9733974885488643,-0.523044833998564,45.42044060393939
local_013,0.5761663401667617,0.2922262595988,0.011259808695656856,0.12034759153878145,88.96215990921527,2.7160374416153226,1.9733974885488643,-0.523044833998564,45.42044060393939
local_014,0.5973256266447307,0.3004872321500021,9.93843761398419e-07,0.10218614736150597,88.96215990921527,2.7160374416153226,1.9733974885488643,-0.523044833998564,45.42044060393939
local_017,0.6115050424156141,0.2805411104349546,9.574667853163448e-07,0.10795288968264581,88.96215990921527,2.7160374416153226,1.9733974885488643,-0.523044833998564,45.42044060393939
local_018,0.5729673451314384,0.3253341347013498,0.0019151461961598056,0.09978337397105183,88.96215990921527,2.7160374416153226,1.9733974885488643,-0.523044833998564,45.42044060393939
local_022,0.6100296695073832,0.2792239319640448,1.0806623377462076e-06,0.11074531786623412,88.96215990921527,2.7160374416153226,1.9733974885488643,-0.523044833998564,45.42044060393939
local_036,0.5861887541717866,0.2775092062404924,0.01858524170760991,0.11771679788011111,88.96215990921527,2.7160374416153226,1.9733974885488643,-0.523044833998564,45.42044060393939
local_041,0.5662430797532246,0.30979315301117183,0.01051158356662359,0.11345218366898,88.96215990921527,2.7160374416153226,1.9733974885488643,-0.523044833998564,45.42044060393939
local_043,0.5867278544199318,0.26333655430018565,0.02016138557501095,0.12977420570487158,88.96215990921527,2.7160374416153226,1.9733974885488643,-0.523044833998564,45.42044060393939
local_045,0.5740143720252283,0.28825431122250744,0.03164113570376152,0.10609018104850287,88.96215990921527,2.7160374416153226,1.9733974885488643,-0.523044833998564,45.42044060393939
local_053,0.6140095280233381,0.26690271488704803,0.008715482144710705,0.11037227494490309,88.96215990921527,2.7160374416153226,1.9733974885488643,-0.523044833998564,45.42044060393939
local_063,0.6062418637097015,0.2825330844255098,1.0263208552615714e-06,0.11122402554393346,88.96215990921527,2.7160374416153226,1.9733974885488643,-0.523044833998564,45.42044060393939
local_064,0.5942841279940215,0.2766732224657285,0.01651416722778344,0.1125284823124665,88.96215990921527,2.7160374416153226,1.9733974885488643,-0.523044833998564,45.42044060393939
local_065,0.5940734830912858,0.2864689818792453,0.015077002330541425,0.1043805326989275,88.96215990921527,2.7160374416153226,1.9733974885488643,-0.523044833998564,45.42044060393939
local_072,0.5855447925009755,0.26915689840684315,0.011729093858234623,0.13356921523394674,88.96215990921527,2.7160374416153226,1.9733974885488643,-0.523044833998564,45.42044060393939
local_078,0.5754693628192368,0.27032040837337507,0.026312060121602497,0.1278981686857857,88.96215990921527,2.7160374416153226,1.9733974885488643,-0.523044833998564,45.42044060393939
local_082,0.5773057666402023,0.2968185837433027,0.01784606610889278,0.1080295835076023,88.96215990921527,2.7160374416153226,1.9733974885488643,-0.523044833998564,45.42044060393939
local_087,0.581362281571927,0.297012492122282,9.978742486160667e-07,0.12162422843154226,88.96215990921527,2.7160374416153226,1.9733974885488643,-0.523044833998564,45.42044060393939
local_089,0.5686231999459247,0.2925701480637901,0.02683690102463438,0.1119697509656509,88.96215990921527,2.7160374416153226,1.9733974885488643,-0.523044833998564,45.42044060393939
local_093,0.5913551021022819,0.27930040058901884,0.013970785531906577,0.1153737117767925,88.96215990921527,2.7160374416153226,1.9733974885488643,-0.523044833998564,45.42044060393939
local_101,0.5770451245307476,0.30279542867216624,0.009898270733175233,0.11026117606391082,88.96215990921527,2.7160374416153226,1.9733974885488643,-0.523044833998564,45.42044060393939
local_103,0.5716438272977693,0.27428997292254875,0.013664073473031134,0.1404021263066507,88.96215990921527,2.7160374416153226,1.9733974885488643,-0.523044833998564,45.42044060393939
local_108,0.6052542098647018,0.2667461683327942,0.0012078571819296867,0.1267917646205742,88.96215990921527,2.7160374416153226,1.9733974885488643,-0.523044833998564,45.42044060393939
local_110,0.6082428841343708,0.2652037443902453,0.002585770618006205,0.12396760085737768,88.96215990921527,2.7160374416153226,1.9733974885488643,-0.523044833998564,45.42044060393939
local_116,0.5850379162240301,0.27032507478031587,0.01730453401601993,0.12733247497963415,88.96215990921527,2.7160374416153226,1.9733974885488643,-0.523044833998564,45.42044060393939
local_118,0.5927365168420521,0.26411711071638455,0.015932685400787575,0.12721368704077565,88.96215990921527,2.7160374416153226,1.9733974885488643,-0.523044833998564,45.42044060393939
local_121,0.6033447258938309,0.28055510810393774,0.006213416118179976,0.10988674988405145,88.96215990921527,2.7160374416153226,1.9733974885488643,-0.523044833998564,45.42044060393939
local_123,0.5840264484744413,0.3048162426232949,3.294587779581289e-05,0.1111243630244682,88.96215990921527,2.7160374416153226,1.9733974885488643,-0.523044833998564,45.42044060393939
local_124,0.5809316690433012,0.27670458150785865,0.02210622164754829,0.12025752780129192,88.96215990921527,2.7160374416153226,1.9733974885488643,-0.523044833998564,45.42044060393939
local_134,0.5711438735069179,0.2977103625604077,0.010581968997293542,0.1205637949353808,88.96215990921527,2.7160374416153226,1.9733974885488643,-0.523044833998564,45.42044060393939
local_137,0.5866259044140402,0.2785325207821512,9.727062961434908e-07,0.1348406020975126,88.96215990921527,2.7160374416153226,1.9733974885488643,-0.523044833998564,45.42044060393939
local_138,0.6065678643870291,0.2690809862042482,0.013371192158490858,0.11097995725023178,88.96215990921527,2.7160374416153226,1.9733974885488643,-0.523044833998564,45.42044060393939
local_142,0.5793538275219945,0.2846513798668284,0.02902026741448807,0.10697452519668893,88.96215990921527,2.7160374416153226,1.9733974885488643,-0.523044833998564,45.42044060393939
local_144,0.5903148328142032,0.2721838302001152,0.013001006430573081,0.12450033055510867,88.96215990921527,2.7160374416153226,1.9733974885488643,-0.523044833998564,45.42044060393939
local_153,0.5803228237779189,0.2690408270988027,0.015848275770793667,0.13478807335248477,88.96215990921527,2.7160374416153226,1.9733974885488643,-0.523044833998564,45.42044060393939
local_173,0.5924436924265836,0.293949480720308,0.00046205909686388775,0.11314476775624459,88.96215990921527,2.7160374416153226,1.9733974885488643,-0.523044833998564,45.42044060393939
local_176,0.6121321097908468,0.27320565008934844,9.873653359800917e-07,0.11466125275446885,88.96215990921527,2.7160374416153226,1.9733974885488643,-0.523044833998564,45.42044060393939
local_181,0.5904024691837942,0.29700951139628506,0.003945824072188808,0.10864219534773187,88.96215990921527,2.7160374416153226,1.9733974885488643,-0.523044833998564,45.42044060393939
local_182,0.586691363413583,0.27226234450634795,0.021335490569556817,0.11971080151051225,88.96215990921527,2.7160374416153226,1.9733974885488643,-0.523044833998564,45.42044060393939
local_183,0.5936639055799832,0.26335907286072285,0.018902665326975546,0.12407435623231848,88.96215990921527,2.7160374416153226,1.9733974885488643,-0.523044833998564,45.42044060393939
local_186,0.5947859756939184,0.2761235458192355,0.0001751252510574771,0.12891535323578857,88.96215990921527,2.7160374416153226,1.9733974885488643,-0.523044833998564,45.42044060393939
local_198,0.6084825477894421,0.2724016068021195,0.004867561171289045,0.11424828423714932,88.96215990921527,2.7160374416153226,1.9733974885488643,-0.523044833998564,45.42044060393939
local_203,0.6159264278090721,0.26442139589018765,0.0026549967498883777,0.11699717955085194,88.96215990921527,2.7160374416153226,1.9733974885488643,-0.523044833998564,45.42044060393939
local_206,0.5769980004930738,0.2678849426661444,0.02379728293000044,0.13131977391078126,88.96215990921527,2.7160374416153226,1.9733974885488643,-0.523044833998564,45.42044060393939
local_215,0.5976264705188737,0.2908296978996893,1.0853825033425513e-06,0.11154274619893358,88.96215990921527,2.7160374416153226,1.9733974885488643,-0.523044833998564,45.42044060393939
local_219,0.5930025261962186,0.2718631474922217,0.017863988082805482,0.1172703382287542,88.96215990921527,2.7160374416153226,1.9733974885488643,-0.523044833998564,45.42044060393939
local_222,0.6009312470728496,0.29139128242465673,1.0557659578764163e-06,0.10767641473653576,88.96215990921527,2.7160374416153226,1.9733974885488643,-0.523044833998564,45.42044060393939
local_224,0.5732839157173174,0.29076527581782224,0.025521254121372825,0.11042955434348761,88.96215990921527,2.7160374416153226,1.9733974885488643,-0.523044833998564,45.42044060393939
local_229,0.5847334290895213,0.28222458844896475,0.006176861278330851,0.12686512118318302,88.96215990921527,2.7160374416153226,1.9733974885488643,-0.523044833998564,45.42044060393939
local_230,0.5640707663465793,0.272654651070366,0.03551254091980879,0.12776204166324592,88.96215990921527,2.7160374416153226,1.9733974885488643,-0.523044833998564,45.42044060393939
local_234,0.571368774137111,0.2808523454670107,0.03361013552407928,0.11416874487179911,88.96215990921527,2.7160374416153226,1.9733974885488643,-0.523044833998564,45.42044060393939
local_235,0.5922105806626311,0.27080144523296845,0.014913982265681731,0.12207399183871885,88.96215990921527,2.7160374416153226,1.9733974885488643,-0.523044833998564,45.42044060393939
local_244,0.5844524232547246,0.2966049799194375,0.0038825882838794557,0.11506000854195834,88.96215990921527,2.7160374416153226,1.9733974885488643,-0.523044833998564,45.42044060393939
local_256,0.6018795790565777,0.27389110094503755,0.0002763005813624868,0.12395301941702223,88.96215990921527,2.7160374416153226,1.9733974885488643,-0.523044833998564,45.42044060393939
local_257,0.5927046538253303,0.2847439472486553,0.013921816149197892,0.10862958277681643,88.96215990921527,2.7160374416153226,1.9733974885488643,-0.523044833998564,45.42044060393939
local_266,0.6113232051307009,0.2820485733345359,9.567849732502228e-07,0.1066272647497899,88.96215990921527,2.7160374416153226,1.9733974885488643,-0.523044833998564,45.42044060393939
local_273,0.5666957387610958,0.29737595041973613,0.025089550556113074,0.11083876026305498,88.96215990921527,2.7160374416153226,1.9733974885488643,-0.523044833998564,45.42044060393939
local_280,0.6084422263889102,0.2776872639038677,1.0097422516726764e-06,0.11386949996497035,88.96215990921527,2.7160374416153226,1.9733974885488643,-0.523044833998564,45.42044060393939
local_283,0.5751564252199435,0.2782333139763106,0.028105032095186635,0.11850522870855916,88.96215990921527,2.7160374416153226,1.9733974885488643,-0.523044833998564,45.42044060393939
local_286,0.5987369679610627,0.285683119279978,0.009646431234024502,0.10593348152493481,88.96215990921527,2.7160374416153226,1.9733974885488643,-0.523044833998564,45.42044060393939
local_288,0.5826547015244684,0.2715349615724148,0.015577615055613489,0.13023272184750334,88.96215990921527,2.7160374416153226,1.9733974885488643,-0.523044833998564,45.42044060393939
local_292,0.6007121603421387,0.2969971059191253,1.0169722975557364e-06,0.10228971676643837,88.96215990921527,2.7160374416153226,1.9733974885488643,-0.523044833998564,45.42044060393939
local_294,0.6020617344200925,0.2865689750410077,0.008369571543458776,0.10299971899544112,88.96215990921527,2.7160374416153226,1.9733974885488643,-0.523044833998564,45.42044060393939
local_296,0.5827846687524942,0.26776153208254827,0.02467875112262708,0.12477504804233026,88.96215990921527,2.7160374416153226,1.9733974885488643,-0.523044833998564,45.42044060393939
local_298,0.6078128460558309,0.2653968483575751,1.0028687083716808e-06,0.12678930271788572,88.96215990921527,2.7160374416153226,1.9733974885488643,-0.523044833998564,45.42044060393939
local_305,0.5819638715228937,0.2936028607143492,1.0161796587091193e-06,0.12443225158309816,88.96215990921527,2.7160374416153226,1.9733974885488643,-0.523044833998564,45.42044060393939
local_316,0.6071308355736201,0.27838384860911275,0.008232732671841443,0.1062525831454258,88.96215990921527,2.7160374416153226,1.9733974885488643,-0.523044833998564,45.42044060393939
local_321,0.5776831673897859,0.29091565153352456,0.018169244061061806,0.11323193701562773,88.96215990921527,2.7160374416153226,1.9733974885488643,-0.523044833998564,45.42044060393939
local_324,0.6071041941763672,0.2640667179379188,0.008923960328628964,0.11990512755708511,88.96215990921527,2.7160374416153226,1.9733974885488643,-0.523044833998564,45.42044060393939
local_326,0.5914051565571753,0.2885125524435994,0.003970148541554173,0.11611214245767107,88.96215990921527,2.7160374416153226,1.9733974885488643,-0.523044833998564,45.42044060393939
local_333,0.5719654344238242,0.31453189785334423,1.021602868471761e-06,0.11350164611996304,88.96215990921527,2.7160374416153226,1.9733974885488643,-0.523044833998564,45.42044060393939
local_338,0.5840604863644262,0.27623863084541395,0.022933832135043766,0.11676705065511608,88.96215990921527,2.7160374416153226,1.9733974885488643,-0.523044833998564,45.42044060393939
local_351,0.5672195874615739,0.29218816372089246,0.021580825303497687,0.11901142351403611,88.96215990921527,2.7160374416153226,1.9733974885488643,-0.523044833998564,45.42044060393939
local_352,0.5749738309480227,0.2955075050229621,0.026477640186673944,0.10304102384234137,88.96215990921527,2.7160374416153226,1.9733974885488643,-0.523044833998564,45.42044060393939
local_358,0.6101451255041425,0.2672991686660992,0.008730461094669918,0.11382524473508837,88.96215990921527,2.7160374416153226,1.9733974885488643,-0.523044833998564,45.42044060393939
local_365,0.6004529960566102,0.28408381848470354,0.003028482281479059,0.11243470317720719,88.96215990921527,2.7160374416153226,1.9733974885488643,-0.523044833998564,45.42044060393939
local_367,0.5905651366247492,0.28351286734803477,0.020695266731654133,0.10522672929556198,88.96215990921527,2.7160374416153226,1.9733974885488643,-0.523044833998564,45.42044060393939
local_371,0.6057394541493605,0.27521627373467067,0.0008019823890918637,0.11824228972687709,88.96215990921527,2.7160374416153226,1.9733974885488643,-0.523044833998564,45.42044060393939
local_373,0.5764667427468939,0.2695444676511055,0.0260737924310245,0.1279149971709761,88.96215990921527,2.7160374416153226,1.9733974885488643,-0.523044833998564,45.42044060393939
local_375,0.5813176678386135,0.291809417137355,0.01373970474890659,0.11313321027512495,88.96215990921527,2.7160374416153226,1.9733974885488643,-0.523044833998564,45.42044060393939
local_376,0.5917821165981096,0.28992912846410684,0.010671136577366222,0.10761761836041725,88.96215990921527,2.7160374416153226,1.9733974885488643,-0.523044833998564,45.42044060393939
local_380,0.5976665666254127,0.27416035708582326,0.01674150494431253,0.11143157134445138,88.96215990921527,2.7160374416153226,1.9733974885488643,-0.523044833998564,45.42044060393939
local_381,0.5688535359478567,0.2892680077507316,0.004811640258147053,0.13706681604326465,88.96215990921527,2.7160374416153226,1.9733974885488643,-0.523044833998564,45.42044060393939
local_383,0.5906719696249654,0.28421324794965935,0.00546442797544585,0.11965035444992941,88.96215990921527,2.7160374416153226,1.9733974885488643,-0.523044833998564,45.42044060393939
local_384,0.5671601448848671,0.27833133414649097,0.027000675210931427,0.12750784575771054,88.96215990921527,2.7160374416153226,1.9733974885488643,-0.523044833998564,45.42044060393939
local_387,0.6016943546893206,0.26667153120445186,0.0033132083385445515,0.128320905767683,88.96215990921527,2.7160374416153226,1.9733974885488643,-0.523044833998564,45.42044060393939
local_394,0.6059043322393259,0.2600805097245335,0.011633531899787383,0.1223816261363531,88.96215990921527,2.7160374416153226,1.9733974885488643,-0.523044833998564,45.42044060393939
local_398,0.5911548181109249,0.2794141443313199,0.024213836059238308,0.10521720149851696,88.96215990921527,2.7160374416153226,1.9733974885488643,-0.523044833998564,45.42044060393939
local_177,0.6028323540130155,0.32336360810818976,9.931280158558586e-07,0.07380304475077874,88.89864279693104,2.715261277584924,1.9661284422689327,-0.5230448339985635,45.41999114279882
local_005,0.6076025449779447,0.25681331824807624,0.058369340174821156,0.0772147965991579,88.33383776564246,2.7083421772317426,1.960346038418058,-0.5710243186310986,45.42023705717504
local_010,0.6377154442209885,0.2721767529272914,0.0024947391138928263,0.08761306373782739,88.33383776564246,2.7083421772317426,1.960346038418058,-0.5710243186310986,45.42023705717504
local_021,0.658344475828398,0.2587858913239734,1.060301046619081e-06,0.0828685725465819,88.33383776564246,2.7083421772317426,1.960346038418058,-0.5710243186310986,45.42023705717504
local_027,0.6073292157412672,0.2806945154159186,0.029285066433654958,0.08269120240915931,88.33383776564246,2.7083421772317426,1.960346038418058,-0.5710243186310986,45.42023705717504
local_031,0.6276098213145257,0.2702101361735699,0.01565839122683663,0.08652165128506766,88.33383776564246,2.7083421772317426,1.960346038418058,-0.5710243186310986,45.42023705717504
local_033,0.6264169738110268,0.25938992715169934,0.025641787914794135,0.08855131112247973,88.33383776564246,2.7083421772317426,1.960346038418058,-0.5710243186310986,45.42023705717504
local_034,0.6203278114337671,0.2760997523346636,0.013620073925268138,0.08995236230630117,88.33383776564246,2.7083421772317426,1.960346038418058,-0.5710243186310986,45.42023705717504
local_039,0.6115642765372343,0.2779749060151741,0.02877245205245756,0.08168836539513406,88.33383776564246,2.7083421772317426,1.960346038418058,-0.5710243186310986,45.42023705717504
local_042,0.6288434528009317,0.26143986663530205,0.028196918186516155,0.08151976237725019,88.33383776564246,2.7083421772317426,1.960346038418058,-0.5710243186310986,45.42023705717504
local_055,0.5902740509476988,0.2698676397703356,0.0528761430207891,0.08698216626117641,88.33383776564246,2.7083421772317426,1.960346038418058,-0.5710243186310986,45.42023705717504
local_076,0.6278968387941376,0.2697308672230203,0.012747637802035498,0.08962465618080667,88.33383776564246,2.7083421772317426,1.960346038418058,-0.5710243186310986,45.42023705717504
local_084,0.605854954614389,0.25921853700228253,0.04281738893120528,0.09210911945212324,88.33383776564246,2.7083421772317426,1.960346038418058,-0.5710243186310986,45.42023705717504
local_092,0.618622777192551,0.2813112975349704,0.020570782104522563,0.0794951431679561,88.33383776564246,2.7083421772317426,1.960346038418058,-0.5710243186310986,45.42023705717504
local_105,0.6046085604409531,0.27212784321336947,0.042791678341344334,0.08047191800433319,88.33383776564246,2.7083421772317426,1.960346038418058,-0.5710243186310986,45.42023705717504
local_106,0.6591070278770585,0.2616453485435612,0.0002784581747743708,0.07896916540460597,88.33383776564246,2.7083421772317426,1.960346038418058,-0.5710243186310986,45.42023705717504
local_132,0.6109345064480654,0.2511845071084181,0.052786785877478475,0.08509420056603807,88.33383776564246,2.7083421772317426,1.960346038418058,-0.5710243186310986,45.42023705717504
local_158,0.6224049961668006,0.26754460632257054,0.021602171751046124,0.08844822575958278,88.33383776564246,2.7083421772317426,1.960346038418058,-0.5710243186310986,45.42023705717504
local_160,0.5950719009145299,0.2923541080098674,0.028346699278078934,0.08422729179752379,88.33383776564246,2.7083421772317426,1.960346038418058,-0.5710243186310986,45.42023705717504
local_162,0.6088932017970416,0.2855051965724518,0.027287917489327667,0.07831368414117894,88.33383776564246,2.7083421772317426,1.960346038418058,-0.5710243186310986,45.42023705717504
local_200,0.637436646641614,0.25860369543215567,0.015725146032285073,0.08823451189394534,88.33383776564246,2.7083421772317426,1.960346038418058,-0.5710243186310986,45.42023705717504
local_201,0.6554706990054375,0.25009688293982363,0.006613946585370422,0.08781847146936843,88.33383776564246,2.7083421772317426,1.960346038418058,-0.5710243186310986,45.42023705717504
local_202,0.616797520892922,0.258361992735101,0.04701378368410099,0.07782670268787589,88.33383776564246,2.7083421772317426,1.960346038418058,-0.5710243186310986,45.42023705717504
local_207,0.6013916736033271,0.26403218475048407,0.04756311106313197,0.08701303058305679,88.33383776564246,2.7083421772317426,1.960346038418058,-0.5710243186310986,45.42023705717504
local_209,0.6205111792755647,0.2567465853278767,0.02912916350441515,0.09361307189214325,88.33383776564246,2.7083421772317426,1.960346038418058,-0.5710243186310986,45.42023705717504
local_211,0.652017228415966,0.25371851904389575,0.017117914844282864,0.07714633769585537,88.33383776564246,2.7083421772317426,1.960346038418058,-0.5710243186310986,45.42023705717504
local_213,0.6249186254321931,0.255566629565613,0.03764111076615039,0.08187363423604341,88.33383776564246,2.7083421772317426,1.960346038418058,-0.5710243186310986,45.42023705717504
local_226,0.6446826527869616,0.25782148387267023,0.015888412397646323,0.08160745094272187,88.33383776564246,2.7083421772317426,1.960346038418058,-0.5710243186310986,45.42023705717504
local_239,0.6221900324940833,0.27112546681769556,0.024567312696324905,0.08211718799189636,88.33383776564246,2.7083421772317426,1.960346038418058,-0.5710243186310986,45.42023705717504
local_247,0.6259541139259975,0.25404833358685963,0.03427470692515928,0.08572284556198367,88.33383776564246,2.7083421772317426,1.960346038418058,-0.5710243186310986,45.42023705717504
local_260,0.6302879861803429,0.27640740221962656,0.013310304306807134,0.07999430729322353,88.33383776564246,2.7083421772317426,1.960346038418058,-0.5710243186310986,45.42023705717504
local_265,0.6247047779738957,0.267748827169674,0.01825982023008616,0.08928657462634407,88.33383776564246,2.7083421772317426,1.960346038418058,-0.5710243186310986,45.42023705717504
local_284,0.6565585623096997,0.26062948446688394,0.0012687944328609161,0.08154315879055532,88.33383776564246,2.7083421772317426,1.960346038418058,-0.5710243186310986,45.42023705717504
local_295,0.6312395633853763,0.2511139631883191,0.025820601962545434,0.091825871463759,88.33383776564246,2.7083421772317426,1.960346038418058,-0.5710243186310986,45.42023705717504
local_297,0.6444384379859471,0.260333314153049,0.005455320973373042,0.08977292688763092,88.33383776564246,2.7083421772317426,1.960346038418058,-0.5710243186310986,45.42023705717504
local_355,0.6019741166348566,0.29050272732701155,0.02653476679203193,0.0809883892461,88.33383776564246,2.7083421772317426,1.960346038418058,-0.5710243186310986,45.42023705717504
local_382,0.6306324159133739,0.25691960094674615,0.025430718944239945,0.08701726419563989,88.33383776564246,2.7083421772317426,1.960346038418058,-0.5710243186310986,45.42023705717504
local_020,0.6123751575883578,0.2517178678586568,9.211728933465922e-07,0.13590605338009185,86.28839962864738,2.6830196116341547,1.9659944493217945,-0.5230448340476337,45.4204765741578
local_189,0.600918008082421,0.2576577524836216,0.008340672674642153,0.13308356675931515,86.28839962864738,2.6830196116341547,1.9659944493217945,-0.5230448340476337,45.4204765741578
local_223,0.5923413016381313,0.25909637683900627,0.01432904906588217,0.1342332724569803,86.28839962864738,2.6830196116341547,1.9659944493217945,-0.5230448340476337,45.4204765741578
local_003,0.6209093975127429,0.2973971655323179,1.0157928509398328e-06,0.08169242116208839,84.48577531923254,2.660348575909541,1.9458883147641894,-0.5230448339985643,45.42008976196616
local_048,0.6082837702611724,0.3068935656388103,0.004650645453707906,0.08017201864630948,84.48577531923254,2.660348575909541,1.9458883147641894,-0.5230448339985643,45.42008976196616
local_166,0.6259998029012143,0.24316805720158025,0.0455872817771932,0.08524485812001242,80.59326924072928,2.6102002489778906,1.9277730698451758,-0.5710243186310983,44.834115116474216
local_218,0.616114933593506,0.24521964623887127,0.04953013507169417,0.08913528509592852,80.59326924072928,2.6102002489778906,1.9277730698451758,-0.5710243186310983,44.834115116474216
local_264,0.6391442456656733,0.24988930059204714,0.02258054951467305,0.08838590422760675,80.59326924072928,2.6102002489778906,1.9277730698451758,-0.5710243186310983,44.834115116474216
local_179,0.6183930807290969,0.30074989203843583,0.012807966884716589,0.06804906034775057,79.95585032927244,2.6018258302850406,1.9358098842826765,-0.5710243186310979,45.42015416587527
local_231,0.6168953965574775,0.296380146953789,0.013646559985198295,0.07307789650353541,79.95585032927244,2.6018258302850406,1.9358098842826765,-0.5710243186310979,45.42015416587527
local_233,0.6130074181889085,0.3067321294732416,0.004469383300862454,0.07579106903698751,79.95585032927244,2.6018258302850406,1.9358098842826765,-0.5710243186310979,45.42015416587527
local_252,0.6184587671596431,0.24724338983338334,1.038847041584634e-06,0.13429680415993184,78.72706993749648,2.5855478495346915,1.9330484716819218,-0.5230448340476337,44.83435463345701
local_248,0.5995582034762816,0.32754825169502955,9.728313655903125e-07,0.07289257199732319,77.85539940241013,2.5738912839629937,1.9170531483028352,-0.523044833998564,45.42007079263957
local_388,0.6417329486415729,0.19167123569611963,0.03566747942207356,0.13092833624023378,77.58461375156728,2.5702513657851704,1.9256358046778683,-0.5230448340476346,44.2485203016944
local_000,0.6242409451781473,0.2948374874013546,1.0879440419555162e-06,0.08092047947645606,75.98689691818663,2.54858973932734,1.915486003567495,-0.5710243186310986,45.42025278504261
local_221,0.6486103765215196,0.23671837050973563,0.026080913307590953,0.08859033966115387,68.32223788034477,2.43993795366681,1.8754405968121404,-0.5710243186310988,44.24829638641279
local_391,0.6525088235592265,0.2410474801791172,0.026776484126723926,0.0796672121349323,68.32223788034477,2.43993795366681,1.8754405968121404,-0.5710243186310988,44.24829638641279
local_057,0.6724941924510283,0.208992653404531,0.038224849622329644,0.08028830452211122,66.26881105133783,2.4093733298479036,1.8677574927649567,-0.571024318675233,44.24833235663122
local_079,0.6638535711698952,0.22898324415765156,0.02218633187375244,0.08497685279870078,66.26881105133783,2.4093733298479036,1.8677574927649567,-0.571024318675233,44.24833235663122
local_139,0.6392522028784782,0.22573283242859388,0.04198173737700353,0.09303322731592448,66.26881105133783,2.4093733298479036,1.8677574927649567,-0.571024318675233,44.24833235663122
local_188,0.6679064746635304,0.22945020593532012,0.01468000988661743,0.08796330951453214,66.26881105133783,2.4093733298479036,1.8677574927649567,-0.571024318675233,44.24833235663122
local_291,0.6867097218111474,0.20825456748509444,0.01714820630159751,0.08788750440216062,66.26881105133783,2.4093733298479036,1.8677574927649567,-0.571024318675233,44.24833235663122
local_023,0.5531113012886806,0.3180453491352133,0.031613422241328466,0.09722992733477763,66.18576364459014,2.4081231791474975,1.8837477131535867,-0.523044833998564,45.420523712916015
local_100,0.5793176990522375,0.3182417326468894,0.007635144457184462,0.09480542384368872,66.18576364459014,2.4081231791474975,1.8837477131535867,-0.523044833998564,45.420523712916015
local_269,0.6398911965128196,0.28312246401026137,0.026426204765930886,0.05056013471098821,45.95690722996533,2.0632632931933976,1.8391398500912084,-0.5710243186310989,44.24858550333858
local_163,0.6338800010611183,0.27185070057915084,0.02694558104995796,0.0673237173097729,45.750213031517866,2.0592274682442486,1.8372040780780832,-0.5710243186310981,44.834698354632685
local_169,0.6335837764875594,0.2932914075105143,0.01242101533587402,0.06070380066605234,45.750213031517866,2.0592274682442486,1.8372040780780832,-0.5710243186310981,44.834698354632685
local_272,0.6389909895125795,0.28865848235248015,0.010851251342326833,0.06149927679261354,45.750213031517866,2.0592274682442486,1.8372040780780832,-0.5710243186310981,44.834698354632685
local_350,0.6376977989499373,0.2709539548827785,0.0307635379884178,0.06058470817886642,45.750213031517866,2.0592274682442486,1.8372040780780832,-0.5710243186310981,44.834698354632685
local_196,0.6492911478668291,0.28456462408654193,9.809644142445836e-07,0.06614324708221467,41.0958653306771,1.9647237236266917,1.8049997583392587,-0.6146656886706325,44.834955876875405
local_060,0.6235680539129994,0.30676197187968063,0.014394150095780784,0.05527582411153897,39.35543625800873,1.9274383768392696,1.7884313745453668,-0.5710243186310981,44.83471408250028
local_156,0.6374029645986029,0.250693484976497,0.04830387143176724,0.06359967899313279,38.78434225666279,1.9149498507438216,1.7802501134473487,-0.5710243186310988,44.24887962457126
local_364,0.6671491635940314,0.2503832312993968,0.010404564387794546,0.07206304071877725,38.78434225666279,1.9149498507438216,1.7802501134473487,-0.5710243186310988,44.24887962457126
local_032,0.6827840820558004,0.2555339002658307,1.035532521346135e-06,0.061680982145847496,34.83865977237451,1.824903040192079,1.7474606930453187,-0.6146656886706325,44.24913714681398
local_263,0.6825820594957065,0.2415331700414672,0.0021695546567080688,0.07371521580611826,31.78579758382489,1.750141484153156,1.7112243800745053,-0.6146656886706321,43.66301520611317
