strategy,total_return,cagr,annualized_volatility,sharpe,sortino,max_drawdown,calmar,monthly_win_rate,annualized_turnover,avg_turnover_per_rebalance,average_holdings,variant,frequency,top_k,stop_lookback,immediate_reentry,risk_on_fraction,total_return_delta_vs_momentum,cagr_delta_vs_momentum,sharpe_delta_vs_momentum,drawdown_improvement_vs_momentum
SECTOR_LEAD_V3_top1_biweekly_BTC14_reentry_0,5.334305679054389,0.7158181881843915,0.5288722096621675,1.27111452204237,2.5486823124360485,-0.4156999171286976,1.7219589388630538,0.38095238095238093,15.79326923076923,1.148936170212766,0.19230769230769232,V3+STOP,biweekly,1.0,14.0,False,0.561698717948718,3.193181352592271,0.31822277322312487,0.350877104609005,0.062136848320042626
SECTOR_LEAD_V3_top1_biweekly_BTC21_reentry_0,4.803432220840533,0.6724508401879645,0.6091489946911137,1.1337686533849791,2.1891147982346215,-0.626322635680735,1.073649269369123,0.2857142857142857,15.208333333333334,1.3,0.22916666666666666,V3+STOP,biweekly,1.0,21.0,False,0.5488782051282052,2.662307894378415,0.2748554252266979,0.21353123595161405,-0.14848587023199478
SECTOR_LEAD_V3_top1_biweekly_NO_STOP,4.75839292551581,0.6686442658438221,0.7983561020250209,1.022356147436309,1.968004916425775,-0.6850839973520108,0.9760033345228737,0.35714285714285715,18.13301282051282,1.7222222222222223,0.44871794871794873,V3,biweekly,1.0,,False,,2.617268599053692,0.2710488508825555,0.10211873000294391,-0.20724723190327055
SECTOR_LEAD_V3_top1_biweekly_BTC14_reentry_1,4.422048951037393,0.6395296445255376,0.6418458831344704,1.0774748129068172,2.0325628444239583,-0.6168411452578282,1.0367817540093343,0.3333333333333333,35.09615384615385,1.1428571428571428,0.2948717948717949,V3+STOP,biweekly,1.0,14.0,True,0.561698717948718,2.280924624575275,0.24193422956427102,0.15723739547345217,-0.13900437980908797
SECTOR_LEAD_V3_top1_biweekly_BTC21_reentry_1,3.776376151613656,0.5798452599556265,0.6643196036457101,1.0053738812455089,1.899376345712158,-0.7619923869485703,0.7609593873734626,0.3333333333333333,25.15224358974359,1.2463768115942029,0.29967948717948717,V3+STOP,biweekly,1.0,21.0,True,0.5488782051282052,1.6352518251515376,0.18224984499435992,0.08513646381214379,-0.2841556214998301
SECTOR_LEAD_V3_top2_biweekly_BTC14_reentry_0,3.334646317322325,0.5356368760031456,0.434800515278093,1.1972880699246895,2.2225978451452453,-0.37518372312923143,1.427665548856037,0.3333333333333333,14.661185551083037,1.044358422816874,0.38461538461538464,V3+STOP,biweekly,2.0,14.0,False,0.561698717948718,1.1935219908602068,0.13804146104187898,0.27705065249132443,0.10265304231950878
SECTOR_LEAD_V3_top1_biweekly_BTC18_reentry_0,3.243464695034791,0.526118138998845,0.6093277964891921,0.9825590790293696,1.8886715041210338,-0.6747180643814468,0.779759972013152,0.2857142857142857,15.79326923076923,1.2272727272727273,0.21794871794871795,V3+STOP,biweekly,1.0,18.0,False,0.5584935897435898,1.1023403685726727,0.12852272403757836,0.062321661596004496,-0.19688129893270656
SECTOR_LEAD_V3_top1_7D_BTC14_reentry_0,2.8085459083154927,0.4786093578755286,0.4554753851939844,1.071413389263829,2.261860891537802,-0.4217655483733528,1.1347758481493062,0.30952380952380953,16.378205128205128,1.0,0.1201923076923077,V3+STOP,7D,1.0,14.0,False,0.561698717948718,0.6674215818533744,0.081013942914262,0.15117597183046383,0.056071217075387425
SECTOR_LEAD_V3_top2_biweekly_BTC14_reentry_1,2.646316372646237,0.4599043025397458,0.5083292862472188,0.9927394255985614,1.7538411803144376,-0.5407057728246885,0.8505629598462957,0.30952380952380953,34.2968023690212,1.0470256691912538,0.5897435897435898,V3+STOP,biweekly,2.0,14.0,True,0.561698717948718,0.5051920461841188,0.06230888757847919,0.07250200816519636,-0.06286900737594825
SECTOR_LEAD_V3_top2_biweekly_NO_STOP,2.4657129149036634,0.4383746816839009,0.6210319553044954,0.8894525701680442,1.5743066569035977,-0.5959794989010239,0.7355532908300645,0.30952380952380953,16.438899983174487,1.2490561448402895,0.8974358974358975,V3,biweekly,2.0,,False,,0.32458858844154515,0.04077926672263432,-0.030784847265320825,-0.11814273345228365
SECTOR_LEAD_V3_top1_biweekly_BTC18_reentry_1,2.344207862086219,0.42343937585460223,0.651767848763537,0.8525364530227338,1.5947636849216174,-0.7527861605622344,0.5624962280634218,0.30952380952380953,32.756410256410255,1.1914893617021276,0.2980769230769231,V3+STOP,biweekly,1.0,18.0,True,0.5584935897435898,0.20308353562410053,0.025843960893335627,-0.06770096441063123,-0.27494939511349414
TOP20_MOM_top8_biweekly__bull_only,2.1411243264621183,0.3975954149612666,0.4991611446694261,0.9202374174333651,1.4848116510597147,-0.4778367654487402,0.8320737199614217,0.2857142857142857,9.80570219276232,0.7450542670665068,3.5673076923076925,BASELINE,biweekly,,,False,,0.0,0.0,0.0,0.0
SECTOR_LEAD_V3_top1_7D_BTC21_reentry_1,2.031517085938161,0.3831526658253943,0.5591584818679339,0.8434803725000376,1.64814942229419,-0.6247647500124329,0.6132751020568454,0.2857142857142857,22.8125,1.0,0.16346153846153846,V3+STOP,7D,1.0,21.0,True,0.5488782051282052,-0.1096072405239572,-0.01444274913587229,-0.07675704493332747,-0.14692798456369272
SECTOR_LEAD_V3_top1_7D_BTC21_reentry_0,2.003808738347069,0.3794432259418168,0.5293584836070722,0.8564381295235542,1.6986800625414258,-0.6145235303056197,0.6174592301666774,0.2619047619047619,16.963141025641026,1.0,0.14102564102564102,V3+STOP,7D,1.0,21.0,False,0.5488782051282052,-0.13731558811504918,-0.018152189019449816,-0.06379928790981082,-0.13668676485687947
SECTOR_LEAD_V3_top2_biweekly_BTC21_reentry_0,1.9986685021497195,0.3787524201051016,0.4872096794567158,0.8970757262936513,1.5627763123395013,-0.5584735345104275,0.6781922449326553,0.2619047619047619,13.204209049615034,1.0499428412819092,0.4583333333333333,V3+STOP,biweekly,2.0,21.0,False,0.5488782051282052,-0.14245582431239878,-0.01884299485616503,-0.02316169113971378,-0.08063676906168726
SECTOR_LEAD_V3_top1_biweekly_BTC24_reentry_1,1.7838147589695903,0.34909659482704924,0.6672670800600172,0.7676175350172124,1.4142914245290943,-0.7527028506085842,0.4637907170735351,0.30952380952380953,23.982371794871796,1.2615384615384615,0.30448717948717946,V3+STOP,biweekly,1.0,24.0,True,0.5608974358974359,-0.35730956749252796,-0.04849882013421736,-0.15261988241615265,-0.274866085159844
SECTOR_LEAD_V3_top1_biweekly_BTC24_reentry_0,1.7507617195738105,0.3443919683894876,0.6199120828162795,0.7732396924049575,1.4168016456698223,-0.7230026779726262,0.47633567465503457,0.2619047619047619,15.208333333333334,1.3,0.24358974358974358,V3+STOP,biweekly,1.0,24.0,False,0.5608974358974359,-0.3903626068883077,-0.053203446571779,-0.14699772502840758,-0.24516591252388598
SECTOR_LEAD_V3_top1_7D_BTC18_reentry_0,1.7360469612294964,0.342284660729127,0.5361072908950043,0.8006591976386686,1.5794940352744822,-0.6604565951659678,0.5182545881658028,0.2857142857142857,16.963141025641026,1.0,0.13942307692307693,V3+STOP,7D,1.0,18.0,False,0.5584935897435898,-0.40507736523262183,-0.0553107542321396,-0.11957821979469652,-0.18261982971722757
SECTOR_LEAD_V3_top1_7D_BTC14_reentry_1,1.606047130543062,0.3233096512968108,0.5148921959657253,0.7870284120938041,1.5284875910161466,-0.5632079441393889,0.5740502325315116,0.3333333333333333,25.737179487179485,1.0,0.1530448717948718,V3+STOP,7D,1.0,14.0,True,0.561698717948718,-0.5350771959190563,-0.07428576366445583,-0.13320900533956093,-0.0853711786906487
SECTOR_LEAD_V3_top2_biweekly_BTC21_reentry_1,1.4203449080795543,0.2950060414439515,0.5307873485007837,0.7470251441843573,1.2731073579893573,-0.7130709750020026,0.41371203118051886,0.30952380952380953,22.87462004107425,1.0569243173365668,0.5993589743589743,V3+STOP,biweekly,2.0,21.0,True,0.5488782051282052,-0.720779418382564,-0.10258937351731512,-0.1732122732490078,-0.23523420955326235
SECTOR_LEAD_V3_top1_7D_BTC18_reentry_1,1.4106134299760082,0.29348103971617756,0.5466220452144983,0.7280668151570214,1.4061379820180058,-0.6351319784477948,0.4620788271965438,0.2857142857142857,22.227564102564102,1.0,0.1578525641025641,V3+STOP,7D,1.0,18.0,True,0.5584935897435898,-0.73051089648611,-0.10411437524508904,-0.19217060227634364,-0.15729521299905458
SECTOR_LEAD_V3_top1_7D_NO_STOP,1.2286689255887615,0.26413125837272,0.627666774590798,0.6689440792978477,1.2968698538960246,-0.6137134465486586,0.4303820616252022,0.3333333333333333,23.397435897435898,1.0,0.22435897435897437,V3,7D,1.0,,False,,-0.9124554008733567,-0.1334641565885466,-0.25129333813551735,-0.13587668109991835
SECTOR_LEAD_V3_top2_biweekly_BTC18_reentry_0,1.156733390100634,0.25205891984218676,0.487875637324609,0.699078639303165,1.192087709663559,-0.6293921300221175,0.4004799358284463,0.2619047619047619,13.789144947050932,1.0249465690243935,0.4358974358974359,V3+STOP,biweekly,2.0,18.0,False,0.5584935897435898,-0.9843909363614842,-0.14553649511907985,-0.22115877813020002,-0.15155536457337726
SECTOR_LEAD_V3_top1_7D_BTC24_reentry_0,1.1528737817109143,0.25140318997633715,0.531183383900266,0.6725524291755762,1.286838047218402,-0.6642328602850234,0.37848652936029037,0.2619047619047619,16.963141025641026,1.0,0.14583333333333334,V3+STOP,7D,1.0,24.0,False,0.5608974358974359,-0.988250544751204,-0.14619222498492945,-0.24768498825778884,-0.18639609483628317
SECTOR_LEAD_V3_top1_7D_BTC24_reentry_1,1.135146551128806,0.24838068474228892,0.5579053768837023,0.6606142196839733,1.2674654694294272,-0.6492741455939777,0.3825513250878979,0.2619047619047619,21.642628205128204,1.0,0.16185897435897437,V3+STOP,7D,1.0,24.0,True,0.5608974358974359,-1.0059777753333123,-0.1492147302189777,-0.2596231977493918,-0.17143738014523746
TOP20_SECTOR_top4_biweekly__bull_only,1.118469714028032,0.2455210206323566,0.4649250352789706,0.7045334425678432,1.1306234339970354,-0.4855701520945451,0.505634499100248,0.2857142857142857,10.705834054283185,0.8134478477774988,2.636217948717949,BASELINE,biweekly,,,False,,-1.0226546124340863,-0.15207439432891,-0.21570397486552184,-0.007733386645804918
SECTOR_LEAD_V3_top2_7D_BTC14_reentry_0,1.03487607486854,0.23094164779437798,0.3426868260601009,0.7748785632377253,1.3162268711328229,-0.3980939676054417,0.5801184307903618,0.2619047619047619,16.378205128205128,1.0,0.2403846153846154,V3+STOP,7D,2.0,14.0,False,0.561698717948718,-1.1062482515935783,-0.16665376716688862,-0.14535885419563976,0.07974279784329852
SECTOR_LEAD_V3_top2_biweekly_BTC18_reentry_1,1.0043362195142764,0.22550959113774538,0.5217591185341102,0.6451874406892926,1.0950805905443177,-0.7183290490878882,0.31393633798339415,0.30952380952380953,30.466950674682113,1.062978877327461,0.5961538461538461,V3+STOP,biweekly,2.0,18.0,True,0.5584935897435898,-1.1367881069478418,-0.17208582382352122,-0.2750499767440725,-0.24049228363914799
SECTOR_LEAD_V3_top2_biweekly_BTC24_reentry_0,0.48377979748532085,0.12232870983835276,0.49871957643835746,0.47603085380506716,0.7852318568481147,-0.680246499217027,0.179829973368705,0.2619047619047619,13.204209049615034,1.0499428412819092,0.48717948717948717,V3+STOP,biweekly,2.0,24.0,False,0.5608974358974359,-1.6573445289767974,-0.27526670512291385,-0.4442065636282979,-0.20240973376828675
SECTOR_LEAD_V3_top2_7D_BTC14_reentry_1,0.3506238318691257,0.0918855805308274,0.38180605135110646,0.41915005427663893,0.6766995964605993,-0.45432739387695065,0.20224530100800736,0.23809523809523808,25.737179487179485,1.0,0.3060897435897436,V3+STOP,7D,2.0,14.0,True,0.561698717948718,-1.7905004945929925,-0.3057098344304392,-0.5010873631567261,0.02350937157178956
SECTOR_LEAD_V3_top2_biweekly_BTC24_reentry_1,0.3442591434966238,0.09037819793860624,0.5327193698578718,0.42390627956413063,0.7018761178231183,-0.7319367135863547,0.12347815905526827,0.23809523809523808,21.993792967192135,1.0742956408241011,0.6089743589743589,V3+STOP,biweekly,2.0,24.0,True,0.5608974358974359,-1.7968651829654945,-0.30721721702266036,-0.49633113786923444,-0.2540999481376145
SECTOR_LEAD_V3_top2_7D_BTC21_reentry_0,0.13767043347032848,0.03844385925832294,0.39268325283081024,0.29040188589960897,0.46260595080601874,-0.5434657815383759,0.07073832532657495,0.19047619047619047,16.963141025641026,1.0,0.28205128205128205,V3+STOP,7D,2.0,21.0,False,0.5488782051282052,-2.0034538929917898,-0.35915155570294366,-0.629835531533756,-0.06562901608963567
SECTOR_LEAD_V3_top2_7D_BTC18_reentry_0,0.014916966642165574,0.004339905497614982,0.3977728888037546,0.20804792090705213,0.32530260293013447,-0.6010295256691642,0.007220785855375558,0.23809523809523808,16.963141025641026,1.0,0.27884615384615385,V3+STOP,7D,2.0,18.0,False,0.5584935897435898,-2.1262073598199525,-0.3932555094636516,-0.7121894965263129,-0.12319276022042402
SECTOR_LEAD_V3_top2_7D_NO_STOP,-0.00614922583920674,-0.0018023775460783709,0.4658250296533261,0.22590086340582163,0.367354985630455,-0.6149557243373086,-0.0029309062014515877,0.23809523809523808,23.397435897435898,1.0,0.44871794871794873,V3,7D,2.0,,False,,-2.147273552301325,-0.399397792507345,-0.6943365540275435,-0.1371189588885684
SECTOR_LEAD_V3_top2_7D_BTC21_reentry_1,-0.020750606046553766,-0.006113971719038491,0.41670150592382754,0.1918514604781358,0.30104097507050914,-0.5855514728253322,-0.010441390727851975,0.21428571428571427,22.8125,1.0,0.3269230769230769,V3+STOP,7D,2.0,21.0,True,0.5488782051282052,-2.161874932508672,-0.4037093866803051,-0.7283859569552292,-0.10771470737659194
SECTOR_LEAD_V3_top2_7D_BTC18_reentry_1,-0.03167764238830173,-0.009370432734100431,0.40804411804263496,0.17916982540668366,0.2806689571180079,-0.5724489844209865,-0.016369026741445473,0.21428571428571427,22.227564102564102,1.0,0.3157051282051282,V3+STOP,7D,2.0,18.0,True,0.5584935897435898,-2.17280196885042,-0.40696584769536703,-0.7410675920266814,-0.09461221897224625
SECTOR_LEAD_V3_top2_7D_BTC24_reentry_0,-0.18987260024800312,-0.05972524227216802,0.39660467352569284,0.04203243473876264,0.06422502208839517,-0.611587899409098,-0.0976560234920821,0.21428571428571427,16.963141025641026,1.0,0.2916666666666667,V3+STOP,7D,2.0,24.0,False,0.5608974358974359,-2.3309969267101214,-0.4573206572334346,-0.8782049826946025,-0.13375113396035776
SECTOR_LEAD_V3_top2_7D_BTC24_reentry_1,-0.29019012716102854,-0.09538493386553626,0.41650145142826134,-0.03374528354102411,-0.05183390217196891,-0.6356408014629429,-0.15006106223201138,0.19047619047619047,21.642628205128204,1.0,0.32371794871794873,V3+STOP,7D,2.0,24.0,True,0.5608974358974359,-2.4313144536231466,-0.49298034882680286,-0.9539827009743892,-0.15780403601420268
