rebalance_date,sector,sector_score,sector_weight,sector_rank,sector_ret_30,sector_ret_60,sector_ret_90,sector_rel_btc_60,breadth_positive_30,breadth_above_ma20,leader_momentum,top2_momentum,member_count
2021-04-22,CASH,0.0,1.0,,,,,,,,,,
2021-05-06,CASH,0.0,1.0,,,,,,,,,,
2021-05-20,CASH,0.0,1.0,,,,,,,,,,
2021-06-03,CASH,0.0,1.0,,,,,,,,,,
2021-06-17,CASH,0.0,1.0,,,,,,,,,,
2021-07-01,CASH,0.0,1.0,,,,,,,,,,
2021-07-15,CASH,0.0,1.0,,,,,,,,,,
2021-07-29,CASH,0.0,1.0,,,,,,,,,,
2021-08-12,CASH,0.0,1.0,,,,,,,,,,
2021-08-26,CASH,0.0,1.0,,,,,,,,,,
2021-09-09,CASH,0.0,1.0,,,,,,,,,,
2021-09-23,CASH,0.0,1.0,,,,,,,,,,
2021-10-07,CASH,0.0,1.0,,,,,,,,,,
2021-10-21,CASH,0.0,1.0,,,,,,,,,,
2021-11-04,Meme,0.925,0.3333333333333333,1.0,0.9473250841212097,2.6887996293917604,3.555973064056479,2.5021728693941085,1.0,1.0,3.9519509692389643,1.991497043689429,2.0
2021-11-04,Other,0.8187500000000001,0.3333333333333333,2.0,0.12674743709226477,0.7619625941219335,2.4016412661195785,0.5753358341242818,1.0,1.0,0.7722907500066281,0.7722907500066281,1.0
2021-11-04,Smart Contract Platform / L1,0.6437500000000002,0.3333333333333333,3.0,0.2036352020250854,0.2541188075528456,1.9124613910030135,0.06749204755519395,0.5714285714285714,0.8571428571428571,1.523329614898934,1.355312058268022,7.0
2021-11-18,CASH,0.0,1.0,,,,,,,,,,
2021-12-02,CASH,0.0,1.0,,,,,,,,,,
2021-12-16,CASH,0.0,1.0,,,,,,,,,,
2021-12-30,CASH,0.0,1.0,,,,,,,,,,
2022-01-13,CASH,0.0,1.0,,,,,,,,,,
2022-01-27,CASH,0.0,1.0,,,,,,,,,,
2022-02-10,CASH,0.0,1.0,,,,,,,,,,
2022-02-24,CASH,0.0,1.0,,,,,,,,,,
2022-03-10,CASH,0.0,1.0,,,,,,,,,,
2022-03-24,Store of Value,0.8625,0.3333333333333333,1.0,0.48793066328108803,0.5729787348683125,0.08332840991465773,0.3602751387908053,1.0,1.0,0.7531356568354223,0.4325246340839693,2.0
2022-03-24,Payments,0.7000000000000001,0.3333333333333333,2.0,0.17257894484456993,0.23333307855366692,-0.14525818673538377,0.0206294824761597,1.0,1.0,0.1710972501282591,0.12723775864130826,2.0
2022-03-24,Other,0.6937500000000001,0.3333333333333333,3.0,0.19808392110724182,0.2788278109423602,-0.278099699535646,0.06612421486485298,1.0,1.0,0.20816804225067798,0.12707036392919976,2.0
2022-04-07,Privacy,0.8343750000000001,0.3333333333333333,1.0,0.11360952568392046,0.303819344432283,0.16335132356720639,0.2789728431370253,1.0,1.0,0.1806208308850864,0.1806208308850864,1.0
2022-04-07,Store of Value,0.7656250000000001,0.3333333333333333,2.0,0.3724185161749609,0.23974163029275775,0.23683635290049665,0.21489512899750007,1.0,0.0,0.5334134316095844,0.3054990177554071,2.0
2022-04-07,DeFi,0.684375,0.3333333333333333,3.0,0.6629684418145956,0.16554345947814064,-0.043759746703842084,0.14069695818288297,1.0,1.0,0.37239530940997156,0.37239530940997156,1.0
2022-04-21,CASH,0.0,1.0,,,,,,,,,,
2022-05-05,CASH,0.0,1.0,,,,,,,,,,
2022-05-19,CASH,0.0,1.0,,,,,,,,,,
2022-06-02,CASH,0.0,1.0,,,,,,,,,,
2022-06-16,CASH,0.0,1.0,,,,,,,,,,
2022-06-30,CASH,0.0,1.0,,,,,,,,,,
2022-07-14,CASH,0.0,1.0,,,,,,,,,,
2022-07-28,CASH,0.0,1.0,,,,,,,,,,
2022-08-11,CASH,0.0,1.0,,,,,,,,,,
2022-08-25,CASH,0.0,1.0,,,,,,,,,,
2022-09-08,CASH,0.0,1.0,,,,,,,,,,
2022-09-22,CASH,0.0,1.0,,,,,,,,,,
2022-10-06,CASH,0.0,1.0,,,,,,,,,,
2022-10-20,CASH,0.0,1.0,,,,,,,,,,
2022-11-03,CASH,0.0,1.0,,,,,,,,,,
2022-11-17,CASH,0.0,1.0,,,,,,,,,,
2022-12-01,CASH,0.0,1.0,,,,,,,,,,
2022-12-15,CASH,0.0,1.0,,,,,,,,,,
2022-12-29,CASH,0.0,1.0,,,,,,,,,,
2023-01-12,Payments,0.865,0.3333333333333333,1.0,0.03052905981446663,0.30223828197899827,0.222538717934038,0.14638761967515823,0.5,1.0,0.34258045603462656,0.15044375808774038,2.0
2023-01-12,Smart Contract Platform / L1,0.7600000000000001,0.3333333333333333,2.0,0.10848549949602636,0.1769185356102164,0.05524021879684463,0.021067873306376356,0.8333333333333334,1.0,0.4606395331096242,0.28788998257953036,6.0
2023-01-12,Store of Value,0.6200000000000001,0.3333333333333333,3.0,0.060402850694108556,0.15585066230384004,-0.017360537295100897,0.0,1.0,1.0,0.0734845165791861,0.0734845165791861,1.0
2023-01-26,Smart Contract Platform / L1,0.9,0.3333333333333333,1.0,0.777484320670582,0.641170503258396,0.12988199489218472,0.2399566820662179,1.0,1.0,1.3186017445010494,1.0431890277833757,5.0
2023-01-26,Store of Value,0.75,0.3333333333333333,2.0,0.3777488632104111,0.4012138211921781,0.11695499344899418,0.0,1.0,1.0,0.3326295766526578,0.3326295766526578,1.0
2023-01-26,Oracle / Middleware,0.5599999999999999,0.3333333333333333,3.0,0.2154967785690065,0.0397389412617839,0.007872908758610908,-0.3614748799303942,1.0,1.0,0.1212446534147606,0.1212446534147606,1.0
2023-02-09,CASH,0.0,1.0,,,,,,,,,,
2023-02-23,CASH,0.0,1.0,,,,,,,,,,
2023-03-09,Smart Contract Platform / L1,0.90625,0.3333333333333333,1.0,-0.22657190823957973,0.27663847856713775,0.3678082381246222,0.08648271030376031,0.0,0.0,0.3000514924400185,0.14617788283383656,4.0
2023-03-09,Store of Value,0.71875,0.3333333333333333,2.0,-0.12395507117858595,0.19015576826337743,0.18938859159740407,0.0,0.0,0.0,0.03294691320920107,0.03294691320920107,1.0
2023-03-09,Meme,0.45625000000000004,0.3333333333333333,3.0,-0.2934665226781857,0.032028630968560345,-0.11191019267022606,-0.1581271372948171,0.0,0.0,-0.08134490238611707,-0.15950671058256996,2.0
2023-03-23,Store of Value,0.8687500000000001,0.3333333333333333,1.0,0.15930962557002926,0.2478852070813149,0.6891574205781905,0.0,1.0,1.0,0.2918518590250472,0.2918518590250472,1.0
2023-03-23,Smart Contract Platform / L1,0.775,0.3333333333333333,2.0,0.02145351190741209,0.1954541595709281,1.045031218706041,-0.0524310475103868,0.4,1.0,0.7002540680662808,0.5284078575694393,5.0
2023-03-23,Payments,0.5687500000000001,0.3333333333333333,3.0,0.0675962873358642,0.09082699738927202,0.34090624884212073,-0.15705820969204287,1.0,1.0,0.15135247771766003,0.12922749265313785,2.0
2023-04-06,CASH,0.0,1.0,,,,,,,,,,
2023-04-20,CASH,0.0,1.0,,,,,,,,,,
2023-05-04,CASH,0.0,1.0,,,,,,,,,,
2023-05-18,CASH,0.0,1.0,,,,,,,,,,
2023-06-01,CASH,0.0,1.0,,,,,,,,,,
2023-06-15,CASH,0.0,1.0,,,,,,,,,,
2023-06-29,CASH,0.0,1.0,,,,,,,,,,
2023-07-13,CASH,0.0,1.0,,,,,,,,,,
2023-07-27,CASH,0.0,1.0,,,,,,,,,,
2023-08-10,CASH,0.0,1.0,,,,,,,,,,
2023-08-24,CASH,0.0,1.0,,,,,,,,,,
2023-09-07,CASH,0.0,1.0,,,,,,,,,,
2023-09-21,CASH,0.0,1.0,,,,,,,,,,
2023-10-05,CASH,0.0,1.0,,,,,,,,,,
2023-10-19,CASH,0.0,1.0,,,,,,,,,,
2023-11-02,Oracle / Middleware,0.8800000000000001,0.3333333333333333,1.0,0.48603050344176,0.825870646766169,0.5435300714986682,0.4802677771447357,1.0,1.0,0.5994824600504642,0.5994824600504642,1.0
2023-11-02,Store of Value,0.73,0.3333333333333333,2.0,0.274110729434103,0.3456028696214333,0.20182051968962655,0.0,1.0,1.0,0.2811003295414068,0.2811003295414068,1.0
2023-11-02,Smart Contract Platform / L1,0.64,0.3333333333333333,3.0,0.19876929987116373,0.24819075918141884,0.050110646314012665,-0.09741211044001444,1.0,1.0,0.8229442478984247,0.5205055149222142,6.0
2023-11-16,Oracle / Middleware,0.8899999999999999,0.3333333333333333,1.0,0.8935153583617745,1.254917899528532,1.2468815810788918,0.892001665026144,1.0,1.0,1.072609365255225,1.072609365255225,1.0
2023-11-16,Smart Contract Platform / L1,0.7799999999999999,0.3333333333333333,2.0,0.7530871544403163,0.7853473518373371,0.582801248549384,0.4224311173349491,1.0,1.0,1.669076645186424,1.4889758414249987,8.0
2023-11-16,Store of Value,0.6099999999999999,0.3333333333333333,3.0,0.27290064647480095,0.36291623450238797,0.3882092262902168,0.0,1.0,1.0,0.32296703884616024,0.32296703884616024,1.0
2023-11-30,Oracle / Middleware,0.8500000000000001,0.3333333333333333,1.0,0.26848591549295775,0.7909520258513549,1.4263343997305942,0.44320277072954695,1.0,0.0,0.6567954454480042,0.6567954454480042,1.0
2023-11-30,Smart Contract Platform / L1,0.7699999999999999,0.3333333333333333,2.0,0.36165067223780084,0.5439707119365491,0.6848931623264188,0.19622145681474112,1.0,0.6666666666666666,1.1302849022083161,1.081335229260329,6.0
2023-11-30,Store of Value,0.61,0.3333333333333333,3.0,0.08863390649070202,0.347749255121808,0.4624554097304563,0.0,1.0,1.0,0.24113281172798465,0.24113281172798465,1.0
2023-12-14,Smart Contract Platform / L1,0.9,0.3333333333333333,1.0,0.5602804786458666,1.757682436510703,1.7905222203706859,1.1743601110941164,1.0,1.0,2.270368007221566,2.1708035818175953,9.0
2023-12-14,Oracle / Middleware,0.75,0.3333333333333333,2.0,0.1010752688172043,1.0692442408729623,1.4124391393120779,0.48592191545637564,1.0,1.0,0.6537987345329064,0.6537987345329064,1.0
2023-12-14,Store of Value,0.5800000000000001,0.3333333333333333,3.0,0.21038355656530405,0.5833223254165867,0.6173579212410669,0.0,1.0,1.0,0.40366006015584144,0.40366006015584144,1.0
2023-12-28,Smart Contract Platform / L1,0.8785714285714286,0.3333333333333333,1.0,0.7128102613663768,1.3819228738998677,2.0050686602412116,1.1487254977598047,1.0,0.9090909090909091,1.8801092698335224,1.8451562851877625,11.0
2023-12-28,DeFi,0.7785714285714286,0.3333333333333333,2.0,0.2470903929306757,0.6447305168023179,0.7875240808006289,0.4115331406622549,1.0,1.0,0.5535713885938556,0.474469167666159,2.0
2023-12-28,Oracle / Middleware,0.7142857142857144,0.3333333333333333,3.0,0.10254645560908471,0.4445446348061317,1.0150943396226415,0.21134725866606874,1.0,1.0,0.38765548617091017,0.38765548617091017,1.0
2024-01-11,Smart Contract Platform / L1,0.91,0.3333333333333333,1.0,0.4526153098954348,0.8951625872222063,2.4066078833017226,0.645069544548791,1.0,0.6363636363636364,1.8756853788516246,1.6617865355863506,11.0
2024-01-11,Store of Value,0.77,0.3333333333333333,2.0,0.28825943606132165,0.3628331614164685,0.8600772165870225,0.11274011874305312,1.0,1.0,0.5710171781936589,0.42499510977300586,2.0
2024-01-11,Oracle / Middleware,0.52,0.3333333333333333,3.0,0.035148173673328786,-0.06359102244389025,1.070011025358324,-0.3136840651173056,1.0,1.0,0.2124989851751621,0.2124989851751621,1.0
2024-01-25,Smart Contract Platform / L1,1.0,0.3333333333333333,1.0,0.05041808608519185,0.5455024096295669,1.1520233923157073,0.4792579865470481,0.4,0.2,0.7713800143162428,0.6515928559657347,5.0
2024-01-25,Store of Value,0.625,0.3333333333333333,2.0,-0.06057719536414807,0.06624442308251877,0.17795485981060355,0.0,0.0,0.0,0.025175701204802302,0.025175701204802302,1.0
2024-01-25,Payments,0.375,0.3333333333333333,3.0,-0.17457000482237583,-0.16626075661633388,-0.05467599410898394,-0.23250517969885265,0.0,0.0,-0.14809842821788485,-0.14809842821788485,1.0
2024-02-08,Smart Contract Platform / L1,0.9099999999999999,0.3333333333333333,1.0,0.13594103799202253,0.36935662355064425,0.8233778835988728,0.33480804387784335,0.8571428571428571,1.0,1.1176023772799475,0.7120764403639757,7.0
2024-02-08,Exchange / Trading Infrastructure,0.7849999999999999,0.3333333333333333,2.0,0.060038520289566355,0.3309151553053993,0.27052736318407966,0.2963665756325984,1.0,1.0,0.18339927937321887,0.18339927937321887,1.0
2024-02-08,Oracle / Middleware,0.635,0.3333333333333333,3.0,0.32798833819241957,0.11301160659743426,0.17472598323662147,0.07846302692463336,1.0,1.0,0.23284284772276434,0.23284284772276434,1.0
2024-02-22,Exchange / Trading Infrastructure,0.8200000000000001,0.3333333333333333,1.0,0.28061890887169705,0.4444696282864913,0.6417500322012795,0.2529319155404144,1.0,1.0,0.4020003493620518,0.4020003493620518,1.0
2024-02-22,Oracle / Middleware,0.6900000000000002,0.3333333333333333,2.0,0.5819250668193956,0.3546330501915709,0.578215740643471,0.16309533744549398,1.0,0.6666666666666666,0.7006894694334658,0.649985478542396,3.0
2024-02-22,Smart Contract Platform / L1,0.6799999999999999,0.3333333333333333,3.0,0.3257118803447449,0.2996625037992156,0.9600471473472848,0.10812479105313871,1.0,0.5714285714285714,0.9936796663279308,0.8615589697344244,7.0
2024-03-07,Meme,0.9041666666666667,0.3333333333333333,1.0,1.7859538418299643,1.7529424100460793,1.3208650781956495,1.2301467137635964,1.0,1.0,2.445508862470786,1.6830326595679357,2.0
2024-03-07,Oracle / Middleware,0.6958333333333333,0.3333333333333333,2.0,0.5298103748181554,0.6477058265272153,0.5456444015354888,0.12491013024473241,1.0,1.0,0.890176620922452,0.5683458156743401,2.0
2024-03-07,Exchange / Trading Infrastructure,0.6541666666666667,0.3333333333333333,3.0,0.5695270181001453,0.5705645161290323,0.9885754938064948,0.04776881984654935,1.0,1.0,0.6536479626500813,0.6536479626500813,1.0
2024-03-21,Meme,0.8958333333333333,0.3333333333333333,1.0,1.2965777250098942,1.3662585761588488,1.0629717504717506,0.7907725966692292,1.0,0.0,1.7667019632758392,1.2707607854469518,2.0
2024-03-21,Exchange / Trading Infrastructure,0.8208333333333334,0.3333333333333333,2.0,0.561421319796954,0.7379076556075206,1.0407651763665178,0.16242167611790093,1.0,1.0,0.7102359918540367,0.7102359918540367,1.0
2024-03-21,Smart Contract Platform / L1,0.575,0.3333333333333333,3.0,0.25622477967962737,0.5074994345276177,0.5051637090308609,-0.06798654496200196,0.7272727272727273,0.45454545454545453,0.9934600025049123,0.9094904336101048,11.0
2024-04-04,Meme,0.7833333333333334,0.3333333333333333,1.0,-0.02028668992222532,1.708850378756309,1.4966406409712065,1.0991850752494672,0.5,0.5,0.8921387177318321,0.8018398968600213,2.0
2024-04-04,Exchange / Trading Infrastructure,0.775,0.3333333333333333,2.0,0.4849429657794675,0.9232739091894022,0.8437352469077515,0.31360860568256044,1.0,1.0,0.6882007050281046,0.6882007050281046,1.0
2024-04-04,Payments,0.675,0.3333333333333333,3.0,0.2862476896022181,0.8266146075373841,0.7662160830301366,0.21694930403054236,1.0,0.6666666666666666,1.2319070399264382,0.7858269589669569,3.0
2024-04-18,Meme,0.855,0.3333333333333333,1.0,0.0500529460706452,1.0636972071993909,1.1953325114718167,0.8455917961785742,0.5,0.0,0.6504250999521055,0.5832021374895031,2.0
2024-04-18,Exchange / Trading Infrastructure,0.7650000000000001,0.3333333333333333,2.0,0.08844918310636363,0.5793251358307119,0.7562007122869496,0.36121972480989517,1.0,0.0,0.3692622747597853,0.3692622747597853,1.0
2024-04-18,Store of Value,0.6150000000000001,0.3333333333333333,3.0,0.025631087904176786,0.2181054110208167,0.5257773665979026,0.0,1.0,0.0,0.18340264057791394,0.18340264057791394,1.0
2024-05-02,Smart Contract Platform / L1,0.8750000000000001,0.3333333333333333,1.0,-0.18434214814248992,-0.062325976070199705,0.1970177404843327,0.0020543358344366283,0.14285714285714285,0.14285714285714285,0.6058172014256875,0.2883467647699594,7.0
2024-05-02,Store of Value,0.65,0.3333333333333333,2.0,-0.09749917553642828,-0.06438031190463633,0.36826100680125906,0.0,0.0,0.0,0.0055885200206467756,0.0055885200206467756,1.0
2024-05-02,Meme,0.6125,0.3333333333333333,3.0,-0.2069754607273086,-0.06464601018086996,1.0892775711537772,-0.00026569827623362796,0.0,0.0,0.23800622223150722,0.0949739808128402,2.0
2024-05-16,Exchange / Trading Infrastructure,0.8208333333333334,0.3333333333333333,1.0,0.05823636566415091,-0.0033960612691467107,0.5787853577371045,0.0421527583293434,1.0,0.0,0.14385643599875234,0.14385643599875234,1.0
2024-05-16,Store of Value,0.7208333333333334,0.3333333333333333,2.0,0.022339783814103287,-0.04554881959849011,0.25089008973362104,0.0,1.0,1.0,0.047683263974228826,0.047683263974228826,1.0
2024-05-16,Meme,0.6916666666666668,0.3333333333333333,3.0,0.02070790073940354,-0.09846131430748928,1.1134662707549914,-0.05291249470899917,0.5,1.0,0.28805164756347823,0.20350881022845324,2.0
2024-05-30,Exchange / Trading Infrastructure,0.8,0.3333333333333333,1.0,-0.14084507042253525,inf,inf,inf,0.0,0.0,inf,inf,1.0
2024-05-30,Store of Value,0.7375,0.3333333333333333,2.0,0.127193056961304,-0.04160144355348838,0.09474325758334179,0.0,1.0,1.0,0.07006474693127385,0.07006474693127385,1.0
2024-05-30,Oracle / Middleware,0.6291666666666667,0.3333333333333333,3.0,0.3673780487804881,-0.06416275430359941,-0.10568295114656023,-0.02256131075011103,1.0,1.0,0.14330360786985216,0.14330360786985216,1.0
2024-06-13,Exchange / Trading Infrastructure,0.895,0.3333333333333333,1.0,-0.045801526717557106,inf,inf,inf,0.0,1.0,inf,inf,1.0
2024-06-13,Store of Value,0.77,0.3333333333333333,2.0,0.08438973635092184,0.014854261282943426,-0.03963961812091077,0.0,1.0,0.0,0.038723222936161796,0.038723222936161796,1.0
2024-06-13,Payments,0.52,0.3333333333333333,3.0,-0.02072782141846885,-0.03128045943786373,-0.18344134764080222,-0.046134720720807154,0.5,0.0,-0.02386176494344895,-0.05643631806875399,2.0
2024-06-27,CASH,0.0,1.0,,,,,,,,,,
2024-07-11,CASH,0.0,1.0,,,,,,,,,,
2024-07-25,CASH,0.0,1.0,,,,,,,,,,
2024-08-08,CASH,0.0,1.0,,,,,,,,,,
2024-08-22,CASH,0.0,1.0,,,,,,,,,,
2024-09-05,CASH,0.0,1.0,,,,,,,,,,
2024-09-19,CASH,0.0,1.0,,,,,,,,,,
2024-10-03,CASH,0.0,1.0,,,,,,,,,,
2024-10-17,Smart Contract Platform / L1,0.87,0.3333333333333333,1.0,0.27255659627252726,0.3705702237584228,0.12774471395287856,0.21708340446138236,0.8571428571428571,0.42857142857142855,1.075917239963807,0.9561136455919744,7.0
2024-10-17,Meme,0.81,0.3333333333333333,2.0,0.28189910979228494,0.2947052947052946,0.03266932270916323,0.14121847540825416,1.0,1.0,0.23589500784956347,0.23589500784956347,1.0
2024-10-17,Store of Value,0.5700000000000001,0.3333333333333333,3.0,0.11749159795025288,0.15348681929704044,0.010499113381220226,0.0,1.0,1.0,0.10689166744048262,0.10689166744048262,1.0
2024-10-31,Meme,0.9083333333333334,0.3333333333333333,1.0,0.29939620197819095,0.5278696991113087,0.33473072470592846,0.30289454494153645,1.0,0.5,0.5537189498229992,0.37500515566367376,2.0
2024-10-31,Smart Contract Platform / L1,0.8166666666666665,0.3333333333333333,2.0,0.0045005136510546705,0.422331784648594,0.3763101534230947,0.1973566304788218,0.42857142857142855,0.14285714285714285,0.9531372343108941,0.6603550729973593,7.0
2024-10-31,Store of Value,0.725,0.3333333333333333,3.0,0.1549180902272509,0.2249751541697722,0.14303013726285063,0.0,1.0,1.0,0.17355761881712722,0.17355761881712722,1.0
2024-11-14,Meme,0.9166666666666666,0.3333333333333333,1.0,1.1193801000401729,1.6918299034456001,1.7534594725568011,1.2150737885093337,1.0,1.0,2.32477497852999,1.866382771694865,3.0
2024-11-14,Smart Contract Platform / L1,0.6666666666666669,0.3333333333333333,2.0,0.27223767896039847,0.5967370637196241,0.6862564001011702,0.11998094878335763,0.9,0.9,1.5706242508597628,1.21899407196692,10.0
2024-11-14,Store of Value,0.65,0.3333333333333333,3.0,0.30223803315873066,0.47675611493626646,0.4829130193448634,0.0,1.0,1.0,0.3907284549292179,0.3907284549292179,1.0
2024-11-28,Payments,0.8928571428571429,0.3333333333333333,1.0,2.074864121041915,1.7624997279579921,2.094768392469745,1.3043756170867762,1.0,1.0,4.131573573077388,2.929944534891735,4.0
2024-11-28,Meme,0.7857142857142858,0.3333333333333333,2.0,0.8105564911740649,1.2742466858334323,1.8829862475442045,0.8161225749622163,1.0,1.0,1.9011952184046104,1.164149500845903,2.0
2024-11-28,DeFi,0.6642857142857144,0.3333333333333333,3.0,0.6086737266767523,0.7118325731151061,1.1656483367277661,0.2537084622438901,1.0,1.0,0.7510163026184613,0.7510163026184613,1.0
2024-12-12,Payments,0.8875000000000001,0.3333333333333333,1.0,2.134038950455381,3.158276037184012,2.9722320967875833,2.566631654794722,1.0,0.75,4.071414274269825,3.472352072748136,4.0
2024-12-12,Oracle / Middleware,0.6958333333333334,0.3333333333333333,2.0,1.0837508947745165,1.7104283054003724,1.54235807860262,1.1187839230110823,1.0,1.0,1.3634755547278938,1.3634755547278938,1.0
2024-12-12,Meme,0.6375000000000001,0.3333333333333333,3.0,0.06505549978385994,1.622416891284816,1.903516739551941,1.030772508895526,1.0,0.0,1.3873337954906981,0.899956165187763,2.0
2024-12-26,Payments,0.93,0.3333333333333333,1.0,0.37275763348428387,2.7984226072459135,2.3124045234955184,2.390224905394096,0.75,0.0,2.686382267454783,2.2200120252188835,4.0
2024-12-26,Meme,0.6500000000000001,0.3333333333333333,2.0,-0.11860114356301421,0.7735778546590913,0.7393293032489509,0.3653801528072739,0.0,0.0,0.5599101816228336,0.4649944962235091,3.0
2024-12-26,Oracle / Middleware,0.5599999999999999,0.3333333333333333,3.0,0.13189525403473507,0.762893139835017,0.42499102142148515,0.3546954379831996,0.5,0.0,0.6304451368083919,0.3798137732521697,2.0
2025-01-09,Exchange / Trading Infrastructure,0.9892857142857143,0.3333333333333333,1.0,1.2972483707458364,3.9071925754060324,4.853321033210332,3.756517754012918,1.0,1.0,2.7914461646367945,2.7914461646367945,1.0
2025-01-09,Payments,0.7821428571428573,0.3333333333333333,2.0,-0.07245096041378943,2.4245685583896672,2.81775599869446,2.273893736996553,0.0,0.5,1.9772970441788067,1.7290941608747104,4.0
2025-01-09,DeFi,0.6964285714285715,0.3333333333333333,3.0,0.01641478053366119,0.47763469119579494,0.9550733708881007,0.32695986980268055,1.0,0.0,0.3425124718031892,0.3425124718031892,1.0
2025-01-23,Exchange / Trading Infrastructure,0.85,0.3333333333333333,1.0,0.2254821812236718,1.7786597775194715,2.730935112153139,1.7183069042775632,0.5,0.5,2.3359149345002397,1.1925260462983052,2.0
2025-01-23,Payments,0.7714285714285715,0.3333333333333333,2.0,0.12227675703152038,0.6021666888351392,3.8504015523659025,0.5418138155932309,0.75,0.75,1.569317905196999,1.555164885867507,4.0
2025-01-23,DeFi,0.7071428571428572,0.3333333333333333,3.0,-0.09979193341869386,0.9698225542843804,1.4488063275524272,0.9094696810424721,0.0,1.0,0.5308120650864526,0.5308120650864526,1.0
2025-02-06,Exchange / Trading Infrastructure,0.9583333333333334,0.3333333333333333,1.0,0.02635588056063387,1.5355664283025967,4.481692432872253,1.581277948069261,1.0,0.0,1.3701863553455467,1.3701863553455467,1.0
2025-02-06,Payments,0.7333333333333334,0.3333333333333333,2.0,-0.10824080108667844,-0.2553486566639732,2.2795773847857,-0.209637136897309,0.25,0.0,0.6196411994979263,0.5487147969424815,4.0
2025-02-06,Store of Value,0.6958333333333333,0.3333333333333333,3.0,-0.0039012828948963296,-0.04571151976666421,0.2612507381242808,0.0,0.0,0.0,0.036586050247408734,0.036586050247408734,1.0
2025-02-20,Payments,0.8500000000000002,0.3333333333333333,1.0,-0.1544766859496082,0.084854878743295,0.44122150447873665,0.05071139028614957,0.25,0.75,0.2266954671987645,0.19076639250572752,4.0
2025-02-20,Exchange / Trading Infrastructure,0.8458333333333333,0.3333333333333333,2.0,-0.3732189791119104,0.09418014972228916,2.0186542305129915,0.06003666126514373,0.0,0.0,0.24537540146332992,0.24537540146332992,1.0
2025-02-20,Store of Value,0.6125,0.3333333333333333,3.0,-0.0735707703059687,0.03414348845714543,-0.006718755886347405,0.0,0.0,1.0,-0.027886089793110205,-0.027886089793110205,1.0
2025-03-06,CASH,0.0,1.0,,,,,,,,,,
2025-03-20,CASH,0.0,1.0,,,,,,,,,,
2025-04-03,CASH,0.0,1.0,,,,,,,,,,
2025-04-17,CASH,0.0,1.0,,,,,,,,,,
2025-05-01,CASH,0.0,1.0,,,,,,,,,,
2025-05-15,Privacy,0.8642857142857143,0.3333333333333333,1.0,0.5743045426663298,0.6253581840270115,0.4810566402306804,0.37076871601359374,1.0,1.0,0.5709710545874044,0.5709710545874044,1.0
2025-05-15,Meme,0.7714285714285715,0.3333333333333333,2.0,0.6157325099894272,0.5652317478996286,0.048947198075368514,0.31064227988621085,1.0,1.0,0.8971994546780281,0.620443995817354,3.0
2025-05-15,Smart Contract Platform / L1,0.6357142857142857,0.3333333333333333,3.0,0.39813054255283226,0.303973408632052,-0.014859778948290658,0.04938394061863427,1.0,1.0,0.6852095548091233,0.5548223470453642,8.0
2025-05-29,Privacy,0.875,0.3333333333333333,1.0,0.346039939992806,0.5952792381291581,0.5937425717376756,0.2862378962833334,1.0,0.0,0.4703522557826855,0.4703522557826855,1.0
2025-05-29,Store of Value,0.7892857142857143,0.3333333333333333,2.0,0.13477318870269772,0.30904134184582466,0.2788768690399439,0.0,1.0,1.0,0.21587437071308505,0.21587437071308505,1.0
2025-05-29,Smart Contract Platform / L1,0.6892857142857143,0.3333333333333333,3.0,0.12576374307699678,0.24131836236767223,0.1256213011276496,-0.06772297947815242,1.0,0.375,0.42713524418981913,0.32741741722614465,8.0
2025-06-12,Store of Value,0.8714285714285714,0.3333333333333333,1.0,0.05640867471168076,0.29796706033585685,0.29387901623286106,0.0,1.0,1.0,0.17637025870316964,0.17637025870316964,1.0
2025-06-12,Privacy,0.8,0.3333333333333333,2.0,-0.0223871906275408,0.622817418353139,0.5677203362464274,0.3248503580172821,0.0,0.0,0.2891956974414568,0.2891956974414568,1.0
2025-06-12,Smart Contract Platform / L1,0.7214285714285714,0.3333333333333333,3.0,-0.07102581915241454,0.2630324207575402,0.1992054770915871,-0.03493463957831666,0.25,0.5,0.36882166931467014,0.272828725293096,8.0
2025-06-26,Exchange / Trading Infrastructure,0.85,0.3333333333333333,1.0,0.09433551325165905,0.2302564530817018,0.2084980020447245,0.0971845705870805,0.3333333333333333,0.3333333333333333,0.5719544739123802,0.28926893790069225,3.0
2025-06-26,Privacy,0.7928571428571428,0.3333333333333333,2.0,-0.2255447146242604,0.3523042711897231,0.42802980813256886,0.21923238869510175,0.0,0.0,0.0785248856713005,0.0785248856713005,1.0
2025-06-26,Store of Value,0.7142857142857143,0.3333333333333333,3.0,-0.019557774450441157,0.13307188249462132,0.2707942899050777,0.0,0.0,1.0,0.08430153550418136,0.08430153550418136,1.0
2025-07-10,Exchange / Trading Infrastructure,0.9178571428571428,0.3333333333333333,1.0,0.23610483699626028,0.2798502175171498,0.4084401185506049,0.2158475895369658,1.0,1.0,0.5335622644500162,0.28369550746339606,2.0
2025-07-10,Store of Value,0.7678571428571429,0.3333333333333333,2.0,0.0096675173044658,0.06400262798018397,0.3350865917834731,0.0,1.0,1.0,0.09105186540298271,0.09105186540298271,1.0
2025-07-10,Privacy,0.6785714285714286,0.3333333333333333,3.0,-0.024260687239603174,0.0004050446847714273,0.5764077472598321,-0.06359758329541254,0.0,1.0,0.10327271923759627,0.10327271923759627,1.0
2025-07-24,Payments,0.8833333333333333,0.3333333333333333,1.0,0.44874974192089623,0.30945912738079306,0.40672468956847235,0.20932414102232755,1.0,1.0,0.6206232301459036,0.5393542742178479,5.0
2025-07-24,Exchange / Trading Infrastructure,0.6833333333333333,0.3333333333333333,2.0,0.09057003331003304,0.26545845469764734,0.7195146128377746,0.16532346833918182,0.6666666666666666,0.3333333333333333,0.4095310872568536,0.3110662313488963,3.0
2025-07-24,Oracle / Middleware,0.5666666666666667,0.3333333333333333,3.0,0.4115518473987507,0.18523532860648184,0.207015113304025,0.08510034224801633,1.0,1.0,0.3027495449421249,0.3027495449421249,1.0
2025-08-07,DeFi,0.8607142857142857,0.3333333333333333,1.0,0.3139622893358247,0.5272568883854902,0.5943821824460345,0.43887202286453264,1.0,0.0,0.43403464767276634,0.43403464767276634,1.0
2025-08-07,Payments,0.825,0.3333333333333333,2.0,0.4022568367370864,0.41609676989482597,0.3092924115072927,0.3277119043738684,1.0,0.4,0.5368010929435544,0.49802186266881976,5.0
2025-08-07,Exchange / Trading Infrastructure,0.6,0.3333333333333333,3.0,0.03628847413166314,0.21391602451900513,0.42811997281751396,0.12553115899804754,0.3333333333333333,0.0,0.18204049608238493,0.17794459570232912,3.0
2025-08-21,Oracle / Middleware,0.9642857142857143,0.3333333333333333,1.0,0.3516884628190666,1.2204886060989586,0.5776417922036894,1.0952102902877956,1.0,1.0,0.6575191716799587,0.6575191716799587,1.0
2025-08-21,DeFi,0.7928571428571427,0.3333333333333333,2.0,-0.022974989556052705,0.6590764494325896,0.6509223917424602,0.5337981336214266,0.0,1.0,0.3164199184002426,0.3164199184002426,1.0
2025-08-21,Payments,0.6285714285714286,0.3333333333333333,3.0,-0.07065665345807817,0.5186752835090017,0.22884092883261534,0.3933969676978387,0.4,0.0,0.21003447780602671,0.21000393463645417,5.0
2025-09-04,Oracle / Middleware,0.9166666666666667,0.3333333333333333,1.0,0.38576561757282013,0.791554818064053,0.8321683088950431,0.7592675050658806,1.0,0.0,0.5967829159846346,0.5967829159846346,1.0
2025-09-04,Smart Contract Platform / L1,0.8666666666666667,0.3333333333333333,2.0,0.19136507179611192,0.6291324977776178,0.5273341042619171,0.5968451847794454,0.75,0.5,1.60566990650731,1.051136539461596,8.0
2025-09-04,Payments,0.6000000000000001,0.3333333333333333,3.0,-0.06838368934861258,0.34990396970324006,0.40956392952861675,0.3176166567050676,0.2,0.2,0.20710127470566986,0.19140619657265648,5.0
2025-09-18,Exchange / Trading Infrastructure,0.8583333333333333,0.3333333333333333,1.0,0.2525754993425827,0.3265385134029929,0.5500340357744783,0.33880026176854217,1.0,1.0,0.3706099178541028,0.33425611084708484,2.0
2025-09-18,Oracle / Middleware,0.7166666666666667,0.3333333333333333,2.0,-0.06793003482626925,0.3015203835795759,0.8352150277874781,0.31378213194512516,0.0,1.0,0.22353410321823375,0.22353410321823375,1.0
2025-09-18,Smart Contract Platform / L1,0.6583333333333333,0.3333333333333333,3.0,0.15840856295768146,0.2284172366375715,0.5834880640844314,0.24067898500312077,0.6666666666666666,0.7777777777777778,0.9127219413260088,0.6651692946102951,9.0
2025-10-02,Oracle / Middleware,0.8250000000000001,0.3333333333333333,1.0,0.00610386132369789,0.4381643503053676,0.6523403412321698,0.385315988549618,1.0,0.0,0.26496930399989316,0.26496930399989316,1.0
2025-10-02,Exchange / Trading Infrastructure,0.7250000000000001,0.3333333333333333,2.0,0.15374412692050032,0.3328170663633958,0.35966528338315973,0.2799687046076462,1.0,0.5,0.33353483954038393,0.24865024004590086,2.0
2025-10-02,Smart Contract Platform / L1,0.6416666666666667,0.3333333333333333,3.0,0.044902254937134435,0.22965342513953166,0.4606637409216627,0.17680506338378207,0.7777777777777778,0.2222222222222222,0.43410943402439245,0.39428652321386476,9.0
2025-10-16,CASH,0.0,1.0,,,,,,,,,,
2025-10-30,CASH,0.0,1.0,,,,,,,,,,
2025-11-13,CASH,0.0,1.0,,,,,,,,,,
2025-11-27,CASH,0.0,1.0,,,,,,,,,,
2025-12-11,CASH,0.0,1.0,,,,,,,,,,
2025-12-25,CASH,0.0,1.0,,,,,,,,,,
2026-01-08,CASH,0.0,1.0,,,,,,,,,,
2026-01-22,CASH,0.0,1.0,,,,,,,,,,
2026-02-05,CASH,0.0,1.0,,,,,,,,,,
2026-02-19,CASH,0.0,1.0,,,,,,,,,,
2026-03-05,CASH,0.0,1.0,,,,,,,,,,
2026-03-19,CASH,0.0,1.0,,,,,,,,,,
2026-04-02,CASH,0.0,1.0,,,,,,,,,,
2026-04-16,CASH,0.0,1.0,,,,,,,,,,
